# ************************************************************
# Sequel Pro SQL dump
# バージョン 4541
#
# http://www.sequelpro.com/
# https://github.com/sequelpro/sequelpro
#
# ホスト: 127.0.0.1 (MySQL 5.7.28)
# データベース: smiletracking
# 作成時刻: 2022-08-26 02:21:16 +0000
# ************************************************************


/*!40101 SET @OLD_CHARACTER_SET_CLIENT=@@CHARACTER_SET_CLIENT */;
/*!40101 SET @OLD_CHARACTER_SET_RESULTS=@@CHARACTER_SET_RESULTS */;
/*!40101 SET @OLD_COLLATION_CONNECTION=@@COLLATION_CONNECTION */;
/*!40101 SET NAMES utf8 */;
/*!40014 SET @OLD_FOREIGN_KEY_CHECKS=@@FOREIGN_KEY_CHECKS, FOREIGN_KEY_CHECKS=0 */;
/*!40101 SET @OLD_SQL_MODE=@@SQL_MODE, SQL_MODE='NO_AUTO_VALUE_ON_ZERO' */;
/*!40111 SET @OLD_SQL_NOTES=@@SQL_NOTES, SQL_NOTES=0 */;


# テーブルのダンプ categories
# ------------------------------------------------------------

DROP TABLE IF EXISTS `categories`;

CREATE TABLE `categories` (
  `id` bigint(20) unsigned NOT NULL AUTO_INCREMENT COMMENT 'カテゴリID',
  `events_id` bigint(20) unsigned NOT NULL COMMENT 'イベントID',
  `name` varchar(1024) NOT NULL DEFAULT '' COMMENT 'カテゴリー名',
  `view_name` varchar(1024) DEFAULT NULL COMMENT '表示名称',
  `note` text COMMENT '説明',
  `created_at` timestamp NULL DEFAULT NULL COMMENT '作成日時',
  `updated_at` timestamp NULL DEFAULT NULL COMMENT '更新日時',
  `deleted_at` timestamp NULL DEFAULT NULL COMMENT '削除日時',
  PRIMARY KEY (`id`),
  KEY `events_id` (`events_id`),
  CONSTRAINT `categories_ibfk_1` FOREIGN KEY (`events_id`) REFERENCES `events` (`id`)
) ENGINE=InnoDB DEFAULT CHARSET=utf8mb4 COMMENT='カテゴリ管理';

LOCK TABLES `categories` WRITE;
/*!40000 ALTER TABLE `categories` DISABLE KEYS */;

INSERT INTO `categories` (`id`, `events_id`, `name`, `view_name`, `note`, `created_at`, `updated_at`, `deleted_at`)
VALUES
	(1,3,'vip','VIP','VIP専用','2022-08-13 02:26:25','2022-08-13 02:26:25',NULL),
	(2,3,'business','ビジネス・メディア','ビジネス・メディア','2022-08-13 02:26:25','2022-08-13 02:26:25',NULL),
	(3,3,'standard','一般来場者','一般','2022-08-13 02:26:25','2022-08-13 02:26:25',NULL);

/*!40000 ALTER TABLE `categories` ENABLE KEYS */;
UNLOCK TABLES;


# テーブルのダンプ company
# ------------------------------------------------------------

DROP TABLE IF EXISTS `company`;

CREATE TABLE `company` (
  `id` bigint(20) unsigned NOT NULL AUTO_INCREMENT COMMENT '出展企業ID',
  `name` varchar(1024) NOT NULL DEFAULT '' COMMENT '企業・団体名',
  `tanto` varchar(128) NOT NULL DEFAULT '' COMMENT '担当者名',
  `zip` varchar(10) DEFAULT '' COMMENT '郵便番号',
  `address` varchar(1024) NOT NULL DEFAULT '' COMMENT '住所',
  `phone` varchar(24) NOT NULL DEFAULT '' COMMENT '電話番号',
  `email` varchar(128) NOT NULL DEFAULT '' COMMENT 'メールアドレス',
  `is_join` tinyint(1) NOT NULL DEFAULT '0' COMMENT '参加フラグ',
  `created_at` datetime NOT NULL DEFAULT CURRENT_TIMESTAMP COMMENT '作成日時',
  `updated_at` datetime NOT NULL DEFAULT CURRENT_TIMESTAMP COMMENT '更新日時',
  `is_deleetd` tinyint(1) NOT NULL DEFAULT '0' COMMENT '削除フラグ',
  `deleted_at` datetime DEFAULT NULL COMMENT '削除日時',
  PRIMARY KEY (`id`)
) ENGINE=InnoDB DEFAULT CHARSET=utf8 COMMENT='出展企業情報';



# テーブルのダンプ company_events_relation
# ------------------------------------------------------------

DROP TABLE IF EXISTS `company_events_relation`;

CREATE TABLE `company_events_relation` (
  `company_id` bigint(20) unsigned NOT NULL COMMENT '企業・団体名ID',
  `events_id` bigint(20) unsigned NOT NULL COMMENT 'イベントID',
  KEY `company_id` (`company_id`),
  KEY `events_id` (`events_id`),
  CONSTRAINT `company_events_relation_ibfk_1` FOREIGN KEY (`company_id`) REFERENCES `company` (`id`),
  CONSTRAINT `company_events_relation_ibfk_2` FOREIGN KEY (`events_id`) REFERENCES `events` (`id`)
) ENGINE=InnoDB DEFAULT CHARSET=utf8;



# テーブルのダンプ contents
# ------------------------------------------------------------

DROP TABLE IF EXISTS `contents`;

CREATE TABLE `contents` (
  `id` bigint(20) unsigned NOT NULL AUTO_INCREMENT COMMENT 'コンテンツID',
  `event_id` bigint(20) unsigned NOT NULL COMMENT 'イベントID',
  `title` varchar(1024) NOT NULL DEFAULT '' COMMENT 'タイトル',
  `is_require` tinyint(1) NOT NULL DEFAULT '0' COMMENT '必須有無',
  `tag` int(11) NOT NULL COMMENT 'HTMLタグ',
  `type` varchar(128) DEFAULT NULL COMMENT 'type',
  `name` varchar(1024) DEFAULT NULL COMMENT 'name',
  `class` varchar(1024) DEFAULT NULL COMMENT 'クラス名',
  `placeholder` varchar(1024) DEFAULT NULL COMMENT 'placeholder',
  `rows` varchar(128) DEFAULT NULL COMMENT 'textareaのrows',
  `number` int(11) NOT NULL COMMENT '順序',
  `created_at` datetime NOT NULL DEFAULT CURRENT_TIMESTAMP COMMENT '作成日時',
  `updated_at` datetime NOT NULL DEFAULT CURRENT_TIMESTAMP COMMENT '更新日時',
  `is_deleted` tinyint(1) NOT NULL DEFAULT '0' COMMENT '削除フラグ',
  `deleted_at` datetime DEFAULT NULL COMMENT '削除日時',
  PRIMARY KEY (`id`),
  KEY `event_id` (`event_id`),
  CONSTRAINT `contents_ibfk_1` FOREIGN KEY (`event_id`) REFERENCES `events` (`id`)
) ENGINE=InnoDB DEFAULT CHARSET=utf8 COMMENT='予約ページコンテンツ';



# テーブルのダンプ contents_validation
# ------------------------------------------------------------

DROP TABLE IF EXISTS `contents_validation`;

CREATE TABLE `contents_validation` (
  `id` bigint(20) unsigned NOT NULL AUTO_INCREMENT COMMENT 'バリデーションID',
  `contents_id` bigint(20) unsigned NOT NULL COMMENT 'コンテンツID',
  `rule` varchar(1024) NOT NULL DEFAULT '' COMMENT 'ルール',
  `message` varchar(2048) DEFAULT NULL COMMENT 'メッセージ',
  `created_at` datetime NOT NULL DEFAULT CURRENT_TIMESTAMP COMMENT '作成日時',
  `updated_at` datetime NOT NULL DEFAULT CURRENT_TIMESTAMP COMMENT '更新日時',
  `is_deleted` tinyint(1) NOT NULL DEFAULT '0' COMMENT '削除フラグ',
  `deleted_at` datetime DEFAULT NULL COMMENT '削除日時',
  PRIMARY KEY (`id`),
  KEY `contents_id` (`contents_id`),
  CONSTRAINT `contents_validation_ibfk_1` FOREIGN KEY (`contents_id`) REFERENCES `contents` (`id`)
) ENGINE=InnoDB DEFAULT CHARSET=utf8;



# テーブルのダンプ contents_values
# ------------------------------------------------------------

DROP TABLE IF EXISTS `contents_values`;

CREATE TABLE `contents_values` (
  `id` bigint(20) unsigned NOT NULL AUTO_INCREMENT COMMENT 'ID',
  `contents_id` bigint(20) unsigned NOT NULL COMMENT 'コンテンツID',
  `value` varchar(1024) NOT NULL DEFAULT '' COMMENT '値',
  `created_at` datetime NOT NULL DEFAULT CURRENT_TIMESTAMP COMMENT '作成日時',
  `updated_at` datetime NOT NULL DEFAULT CURRENT_TIMESTAMP COMMENT '更新日時',
  `is_deleted` tinyint(1) NOT NULL DEFAULT '0' COMMENT '削除フラグ',
  `deleted_at` datetime DEFAULT NULL COMMENT '削除日時',
  PRIMARY KEY (`id`),
  KEY `contents_id` (`contents_id`),
  CONSTRAINT `contents_values_ibfk_1` FOREIGN KEY (`contents_id`) REFERENCES `contents` (`id`)
) ENGINE=InnoDB DEFAULT CHARSET=utf8;



# テーブルのダンプ entries
# ------------------------------------------------------------

DROP TABLE IF EXISTS `entries`;

CREATE TABLE `entries` (
  `id` bigint(20) unsigned NOT NULL AUTO_INCREMENT COMMENT 'エントリーID',
  `users_id` bigint(20) unsigned NOT NULL COMMENT 'ユーザーID',
  `event_id` bigint(20) unsigned NOT NULL COMMENT 'イベントID',
  `categories_id` bigint(20) unsigned DEFAULT NULL COMMENT 'カテゴリーID',
  `code` varchar(128) DEFAULT NULL COMMENT 'コード',
  `values` text NOT NULL COMMENT 'エントリー内容（JSON）',
  `created_at` timestamp NULL DEFAULT NULL COMMENT '作成日時',
  `updated_at` timestamp NULL DEFAULT NULL COMMENT '更新日時',
  `deleted_at` timestamp NULL DEFAULT NULL COMMENT '削除日時',
  PRIMARY KEY (`id`),
  KEY `users_id` (`users_id`),
  KEY `event_id` (`event_id`),
  CONSTRAINT `entries_ibfk_1` FOREIGN KEY (`users_id`) REFERENCES `users` (`id`),
  CONSTRAINT `entries_ibfk_2` FOREIGN KEY (`event_id`) REFERENCES `events` (`id`)
) ENGINE=InnoDB DEFAULT CHARSET=utf8 COMMENT='エントリー情報';

LOCK TABLES `entries` WRITE;
/*!40000 ALTER TABLE `entries` DISABLE KEYS */;

INSERT INTO `entries` (`id`, `users_id`, `event_id`, `categories_id`, `code`, `values`, `created_at`, `updated_at`, `deleted_at`)
VALUES
	(1,2,1,NULL,'TLQ3184','{\n  \"1\":{\n      \"title\":\"お名前\",\n      \"value\":\"大阪太郎\"\n  },\n  \"2\":{\n      \"title\":\"お名前（かな）\",\n      \"value\":\"オオサカタロウ\"\n      },\n  \"3\":{\n    \"title\":\"性別\",\n    \"value\":\"男\"\n      },\n  \"5\":{\n      \"title\":\"生年月日\",\n      \"value\":\"1999-06-10\"\n      },\n  \"6\":{\n      \"title\":\"郵便番号\",\n      \"value\":\"651-0094\"\n      },\n  \"7\":{\n      \"title\":\"都道府県\",\n      \"value\":\"兵庫県\"\n      },\n  \"8\":{\n      \"title\":\"市区町村\",\n      \"value\":\"神戸市中央区琴ノ緒町１−２−３\"\n  },\n  \"9\":{\n      \"title\":\"住所（その他）\",\n      \"value\":null\n  },\n  \"11\":{\n      \"title\":\"メールアドレス\",\n      \"value\":\"test002@bitlabo.jp\"\n  },\n  \"12\":{\n      \"title\":\"電話番号\",\n      \"value\":null\n  },\n  \"13\":{\n      \"title\":\"在籍区分\",\n      \"value\":\"大学\"\n  },\n  \"14\":{\n      \"title\":\"学校名\",\n      \"value\":\"テスト大学\"\n  },\n  \"15\":{\n      \"title\":\"学部\",\n      \"value\":null\n  },\n  \"16\":{\n      \"title\":\"学年\",\n      \"value\":\"4年生\"\n  },\n  \"17\":{\n      \"title\":\"卒業(見込)年度\",\n      \"value\":\"2021年卒業予定\"\n  },\n  \"18\":{\n      \"title\":\"このイベントを何で知りましたか（紹介者）\",\n      \"value\":null\n  },\n  \"20\":{\n      \"title\":\"備考欄\",\n      \"value\":null\n  }\n}','2021-09-28 00:09:40','2021-09-28 00:09:44',NULL),
	(2,285,3,3,'OBP4310','{\n    \"name\": \"楠原淳範\",\n    \"kname\": \"クスハラアツノリ\",\n    \"company_name\": \"BitLabo\",\n    \"division_name\": null,\n    \"zip\": \"5370023\",\n    \"address1\": \"大阪府大阪市東成区玉津\",\n    \"address2\": null,\n    \"email\": \"akusuhara@bitlabo.jp\",\n    \"email_confirmation\": \"akusuhara@bitlabo.jp\",\n    \"know\": \"メディア\"\n}','2022-08-19 11:35:50','2022-08-19 11:35:50',NULL),
	(3,286,3,3,'FLO9416','{\n    \"お名前\": \"楠原淳範\",\n    \"フリガナ\": \"クスハラアツノリ\",\n    \"会社名\": \"BitLabo\",\n    \"部署名\": null,\n    \"郵便番号\": \"5370023\",\n    \"住所\": \"大阪府大阪市東成区玉津\",\n    \"マンション名など\": null,\n    \"メールアドレス\": \"akusuhara@bitlabo.jp\",\n    \"メールアドレス(確認用)\": \"akusuhara@bitlabo.jp\",\n    \"どこで知りましたか\": \"メディア\"\n}','2022-08-19 11:37:01','2022-08-19 11:37:01',NULL),
	(4,287,3,3,'NER5218','{\n    \"お名前\": \"楠原淳範\",\n    \"フリガナ\": \"クスハラアツノリ\",\n    \"会社名\": \"BitLabo\",\n    \"部署名\": null,\n    \"郵便番号\": \"5370023\",\n    \"住所\": \"大阪府大阪市東成区玉津\",\n    \"マンション名など\": null,\n    \"メールアドレス\": \"akusuhara@bitlabo.jp\",\n    \"メールアドレス(確認用)\": \"akusuhara@bitlabo.jp\",\n    \"どこで知りましたか\": \"メディア\"\n}','2022-08-19 11:45:02','2022-08-19 11:45:02',NULL),
	(5,288,3,3,'DFI1352','{\n    \"お名前\": \"楠原淳範\",\n    \"フリガナ\": \"クスハラアツノリ\",\n    \"会社名\": \"BitLabo\",\n    \"部署名\": null,\n    \"郵便番号\": \"5370023\",\n    \"住所\": \"大阪府大阪市東成区玉津\",\n    \"マンション名など\": null,\n    \"メールアドレス\": \"akusuhara@bitlabo.jp\",\n    \"メールアドレス(確認用)\": \"akusuhara@bitlabo.jp\",\n    \"どこで知りましたか\": \"メディア\"\n}','2022-08-19 11:46:57','2022-08-19 11:46:57',NULL),
	(6,289,3,3,'TVU6340','{\n    \"お名前\": \"楠原淳範\",\n    \"フリガナ\": \"クスハラアツノリ\",\n    \"会社名\": \"BitLabo\",\n    \"部署名\": null,\n    \"郵便番号\": \"5370023\",\n    \"住所\": \"大阪府大阪市東成区玉津\",\n    \"マンション名など\": null,\n    \"メールアドレス\": \"akusuhara@bitlabo.jp\",\n    \"メールアドレス(確認用)\": \"akusuhara@bitlabo.jp\",\n    \"どこで知りましたか\": \"メディア\"\n}','2022-08-19 11:49:21','2022-08-19 11:49:21',NULL),
	(7,290,3,1,'PYS0947','{\n    \"お名前\": \"楠原淳範\",\n    \"フリガナ\": \"クスハラアツノリ\",\n    \"会社名\": \"BitLabo\",\n    \"部署名\": null,\n    \"郵便番号\": \"5370021\",\n    \"住所\": \"大阪府大阪市東成区東中本\",\n    \"マンション名など\": null,\n    \"メールアドレス\": \"akusuhara@bitlabo.jp\",\n    \"メールアドレス(確認用)\": \"akusuhara@bitlabo.jp\",\n    \"どこで知りましたか\": \"メディア\"\n}','2022-08-19 13:21:11','2022-08-19 13:21:11',NULL);

/*!40000 ALTER TABLE `entries` ENABLE KEYS */;
UNLOCK TABLES;


# テーブルのダンプ entries_item
# ------------------------------------------------------------

DROP TABLE IF EXISTS `entries_item`;

CREATE TABLE `entries_item` (
  `id` bigint(20) unsigned NOT NULL AUTO_INCREMENT COMMENT 'エントリー項目ID',
  `event_id` bigint(20) unsigned NOT NULL COMMENT 'イベントID',
  `categories_id` bigint(20) unsigned DEFAULT NULL COMMENT 'カテゴリID',
  `name` varchar(128) DEFAULT NULL COMMENT '要素名',
  `title` varchar(2048) NOT NULL DEFAULT '' COMMENT 'タイトル',
  `placeholder` varchar(2048) DEFAULT NULL COMMENT 'placeholder',
  `style_id` bigint(20) unsigned NOT NULL COMMENT '型ID',
  `digits` int(11) DEFAULT NULL COMMENT '桁数',
  `is_required` tinyint(1) DEFAULT NULL COMMENT '必須条件',
  `is_confirmed` tinyint(1) DEFAULT NULL,
  `regex_katakana` tinyint(1) DEFAULT NULL COMMENT 'カタカナ',
  `regex_english` tinyint(1) DEFAULT NULL,
  `regex_hiragana` tinyint(1) DEFAULT NULL COMMENT 'カタカナ',
  `sort_no` int(11) NOT NULL COMMENT '表示順',
  `is_list_view` tinyint(1) DEFAULT NULL COMMENT '管理画面のリスト表示',
  `created_at` timestamp NULL DEFAULT NULL COMMENT '作成日時',
  `updated_at` timestamp NULL DEFAULT NULL COMMENT '更新日時',
  `deleted_at` timestamp NULL DEFAULT NULL COMMENT '削除日時',
  PRIMARY KEY (`id`),
  KEY `event_id` (`event_id`),
  KEY `style_id` (`style_id`),
  CONSTRAINT `entries_item_ibfk_1` FOREIGN KEY (`event_id`) REFERENCES `events` (`id`),
  CONSTRAINT `entries_item_ibfk_2` FOREIGN KEY (`style_id`) REFERENCES `entries_item_style` (`id`)
) ENGINE=InnoDB DEFAULT CHARSET=utf8 COMMENT='エントリー項目';

LOCK TABLES `entries_item` WRITE;
/*!40000 ALTER TABLE `entries_item` DISABLE KEYS */;

INSERT INTO `entries_item` (`id`, `event_id`, `categories_id`, `name`, `title`, `placeholder`, `style_id`, `digits`, `is_required`, `is_confirmed`, `regex_katakana`, `regex_english`, `regex_hiragana`, `sort_no`, `is_list_view`, `created_at`, `updated_at`, `deleted_at`)
VALUES
	(1,1,NULL,NULL,'お名前',NULL,1,128,1,NULL,NULL,NULL,NULL,1,1,'2021-09-28 00:01:48','2021-09-28 00:01:48',NULL),
	(2,1,NULL,NULL,'お名前（カナ）',NULL,1,128,1,NULL,NULL,NULL,NULL,2,1,'2021-09-28 00:02:32','2021-09-28 00:02:32',NULL),
	(3,1,NULL,NULL,'性別',NULL,4,NULL,1,NULL,NULL,NULL,NULL,3,1,'2021-09-28 00:07:21','2021-09-28 00:07:21',NULL),
	(5,1,NULL,NULL,'生年月日',NULL,3,NULL,1,NULL,NULL,NULL,NULL,4,NULL,'2021-09-28 00:07:21','2021-09-28 00:07:21',NULL),
	(6,1,NULL,NULL,'郵便番号',NULL,1,8,1,NULL,NULL,NULL,NULL,5,NULL,'2021-09-28 00:07:21','2021-09-28 00:07:21',NULL),
	(7,1,NULL,NULL,'都道府県',NULL,4,NULL,1,NULL,NULL,NULL,NULL,6,1,'2021-09-28 00:07:21','2021-09-28 00:07:21',NULL),
	(8,1,NULL,NULL,'ご住所',NULL,1,1024,1,NULL,NULL,NULL,NULL,7,1,'2021-09-28 00:07:21','2021-09-28 00:07:21',NULL),
	(9,1,NULL,NULL,'マンション名など',NULL,1,1024,NULL,NULL,NULL,NULL,NULL,8,1,'2021-09-28 00:07:21','2021-09-28 00:07:21',NULL),
	(11,1,NULL,NULL,'メールアドレス',NULL,8,128,1,NULL,NULL,NULL,NULL,9,NULL,'2021-09-28 00:07:21','2021-09-28 00:07:21',NULL),
	(12,1,NULL,NULL,'電話番号',NULL,1,16,NULL,NULL,NULL,NULL,NULL,10,NULL,'2021-09-28 00:07:21','2021-09-28 00:07:21',NULL),
	(13,1,NULL,NULL,'在籍区分',NULL,4,NULL,1,NULL,NULL,NULL,NULL,11,NULL,'2021-09-28 00:07:21','2021-09-28 00:07:21',NULL),
	(14,1,NULL,NULL,'学校名',NULL,1,128,1,NULL,NULL,NULL,NULL,12,1,'2021-09-28 00:07:21','2021-09-28 00:07:21',NULL),
	(15,1,NULL,NULL,'学部',NULL,1,1024,NULL,NULL,NULL,NULL,NULL,13,NULL,'2021-09-28 00:07:21','2021-09-28 00:07:21',NULL),
	(16,1,NULL,NULL,'学年',NULL,1,16,1,NULL,NULL,NULL,NULL,14,NULL,'2021-09-28 00:07:21','2021-09-28 00:07:21',NULL),
	(17,1,NULL,NULL,'卒業(見込)年度',NULL,1,24,1,NULL,NULL,NULL,NULL,15,1,'2021-09-28 00:07:21','2021-09-28 00:07:21',NULL),
	(18,1,NULL,NULL,'このイベントを何で知りましたか（紹介者）',NULL,4,NULL,1,NULL,NULL,NULL,NULL,16,NULL,'2021-09-28 00:07:21','2021-09-28 00:07:21',NULL),
	(20,1,NULL,NULL,'備考欄',NULL,9,NULL,NULL,NULL,NULL,NULL,NULL,17,NULL,'2021-09-28 00:07:21','2021-09-28 00:07:21',NULL),
	(22,3,3,'name','お名前','お名前',1,128,1,NULL,NULL,NULL,NULL,1,NULL,'2022-08-18 00:56:24','2022-08-18 00:56:24',NULL),
	(23,3,3,'kname','フリガナ','フリガナ',1,128,1,NULL,1,NULL,NULL,2,NULL,'2022-08-18 00:56:24','2022-08-18 00:56:24',NULL),
	(24,3,3,'company_name','会社名','会社名',1,128,1,NULL,NULL,NULL,NULL,3,NULL,'2022-08-18 00:56:24','2022-08-18 00:56:24',NULL),
	(25,3,3,'division_name','部署名','部署名',1,128,NULL,NULL,NULL,NULL,NULL,4,NULL,'2022-08-18 00:56:24','2022-08-18 00:56:24',NULL),
	(27,3,3,'zip','郵便番号','000-0000',10,8,1,NULL,NULL,NULL,NULL,5,NULL,'2022-08-18 00:56:24','2022-08-18 00:56:24',NULL),
	(28,3,3,'address1','住所','住所',1,1024,1,NULL,NULL,NULL,NULL,6,NULL,'2022-08-18 00:56:24','2022-08-18 00:56:24',NULL),
	(29,3,3,'address2','マンション名など','マンション名など',1,1024,NULL,NULL,NULL,NULL,NULL,7,NULL,'2022-08-18 00:56:24','2022-08-18 00:56:24',NULL),
	(30,3,3,'email','メールアドレス','メールアドレス',1,1024,1,1,NULL,NULL,NULL,8,NULL,'2022-08-18 00:56:24','2022-08-18 00:56:24',NULL),
	(31,3,3,'email_confirmation','メールアドレス(確認用)','メールアドレス(確認用)',1,1024,1,NULL,NULL,NULL,NULL,9,NULL,'2022-08-18 00:56:24','2022-08-18 00:56:24',NULL),
	(32,3,3,'know','どこで知りましたか','どこで知りましたか',4,1024,1,NULL,NULL,NULL,NULL,10,NULL,'2022-08-18 00:56:24','2022-08-18 00:56:24',NULL),
	(33,3,1,'name','お名前','お名前',1,128,1,NULL,NULL,NULL,NULL,1,NULL,'2022-08-18 00:56:24','2022-08-18 00:56:24',NULL),
	(34,3,1,'kname','フリガナ','フリガナ',1,128,1,NULL,1,NULL,NULL,2,NULL,'2022-08-18 00:56:24','2022-08-18 00:56:24',NULL),
	(35,3,1,'company_name','会社名','会社名',1,128,1,NULL,NULL,NULL,NULL,3,NULL,'2022-08-18 00:56:24','2022-08-18 00:56:24',NULL),
	(36,3,1,'division_name','部署名','部署名',1,128,NULL,NULL,NULL,NULL,NULL,4,NULL,'2022-08-18 00:56:24','2022-08-18 00:56:24',NULL),
	(37,3,1,'zip','郵便番号','000-0000',10,8,1,NULL,NULL,NULL,NULL,5,NULL,'2022-08-18 00:56:24','2022-08-18 00:56:24',NULL),
	(38,3,1,'address1','住所','住所',1,1024,1,NULL,NULL,NULL,NULL,6,NULL,'2022-08-18 00:56:24','2022-08-18 00:56:24',NULL),
	(39,3,1,'address2','マンション名など','マンション名など',1,1024,NULL,NULL,NULL,NULL,NULL,7,NULL,'2022-08-18 00:56:24','2022-08-18 00:56:24',NULL),
	(40,3,1,'email','メールアドレス','メールアドレス',1,1024,1,1,NULL,NULL,NULL,8,NULL,'2022-08-18 00:56:24','2022-08-18 00:56:24',NULL),
	(41,3,1,'email_confirmation','メールアドレス(確認用)','メールアドレス(確認用)',1,1024,1,NULL,NULL,NULL,NULL,9,NULL,'2022-08-18 00:56:24','2022-08-18 00:56:24',NULL),
	(42,3,1,'know','どこで知りましたか','どこで知りましたか',4,1024,1,NULL,NULL,NULL,NULL,10,NULL,'2022-08-18 00:56:24','2022-08-18 00:56:24',NULL),
	(43,3,2,'name','お名前','お名前',1,128,1,NULL,NULL,NULL,NULL,3,NULL,'2022-08-18 00:56:24','2022-08-18 00:56:24',NULL),
	(44,3,2,'kname','フリガナ','フリガナ',1,128,1,NULL,1,NULL,NULL,4,NULL,'2022-08-18 00:56:24','2022-08-18 00:56:24',NULL),
	(45,3,2,'company_name','会社名','会社名',1,128,1,NULL,NULL,NULL,NULL,5,NULL,'2022-08-18 00:56:24','2022-08-18 00:56:24',NULL),
	(46,3,2,'division_name','部署名','部署名',1,128,NULL,NULL,NULL,NULL,NULL,6,NULL,'2022-08-18 00:56:24','2022-08-18 00:56:24',NULL),
	(47,3,2,'zip','郵便番号','000-0000',10,8,1,NULL,NULL,NULL,NULL,7,NULL,'2022-08-18 00:56:24','2022-08-18 00:56:24',NULL),
	(48,3,2,'address1','住所','住所',1,1024,1,NULL,NULL,NULL,NULL,8,NULL,'2022-08-18 00:56:24','2022-08-18 00:56:24',NULL),
	(49,3,2,'address2','マンション名など','マンション名など',1,1024,NULL,NULL,NULL,NULL,NULL,9,NULL,'2022-08-18 00:56:24','2022-08-18 00:56:24',NULL),
	(50,3,2,'email','メールアドレス','メールアドレス',1,1024,1,1,NULL,NULL,NULL,10,NULL,'2022-08-18 00:56:24','2022-08-18 00:56:24',NULL),
	(51,3,2,'email_confirmation','メールアドレス(確認用)','メールアドレス(確認用)',1,1024,1,NULL,NULL,NULL,NULL,11,NULL,'2022-08-18 00:56:24','2022-08-18 00:56:24',NULL),
	(52,3,2,'know','どこで知りましたか','どこで知りましたか',4,1024,1,NULL,NULL,NULL,NULL,12,NULL,'2022-08-18 00:56:24','2022-08-18 00:56:24',NULL),
	(53,3,2,'category','カテゴリ','カテゴリ',5,128,1,NULL,NULL,NULL,NULL,1,NULL,'2022-08-18 00:56:24','2022-08-18 00:56:24',NULL),
	(54,3,2,'sub_category','詳細カテゴリ','詳細カテゴリ',5,128,1,NULL,NULL,NULL,NULL,2,NULL,'2022-08-18 00:56:24','2022-08-18 00:56:24',NULL);

/*!40000 ALTER TABLE `entries_item` ENABLE KEYS */;
UNLOCK TABLES;


# テーブルのダンプ entries_item_options
# ------------------------------------------------------------

DROP TABLE IF EXISTS `entries_item_options`;

CREATE TABLE `entries_item_options` (
  `id` bigint(20) unsigned NOT NULL AUTO_INCREMENT COMMENT 'オプションID',
  `entries_item_id` bigint(20) unsigned NOT NULL COMMENT 'エントリー項目ID',
  `title` varchar(2048) NOT NULL DEFAULT '' COMMENT 'オプション名',
  `sort_no` int(11) DEFAULT NULL,
  `created_at` timestamp NULL DEFAULT NULL COMMENT '作成日時',
  `updated_at` timestamp NULL DEFAULT NULL COMMENT '更新日時',
  `deleted_at` timestamp NULL DEFAULT NULL COMMENT '削除日時',
  PRIMARY KEY (`id`),
  KEY `entries_item_id` (`entries_item_id`),
  CONSTRAINT `entries_item_options_ibfk_1` FOREIGN KEY (`entries_item_id`) REFERENCES `entries_item` (`id`)
) ENGINE=InnoDB DEFAULT CHARSET=utf8 COMMENT='エントリー項目オプション';

LOCK TABLES `entries_item_options` WRITE;
/*!40000 ALTER TABLE `entries_item_options` DISABLE KEYS */;

INSERT INTO `entries_item_options` (`id`, `entries_item_id`, `title`, `sort_no`, `created_at`, `updated_at`, `deleted_at`)
VALUES
	(1,3,'男性',1,'2021-09-28 01:27:19','2021-09-28 01:27:19',NULL),
	(2,3,'女性',2,'2021-09-28 01:27:19','2021-09-28 01:27:19',NULL),
	(3,3,'未回答',3,'2021-09-28 01:27:19','2021-09-28 01:27:19',NULL),
	(4,13,'大学',1,'2021-09-28 01:27:19','2021-09-28 01:27:19',NULL),
	(5,13,'短大・専門学校',2,'2021-09-28 01:27:19','2021-09-28 01:27:19',NULL),
	(6,32,'ネット',1,'2022-08-18 00:56:24','2022-08-18 00:56:24',NULL),
	(7,32,'メディア',2,'2022-08-18 00:56:24','2022-08-18 00:56:24',NULL),
	(8,32,'新聞',2,'2022-08-18 00:56:24','2022-08-18 00:56:24',NULL),
	(9,42,'ネット',1,'2022-08-18 00:56:24','2022-08-18 00:56:24',NULL),
	(10,42,'メディア',2,'2022-08-18 00:56:24','2022-08-18 00:56:24',NULL),
	(11,42,'新聞',2,'2022-08-18 00:56:24','2022-08-18 00:56:24',NULL);

/*!40000 ALTER TABLE `entries_item_options` ENABLE KEYS */;
UNLOCK TABLES;


# テーブルのダンプ entries_item_style
# ------------------------------------------------------------

DROP TABLE IF EXISTS `entries_item_style`;

CREATE TABLE `entries_item_style` (
  `id` bigint(20) unsigned NOT NULL AUTO_INCREMENT COMMENT '型ID',
  `name` varchar(128) NOT NULL DEFAULT '' COMMENT '型名',
  `type` varchar(128) DEFAULT NULL,
  `class` varchar(128) DEFAULT NULL,
  `is_option` tinyint(1) DEFAULT NULL COMMENT 'オプション有無',
  `created_at` timestamp NULL DEFAULT NULL COMMENT '作成日時',
  `updated_at` timestamp NULL DEFAULT NULL COMMENT '更新日時',
  `deleted_at` timestamp NULL DEFAULT NULL COMMENT '削除日時',
  PRIMARY KEY (`id`)
) ENGINE=InnoDB DEFAULT CHARSET=utf8;

LOCK TABLES `entries_item_style` WRITE;
/*!40000 ALTER TABLE `entries_item_style` DISABLE KEYS */;

INSERT INTO `entries_item_style` (`id`, `name`, `type`, `class`, `is_option`, `created_at`, `updated_at`, `deleted_at`)
VALUES
	(1,'テキスト','text',NULL,NULL,'2021-09-27 09:50:19','2021-09-27 09:50:19',NULL),
	(2,'数値','number',NULL,NULL,'2021-09-27 09:50:19','2021-09-27 09:50:19',NULL),
	(3,'日時','date',NULL,NULL,'2021-09-27 09:50:19','2021-09-27 09:50:19',NULL),
	(4,'セレクトボックス','',NULL,1,'2021-09-27 09:50:19','2021-09-27 09:50:19',NULL),
	(5,'ラジオボタン',NULL,NULL,1,'2021-09-27 09:50:19','2021-09-27 09:50:19',NULL),
	(6,'チェックボックス',NULL,NULL,1,'2021-09-27 09:50:19','2021-09-27 09:50:19',NULL),
	(7,'複数チェックボックス',NULL,NULL,1,'2021-09-27 09:50:19','2021-09-27 09:50:19',NULL),
	(8,'メールアドレス','mail',NULL,NULL,'2021-09-27 09:50:19','2021-09-27 09:50:19',NULL),
	(9,'テキストエリア',NULL,NULL,NULL,'2021-09-27 09:50:19','2021-09-27 09:50:19',NULL),
	(10,'郵便番号','text','yubin',NULL,'2021-09-27 09:50:19','2021-09-27 09:50:19',NULL);

/*!40000 ALTER TABLE `entries_item_style` ENABLE KEYS */;
UNLOCK TABLES;


# テーブルのダンプ entry
# ------------------------------------------------------------

DROP TABLE IF EXISTS `entry`;

CREATE TABLE `entry` (
  `id` bigint(20) unsigned NOT NULL AUTO_INCREMENT,
  `event_id` bigint(20) unsigned NOT NULL COMMENT 'イベントID',
  `users_id` bigint(20) unsigned NOT NULL COMMENT 'ユーザーID',
  `code` varchar(8) NOT NULL COMMENT '予約コード',
  `name` varchar(255) NOT NULL DEFAULT '' COMMENT '氏名',
  `kname` varchar(255) NOT NULL DEFAULT '' COMMENT '氏名（カナ）',
  `gender` tinyint(1) NOT NULL COMMENT '（１：男性、２：女性、０：未回答）',
  `birth` date NOT NULL COMMENT '生年月日',
  `zip` varchar(8) DEFAULT '' COMMENT '郵便番号',
  `address1` varchar(128) DEFAULT '' COMMENT '都道府県',
  `address2` varchar(1024) DEFAULT '' COMMENT '住所',
  `address3` varchar(1024) DEFAULT NULL COMMENT '住所（マンション名など）',
  `email` varchar(255) NOT NULL DEFAULT '' COMMENT 'メールアドレス',
  `phone` varchar(16) DEFAULT NULL COMMENT '電話番号',
  `division` varchar(64) NOT NULL DEFAULT '' COMMENT '在籍区分（１：大学、２：大学院、３：短大・専門学校、４：既卒、９：その他）',
  `school` varchar(128) NOT NULL DEFAULT '' COMMENT '学校名',
  `gakubu` varchar(128) DEFAULT NULL COMMENT '学部',
  `school_year` varchar(64) NOT NULL DEFAULT '' COMMENT '学年',
  `graduate_year` varchar(64) NOT NULL DEFAULT '' COMMENT '卒業見込み年度',
  `note` text COMMENT '備考欄',
  `introduction` varchar(1024) DEFAULT NULL COMMENT 'このイベントを何で知りましたか',
  `created_at` datetime NOT NULL DEFAULT CURRENT_TIMESTAMP COMMENT '作成日時',
  `updated_at` datetime NOT NULL DEFAULT CURRENT_TIMESTAMP COMMENT '更新日時',
  `is_deleted` tinyint(1) NOT NULL DEFAULT '0' COMMENT '削除フラグ',
  `deleted_at` datetime DEFAULT NULL COMMENT '削除日時',
  PRIMARY KEY (`id`),
  KEY `users_id` (`users_id`),
  KEY `code` (`code`),
  CONSTRAINT `entry_ibfk_1` FOREIGN KEY (`users_id`) REFERENCES `users` (`id`)
) ENGINE=InnoDB DEFAULT CHARSET=utf8 COMMENT='エントリー管理';

LOCK TABLES `entry` WRITE;
/*!40000 ALTER TABLE `entry` DISABLE KEYS */;

INSERT INTO `entry` (`id`, `event_id`, `users_id`, `code`, `name`, `kname`, `gender`, `birth`, `zip`, `address1`, `address2`, `address3`, `email`, `phone`, `division`, `school`, `gakubu`, `school_year`, `graduate_year`, `note`, `introduction`, `created_at`, `updated_at`, `is_deleted`, `deleted_at`)
VALUES
	(1,1,2,'TLQ3184','大阪太郎','オオサカタロウ',1,'1999-06-10','651-0094','兵庫県','神戸市中央区琴ノ緒町１−２−３',NULL,'test002@bitlabo.jp',NULL,'大学','テスト大学',NULL,'4年生','2021年卒業予定',NULL,NULL,'2021-03-01 06:47:31','2021-03-01 06:47:31',0,NULL),
	(2,1,44,'AIJ5831','沼田 裕紀子','ヌマタ ユキコ',2,'1999-07-09','654-0162','兵庫県','神戸市須磨区神の谷2-11-7','','yukiko.numata.189@gmail.com','09039978728','大学','神戸女学院大学','人間科学部環境・バイオサイエンス学科','3年生','2022年卒業見込','',NULL,'2021-03-02 11:11:58','2021-03-02 11:11:58',0,NULL),
	(3,1,45,'JCM4582','徳岡 奏美','トクオカ カナミ',2,'2001-04-16','658-0032','兵庫県','神戸市東灘区向洋町中7丁目1番地6','','tokuoka0416@icloud.com','','短大・専門学校','神戸女子短期大学','食物栄養学科','1年生','2022年卒業見込','',NULL,'2021-03-02 11:11:58','2021-03-02 11:11:58',0,NULL),
	(4,1,46,'UQY0587','佐山真雅','サヤマシンガ',1,'1998-10-12','658-0012','兵庫県','神戸市東灘区本庄町2-1-1','本山東パークホームズ602','zw18112a@otemae.ac.jp','09060633616','大学','大手前大学','現代社会学部','3年生','2022年卒業見込','',NULL,'2021-03-02 11:11:58','2021-03-02 11:11:58',0,NULL),
	(5,1,47,'ZCV2546','村上真梨子','ムラカミマリコ',2,'2000-02-12','662-0863','兵庫県','西宮市室川町12-8','','mario21200@gmail.com','','大学','神戸松蔭女子学院大学','','3年生','2022年卒業見込','',NULL,'2021-03-02 11:11:59','2021-03-02 11:11:59',0,NULL),
	(6,1,48,'JVC7458','山口　健太','ヤマグチ　ケンタ',1,'1999-06-03','565-0804','大阪府','吹田市新芦屋上13-8','ライオンズマンション103号','yanki_dori@icloud.com','09038448144','大学','関西学院大学','商学部','3年生','2022年卒業見込','',NULL,'2021-03-02 11:11:59','2021-03-02 11:11:59',0,NULL),
	(7,1,49,'BXL6750','石崎翔大','イシザキショウタ',1,'1999-09-04','6430403','兵庫県','三木市末広一丁目6-51','','saki1430@icloud.con','','大学','神戸学院大学','経済学部','3年生','2022年卒業見込','',NULL,'2021-03-02 11:12:00','2021-03-02 11:12:00',0,NULL),
	(8,1,50,'RJH4189','能津 帆乃花','ノウヅ ホノカ',2,'1999-06-24','670-0086','兵庫県','姫路市田寺4丁目8-55','','a1418036@kuins.ac.jp','','大学','関西国際大学','現代社会学部','3年生','2022年卒業見込','',NULL,'2021-03-02 11:12:00','2021-03-02 11:12:00',0,NULL),
	(9,1,51,'CXE2850','武内仁志','タケウチヒトシ',1,'2000-01-25','675-0011','兵庫県','加古川市野口町北野1-1','ローズヴィラ東加古川301号','takeuchi0125@icloud.com','08014527504','大学','甲南大学','経済学部','3年生','2022年卒業見込','',NULL,'2021-03-02 11:12:01','2021-03-02 11:12:01',0,NULL),
	(10,1,52,'WJT6472','森重　雄大','モリシゲ　タケヒロ',1,'1999-05-14','547-0016','大阪府','大阪市平野区長吉長原3-16-10','スタシオン鴫501号室','lttpu246@s.kobegakuin.ac.jp','07023224751','大学','神戸学院大学','法学部法律学科','3年生','2022年卒業見込','',NULL,'2021-03-02 11:12:01','2021-03-02 11:12:01',0,NULL),
	(11,1,53,'LWA2854','山根直也','ヤマネナオヤ',1,'2000-03-09','665-0003','兵庫県','宝塚市湯本町9-12','ファミール宝塚504号室','ht18a106@oecu.jp','09059714762','大学','大阪電気通信大学','総合情報学部情報学科','3年生','2022年卒業見込','',NULL,'2021-03-02 11:12:02','2021-03-02 11:12:02',0,NULL),
	(12,1,54,'HTB7632','増田綾乃','マスダアヤノ',2,'2000-02-27','679-2124','兵庫県','姫路市豊富町甲丘4-130','','maho_120227@yahoo.co.jp','08083059426','大学','神戸芸術工科大学','芸術工学部・ビジュアルデザイン科','3年生','2022年卒業見込','',NULL,'2021-03-02 11:12:02','2021-03-02 11:12:02',0,NULL),
	(13,1,55,'EXK0841','木寅尚','キトラナオ',1,'2000-03-13','657-0043','兵庫県','神戸市灘区大石東町','パークスクエア大石東町618号室','ktrsama.313@gmail.com','086227697','大学','流通科学大学','人間社会学部','3年生','2022年卒業見込','',NULL,'2021-03-02 11:12:03','2021-03-02 11:12:03',0,NULL),
	(14,1,56,'VSQ5349','谷口 萌','タニグチ モエ',2,'2000-03-23','664-0831','兵庫県','伊丹市北伊丹4-39-1-404','','ssttm135@s.kobegakuin.ac.jp','','大学','神戸学院大学','','3年生','2022年卒業見込','',NULL,'2021-03-02 11:12:03','2021-03-02 11:12:03',0,NULL),
	(15,1,57,'ZGP5476','松本 昂士','マツモト タカシ',1,'1999-10-29','678-0031','兵庫県','相生市旭6-63','','g1843690@cc.kyoto-su.ac.jp','07022827782','大学','京都産業大学','外国語学部','3年生','2022年卒業見込','',NULL,'2021-03-02 11:12:04','2021-03-02 11:12:04',0,NULL),
	(16,1,58,'TBY3918','黒岩華','クロイワハナ',2,'1999-06-15','652-0016','兵庫県','神戸市兵庫区馬場町15-16-2','','nissyyy2424@gmail.com','08037873216','大学','流通科学大学','商学部経営学科','3年生','2022年卒業見込','',NULL,'2021-03-02 11:12:04','2021-03-02 11:12:04',0,NULL),
	(17,1,59,'JCP4273','玉利 彩夏','タマリ アヤカ',2,'2001-08-21','672-8044','兵庫県','姫路市飾磨区下野田','ビューハーモニー101','kd1289928@st.kobedenshi.ac.jp','','短大・専門学校','神戸電子専門学校','グラフィックデザイン','1年生','2022年卒業見込','',NULL,'2021-03-02 11:12:04','2021-03-02 11:12:04',0,NULL),
	(18,1,60,'XWH3285','太田　開斗','オオタ　カイト',1,'2000-03-12','673-0016','兵庫県','明石市松の内1丁目1番地の13','','s18z006ok@ous.jp','','大学','岡山理科大学','理学部','3年生','2022年卒業見込','',NULL,'2021-03-02 11:12:05','2021-03-02 11:12:05',0,NULL),
	(19,1,61,'PFN4065','秋田航希','アキタコウキ',1,'2000-03-14','673-0005','兵庫県','明石市小久保3-13-7','','bissya7pqrs@gmail.com','09036105311','大学','神戸学院大学','','3年生','2022年卒業見込','',NULL,'2021-03-02 11:12:05','2021-03-02 11:12:05',0,NULL),
	(20,1,62,'AZP3298','芦田智哉','アシダトモヤ',1,'1999-04-14','673-0886','兵庫県','明石市東仲ノ町3-43','504','clear2019fina@gmail.com','07048000691','大学','神戸学院大学','経済学部','3年生','2022年卒業見込','',NULL,'2021-03-02 11:12:06','2021-03-02 11:12:06',0,NULL),
	(21,1,63,'JDN5437','八村大稀','ハチムラタイキ',1,'2000-01-25','655-0872','兵庫県','神戸市垂水区塩屋町大谷648-3','エクセレンス塩屋305号','taiki.12125@icloud.com','09038437049','大学','流通科学大学','商学部経営学科','3年生','2022年卒業見込','特になし。',NULL,'2021-03-02 11:12:06','2021-03-02 11:12:06',0,NULL),
	(22,1,64,'CLH5260','工藤　海翔','クドウ　カイト',1,'1999-10-24','651-2117','兵庫県','神戸市西区北別府4-14-4','','m7f8cb7fd7jcm@softbank.ne.jp','08038107383','大学','流通科学大学','人間社会学部','3年生','2022年卒業見込','',NULL,'2021-03-02 11:12:07','2021-03-02 11:12:07',0,NULL),
	(23,1,65,'ILT3120','楠瀬拓磨','クスノセタクマ',1,'1998-12-13','662-0891','兵庫県','西宮市上ケ原一番町1-14','','takuma1213k@icloud.com','09096130467','大学','甲南大学','法学部','3年生','2022年卒業見込','',NULL,'2021-03-02 11:12:07','2021-03-02 11:12:07',0,NULL),
	(24,1,66,'FNJ4278','原 悠馬','ハラ ユウマ',1,'2000-12-07','654-0154','兵庫県','神戸市須磨区中落合3-1-211-105','','hayu.1207.spark@gmail.com','','短大・専門学校','神戸電子専門学校','ITスペシャリスト学科','2年生','2022年卒業見込','',NULL,'2021-03-02 11:12:08','2021-03-02 11:12:08',0,NULL),
	(25,1,67,'FNE2738','野亀誠斗','ノカメマコト',1,'1999-10-02','653-0037','兵庫県','神戸市長田区大橋町2丁目1-12','クレール菊水302号室','makoto33181811@icloud.com','','大学','流通科学大学','','3年生','2022年卒業見込','',NULL,'2021-03-02 11:12:08','2021-03-02 11:12:08',0,NULL),
	(26,1,68,'HMS4831','執行 茜','シギョウ アカネ',2,'1998-05-19','657-0846','兵庫県','神戸市灘区岩屋北町2-5-10-304','','a1318034@kobe-yamate.ac.jp','08046426701','大学','関西国際大学','総合社会学科','3年生','2022年卒業見込','',NULL,'2021-03-02 11:12:09','2021-03-02 11:12:09',0,NULL),
	(27,1,69,'UOB6805','松本朱里','マツモトアカリ',2,'1995-12-28','652-0813','兵庫県','神戸市兵庫区兵庫町2-3-9','','s1891035@s.konan-u.ac.jp','','大学','甲南大学','フロンティアサイエンス学部','3年生','2022年卒業見込','',NULL,'2021-03-02 11:12:09','2021-03-02 11:12:09',0,NULL),
	(28,1,70,'OSQ0271','坂口優','サカグチユウ',2,'1999-12-08','651-2275','兵庫県','神戸市西区樫野台2-2-3','','1823302@mwu.jp','','大学','武庫川女子大学','','3年生','2022年卒業見込','',NULL,'2021-03-02 11:12:09','2021-03-02 11:12:09',0,NULL),
	(29,1,71,'PFN8964','田中花林','タナカカリン',2,'2000-02-27','657-0031','兵庫県','神戸市灘区大和町','','karin-0227@i.softbank.jp','','大学','関西国際大学','','3年生','2022年卒業見込','',NULL,'2021-03-02 11:12:10','2021-03-02 11:12:10',0,NULL),
	(30,1,72,'AMQ1329','海渕　夢大','ウミブチ　ユメヒロ',1,'1994-02-19','534-0016','大阪府','大阪市都島区友渕町1-5-9-316','','uchi_saikyu@yahoo.co.jp','','既卒','大手前大学','','その他','既卒','',NULL,'2021-03-02 11:12:10','2021-03-02 11:12:10',0,NULL),
	(31,1,73,'JMG1859','山田大貴','ヤマダタイキ',1,'1999-12-19','666-0145','兵庫県','川西市けやき坂5丁目5-1','2-609','taiki-baseball-1219@docomo.ne.jp','09059037017','大学','甲南大学','経済学部','3年生','2022年卒業見込','',NULL,'2021-03-02 11:12:11','2021-03-02 11:12:11',0,NULL),
	(32,1,74,'FVU0346','島田　梨花','シマダ　リンカ',2,'1999-04-15','655-0852','兵庫県','神戸市垂水区名谷町335-1','','rinka486978@gmail.com','','大学','神戸芸術工科大学','','3年生','2022年卒業見込','',NULL,'2021-03-02 11:12:11','2021-03-02 11:12:11',0,NULL),
	(33,1,75,'UXE8041','駒谷 渚乃','コマタニ ナギノ',2,'1999-06-21','553-0004','大阪府','大阪市福島区玉川4丁目3番18号','','181180274d@kindai.ac.jp','','大学','近畿大学','総合社会学部','3年生','2022年卒業見込','',NULL,'2021-03-02 11:12:12','2021-03-02 11:12:12',0,NULL),
	(34,1,76,'AMO9342','上村　明日夏','カミムラ　アスカ',2,'1999-05-15','661-0953','兵庫県','尼崎市東園田町4-148-22','','a1318024@kuins.ac.jp','','大学','関西国際大学','','3年生','2022年卒業見込','',NULL,'2021-03-02 11:12:12','2021-03-02 11:12:12',0,NULL),
	(35,1,77,'GLK8594','黒木　雄司','クロキ　ユウジ',1,'1998-05-07','651-1147','兵庫県','神戸市北区松宮台1-17-12','','2secicpo@gmail.com','08091206325','大学','大阪電気通信大学','総合情報学部','3年生','2022年卒業見込','',NULL,'2021-03-02 11:12:13','2021-03-02 11:12:13',0,NULL),
	(36,1,78,'HZJ9268','高見麗奈','タカミレナ',2,'1999-12-13','663-8186','兵庫県','西宮市上鳴尾町15-10','','1814257@mwu.jp','08061961207','大学','武庫川女子大学','生活環境学部 情報メディア学科','3年生','2022年卒業見込','',NULL,'2021-03-02 11:12:13','2021-03-02 11:12:13',0,NULL),
	(37,1,79,'RWS3547','寺田 駿哉','テラダ シュンヤ',1,'1999-07-23','676-0807','兵庫県','高砂市米田町島102-5','','skt.shunya2022@gmail.com','080-6208-1557','大学','姫路獨協大学','人間社会学群・産業経営学類','3年生','2022年卒業見込','【学生時代に力を注いだこと】サークル活動です。１年次に社会問題研究会を友人と共に５名で結成し、教養とプレゼンテーション能力・コミュニケーション能力・合意形成のスキルアップを目的に討論会を月に１回定期的に行っていました。しかし、私たちの活動の中にも会員不足の問題が発生し、新規会員の増加を目標に定め、SNSの活用、仮入会制度などを行ってきました。その結果、新規入会者が結成時よりも倍増しました。この経験から説得は相手の立場に立って行動し、納得してもらう必要性を学びました。【私の特徴】私の強みは問題解決力と忍耐力を鍛えてきたことです。大学と姫路経営者協会が提携し、ＱＣ活動を通じてレンコン農家の作業工程の効率化をテーマに問題解決を行いました。そこで、実際に現場に出て身をもって体験してきたことを基に、とにかく仮説と検証を繰り返し、客観的なデータから必要な要因を見つけ出すことで問題解決を行うことができました。この経験から、発生した課題に粘り強く要因を探り、課題解決能力のスキルを活かして困難な状況でも努力していきたいです。【資格・免許・趣味】資格：全商ビジネス文書実務検定1級（2017年7月取得）、全商情報処理検定3級（2017年1月取得）、全商簿記実務検定3級（2017年12月取得）免許：普通自動車免許（2019年12月取得）趣味：写真撮影、将棋、読書',NULL,'2021-03-02 11:12:14','2021-03-02 11:12:14',0,NULL),
	(38,1,80,'MIK5397','中山　優奈','ナカヤマ　ユナ',2,'1999-10-05','674-0083','兵庫県','明石市魚住町住吉4丁目1-41','アドリーム魚住101号室','yuna-n.oct05@ezweb.ne.jp','8053547706','大学','神戸芸術工科大学','芸術工学部•ファッションデザイン学科','3年生','2022年卒業見込','',NULL,'2021-03-02 11:12:14','2021-03-02 11:12:14',0,NULL),
	(39,1,81,'OFR3981','増田綾乃','マスダアヤノ',2,'2000-02-27','679-2124','兵庫県','姫路市豊富町甲丘4-130','','18v0065@kobe-du.ac.jp','','大学','神戸芸術工科大学','芸術工学部・ビジュアルデザイン科','3年生','2022年卒業見込','',NULL,'2021-03-02 11:12:15','2021-03-02 11:12:15',0,NULL),
	(40,1,82,'QLO4893','黒木　愛彩','クロキ　アヤ',2,'2000-01-19','651-1147','兵庫県','神戸市北区松宮台1-17-12','','k.ayakkuma1018@gmail.com','09098831091','大学','京都外国語大学','外国語学部フランス語学科','3年生','2022年卒業見込','',NULL,'2021-03-02 11:12:15','2021-03-02 11:12:15',0,NULL),
	(41,1,83,'SAL0693','大橋梨沙','オオハシリサ',2,'1999-10-17','658-0016','兵庫県','神戸市東灘区本山中町２丁目1-19','','zw18041t@otemae.ac.jp','','大学','大手前大学','現代社会学部','3年生','2022年卒業見込','',NULL,'2021-03-02 11:12:16','2021-03-02 11:12:16',0,NULL),
	(42,1,84,'PHZ0847','武岡奈々','タケオカナナ',2,'1999-04-17','663-8132','兵庫県','西宮市東鳴尾町2-9-27','','1807943@mwu.jp','','大学','武庫川女子大学','','3年生','2022年卒業見込','',NULL,'2021-03-02 11:12:16','2021-03-02 11:12:16',0,NULL),
	(43,1,85,'XWD0187','木村　朝陽','キムラ　アサヒ',2,'2000-03-03','673-0852','兵庫県','明石市朝霧台','3776-77','s1881509@s.konan-u.ac.jp','','大学','甲南大学','','3年生','2022年卒業見込','',NULL,'2021-03-02 11:12:16','2021-03-02 11:12:16',0,NULL),
	(44,1,86,'ZBD8612','鎌谷佳輝','カマタニヨシキ',1,'1999-07-06','675-0160','兵庫県','加古郡播磨町西野添5-12-21','','kamatyosu76@icloud.com','','大学','甲南大学','経営学部','3年生','2022年卒業見込','',NULL,'2021-03-02 11:12:17','2021-03-02 11:12:17',0,NULL),
	(45,1,87,'NFV3296','中村穂花','ナカムラホノカ',2,'1999-10-05','663-8184','兵庫県','西宮市鳴尾町1-12-3','増田ビル710号室','1808842@mwu.jp','08056398185','大学','武庫川女子大学','文学部心理・社会福祉学科心理コース','3年生','2022年卒業見込','',NULL,'2021-03-02 11:12:17','2021-03-02 11:12:17',0,NULL),
	(46,1,88,'JGQ8791','泉海俊弥泉海','イズミトシヤ',1,'1999-08-04','651-1332','兵庫県','神戸市北区唐櫃台1丁目35番11‐301号','','01231048izmi@gmail.com','09016771048','大学','大手前大学','総合文化学部','3年生','2022年卒業見込','',NULL,'2021-03-02 11:12:18','2021-03-02 11:12:18',0,NULL),
	(47,1,89,'VGS4187','西野　昌汰','ニシノ　ショウタ',1,'1999-05-20','655-0003','兵庫県','神戸市垂水区小束山本町1丁目7-1-1207','','baske520@icloud.com','08057020381','大学','流通科学大学','人間社会学部人間健康学科','3年生','2022年卒業見込','取得資格レクリエーションインストラクター',NULL,'2021-03-02 11:12:18','2021-03-02 11:12:18',0,NULL),
	(48,1,90,'DGE8541','礒川　航希','イソカワ　コウキ',1,'1998-05-26','673-1117','兵庫県','三木市吉川町みなぎ台2-11-1','','koki.i7000@icloud.com','09037175950','大学','神戸学院大学','経営学部','3年生','2022年卒業見込','自分の行きたい職種が具体的に決まっていないので、今回の合同就職説明会で企業が絞れたらいいなと思います。',NULL,'2021-03-02 11:12:19','2021-03-02 11:12:19',0,NULL),
	(49,1,91,'HYN1953','久保輝和','クボテルカズ',1,'1999-10-13','654-0155','兵庫県','神戸市須磨区西落合4丁目1-224-201','','ketuboon@icloud.com','07043369613','大学','流通科学大学','経済学部','3年生','2022年卒業見込','',NULL,'2021-03-02 11:12:19','2021-03-02 11:12:19',0,NULL),
	(50,1,92,'XVW3604','水上紗佑里','ミズカミサユリ',2,'1999-06-03','652-0003','兵庫県','神戸市兵庫区梅元町13-11','','sayuriii.063@gmail.com','07023147925','大学','流通科学大学','商学部経営学科','3年生','2022年卒業見込','',NULL,'2021-03-02 11:12:20','2021-03-02 11:12:20',0,NULL),
	(51,1,93,'JEP7043','泉海俊弥','イズミトシヤ',1,'1999-08-04','651-1332','兵庫県','神戸市北区唐櫃台1丁目35番11-301号','','01231048izmi@gmail.com','09016771048','大学','大手前大学','総合文化学部','4年生','2022年卒業見込','',NULL,'2021-03-02 11:12:20','2021-03-02 11:12:20',0,NULL),
	(52,1,94,'CVY4690','宮北恵果','ミヤキタケイカ',1,'2000-03-11','674-0092','兵庫県','明石市二見町東二見97-6','','miyakita_3318238@red.umds.ac.jp','','大学','流通科学大学','','3年生','2022年卒業見込','',NULL,'2021-03-02 11:12:21','2021-03-02 11:12:21',0,NULL),
	(53,1,95,'NOT9716','富永彩瑛','トミナガサエ',2,'1999-03-15','655-0852','兵庫県','神戸市垂水区名谷町','','tominaga.sae783@gmail.com','','大学','神戸市外国語大学','','4年生','2022年卒業見込','',NULL,'2021-03-02 11:12:21','2021-03-02 11:12:21',0,NULL),
	(54,1,96,'ONU2510','神谷　日向子','ジンタニ　ヒナコ',2,'1999-06-01','652-0812','兵庫県','神戸市兵庫区湊町3-2-5-1502','','futurediver00@gmail.com','08061559083','大学','甲南大学','理工学部','3年生','2022年卒業見込','',NULL,'2021-03-02 11:12:22','2021-03-02 11:12:22',0,NULL),
	(55,1,97,'GYF6597','岩蕗　優作','イワブキ　ユウサク',1,'1999-07-31','657-0011','兵庫県','神戸市灘区鶴甲3-12-26','レピア六甲 1204号室','s1831049@s.konan-u.ac.jp','07036284055','大学','甲南大学','経済学部','3年生','2022年卒業見込','',NULL,'2021-03-02 11:12:22','2021-03-02 11:12:22',0,NULL),
	(56,1,98,'JGO2593','志垣 怜','シガキ リョウ',1,'1999-06-27','652-0872','兵庫県','神戸市兵庫区吉田町','','lianzhiyuan91@gmail.com','','大学','流通科学大学','商学部・マーケティングコース','3年生','2022年卒業見込','',NULL,'2021-03-02 11:12:23','2021-03-02 11:12:23',0,NULL),
	(57,1,99,'QSO9457','賀本 奈々','カモト ナナ',2,'2000-02-24','651-2103','兵庫県','神戸市西区学園西町1-1-1','','nana.smile.0224@icloud.com','08083320224','大学','神戸芸術工科大学','芸術工学部・ファッションデザイン学科・企画コース','4年生','2022年卒業見込','',NULL,'2021-03-02 11:12:23','2021-03-02 11:12:23',0,NULL),
	(58,1,100,'VNA7598','是石　はるか','コレイシ　ハルカ',2,'1999-04-06','673-0882','兵庫県','明石市相生町1丁目10-36','グランドメゾン明石海岸通502号','zb18068n@otemae.ac.jp','','大学','大手前大学','総合文化学部','3年生','2022年卒業見込','',NULL,'2021-03-02 11:12:24','2021-03-02 11:12:24',0,NULL),
	(59,1,101,'ARS1852','飯尾　将吾','イイオ　ショウゴ',1,'1999-10-13','651-1211','兵庫県','神戸市北区小倉台2丁目23の５','','syogo-srddk1013@ezweb.ne.jp','','大学','甲南大学','経済学部','3年生','2022年卒業見込','',NULL,'2021-03-02 11:12:24','2021-03-02 11:12:24',0,NULL),
	(60,1,102,'YOQ5380','石田篤弥','イシダアツヤ',1,'1999-06-18','673-0424','兵庫県','三木市自由が丘本町1丁目263番地','','atsuya1999618@icloud.com','','大学','甲南大学','経済学部','3年生','2022年卒業見込','',NULL,'2021-03-02 11:12:25','2021-03-02 11:12:25',0,NULL),
	(61,1,103,'YLK7589','千秋　麟','センシュウ　リン',2,'2000-03-07','553-0002','大阪府','大阪市福島区鷺洲4-3-23','福島スカイハイツ1010号','r3i7n_tkrzk.f@docomo.ne.jp','09015821637','大学','神戸松蔭女子学院大学','','3年生','2022年卒業見込','',NULL,'2021-03-02 11:12:25','2021-03-02 11:12:25',0,NULL),
	(62,1,104,'GCL0374','沼津奈々','ヌマヅナナ',2,'1999-09-16','665-0852','兵庫県','宝塚市売布4丁目3-30-2314','','nana-piko-0916@docomo.ne.jp','','大学','神戸松蔭女子学院大学','','3年生','2022年卒業見込','',NULL,'2021-03-02 11:12:26','2021-03-02 11:12:26',0,NULL),
	(63,1,105,'MET0324','植村梨花子','ウエムラリカコ',2,'1999-09-07','665-0877','兵庫県','宝塚市中山桜台1-8-3','','postive.mr1197@gmail.com','','大学','関西国際大学','教育学部','3年生','2022年卒業見込','',NULL,'2021-03-02 11:12:26','2021-03-02 11:12:26',0,NULL),
	(64,1,106,'XBO4623','岡田 菜緒','オカダ ナオ',2,'1999-07-03','546-0031','大阪府','大阪市東住吉区田辺3-12-4','','u.know.1173@gmail.com','','大学','関西学院大学','文学部','3年生','2022年卒業見込','',NULL,'2021-03-02 11:12:27','2021-03-02 11:12:27',0,NULL),
	(65,1,107,'QOF5619','在原圭佑','アリハラケイスケ',1,'2000-01-16','655-0852','兵庫県','神戸市垂水区名谷町3378','','ariharaytmk@icloud.com','','大学','神戸芸術工科大学','','3年生','2022年卒業見込','',NULL,'2021-03-02 11:12:27','2021-03-02 11:12:27',0,NULL),
	(66,1,108,'CAM8561','柏野喜郁','カシノハルカ',2,'2000-11-11','678-0223','兵庫県','赤穂市元禄橋町80-4','','s2820021dc@shujitsu.ac.jp','','短大・専門学校','就実短期大学','生活実践科科学','1年生','2022年卒業見込','',NULL,'2021-03-02 11:12:28','2021-03-02 11:12:28',0,NULL),
	(67,1,109,'OLU5184','赤尾祐紀','アカオユウキ',2,'2000-02-08','666-0257','兵庫県','川辺郡猪名川町白金','','sumile.0325@docomo.ne.jp','08014075248','大学','甲子園大学','心理学部','3年生','2022年卒業見込','',NULL,'2021-03-02 11:14:47','2021-03-02 11:14:47',0,NULL),
	(68,1,110,'SUL4016','執行 茜','シギョウ アカネ',2,'1998-05-19','657-0846','兵庫県','神戸市灘区岩屋北町2-5-10-304','','akane0351@gmail.com','','大学','関西国際大学','総合社会学科','4年生','2022年卒業見込','',NULL,'2021-03-02 11:14:47','2021-03-02 11:14:47',0,NULL),
	(69,1,111,'OLG4185','松本智恵','マツモトチエ',2,'1999-10-05','663-8231','兵庫県','西宮市津門西口町14-9','','chie-baton1214@docomo.ne.jp','','大学','芦屋大学','','3年生','2022年卒業見込','',NULL,'2021-03-02 11:14:48','2021-03-02 11:14:48',0,NULL),
	(70,1,112,'ZHV2765','浦　拓郎','ウラ　タクロウ',1,'1999-11-19','663-8173','兵庫県','西宮市甲子園三番町','3-8','dmtpu004@outlook.jp','','大学','神戸学院大学','現代社会学部社会防災学科','3年生','2022年卒業見込','',NULL,'2021-03-02 11:14:48','2021-03-02 11:14:48',0,NULL),
	(71,1,113,'BWM6893','木島 慧子','キシマ サトコ',2,'1999-12-03','679-3301','兵庫県','朝来市生野町口銀谷287','','stk.ksm0730@icloud.com','08085182475','大学','関西国際大学','現代社会学部 総合社会学科','3年生','2022年卒業見込','',NULL,'2021-03-02 11:14:49','2021-03-02 11:14:49',0,NULL),
	(72,1,114,'WNQ8560','成田萌恵','ナリタメバエ',2,'2001-09-16','663-8183','兵庫県','西宮市里中町','2丁目7-31コージー里中205号','2000512@mwu.jp','08057875534','短大・専門学校','武庫川女子大学','心理･人間関係学科','1年生','2022年卒業見込','',NULL,'2021-03-02 11:14:49','2021-03-02 11:14:49',0,NULL),
	(73,1,115,'UAT7540','山下 将嵩','ヤマシタ マサタカ',1,'1999-09-20','669-1504','兵庫県','三田市小野 831-14','','zw18246m@otemae.ac.jp','09083878466','大学','大手前大学','現代社会学部','3年生','2022年卒業見込','情報専攻、ITと電子機器に興味あり。',NULL,'2021-03-02 11:14:50','2021-03-02 11:14:50',0,NULL),
	(74,1,116,'UTS0387','小林 愛海','コバヤシ アミ',2,'1999-10-11','630-0223','奈良県','生駒市小瀬町872-6','','xiaolinaihai1011@gmail.com','','大学','甲南大学','','3年生','2022年卒業見込','',NULL,'2021-03-02 11:14:50','2021-03-02 11:14:50',0,NULL),
	(75,1,117,'FHA3951','畑　翔一朗','ハタ　ショウイチロウ',1,'1995-08-27','670-0092','兵庫県','姫路市新在家本町2丁目3-8','','johnsnow27@icloud.com','09074911860','大学','甲南大学','経済学部','5年生','2022年卒業見込','',NULL,'2021-03-02 11:14:51','2021-03-02 11:14:51',0,NULL),
	(76,1,118,'MEK2567','小林 愛海','コバヤシ アミ',2,'1999-10-11','630-0223','奈良県','生駒市小瀬町872-6','','s1841145@s.konan-u.ac.jp','','大学','甲南大学','','3年生','2022年卒業見込','',NULL,'2021-03-02 11:14:51','2021-03-02 11:14:51',0,NULL),
	(77,1,119,'JAN6453','中野克海','ナカノカツミ',1,'2000-03-11','658-0082','兵庫県','神戸市東灘区魚崎北町6-2-23','','nmrnk311@icloud.com','09099843110','大学','天理大学','体育学部','3年生','2022年卒業見込','',NULL,'2021-03-02 11:14:52','2021-03-02 11:14:52',0,NULL),
	(78,1,120,'TBD0548','森重　雄大','モリシゲ　タケヒロ',1,'1999-05-14','547-0016','大阪府','大阪市平野区長吉長原3-16-10','スタシオン鴫501号室','lttpu246@s.kobegakuin.ac.jp','07023224751','大学','神戸学院大学','法学部法律学科','3年生','2022年卒業見込','',NULL,'2021-03-02 11:14:52','2021-03-02 11:14:52',0,NULL),
	(79,1,121,'OPC4790','上田樹','ウエダイツキ',1,'1999-10-17','669-1321','兵庫県','三田市けやき台6丁目','12-14','ueda1017conan@docomo.ne.jp','08024895213','大学','甲子園大学','心理学部','3年生','2022年卒業見込','',NULL,'2021-03-02 11:14:52','2021-03-02 11:14:52',0,NULL),
	(80,1,122,'ION4068','島川 櫻子','シマカワ サクラコ',2,'1999-11-08','652-0802','兵庫県','神戸市兵庫区水木通5丁目3-18','ドルフグリッッァ水木通304号室','saaa_soos.ars@au.com','08038513905','大学','関西国際大学','現代社会学部','3年生','2022年卒業見込','',NULL,'2021-03-02 11:14:53','2021-03-02 11:14:53',0,NULL),
	(81,1,123,'FMC3246','松浪藍子','マツナミアイコ',2,'2000-03-09','658-0015','兵庫県','神戸市東灘区本山南町6-2-1','コスモ本山516号室','zb18154j@otemae.ac.jp','08070037906','大学','大手前大学','総合文化学部','3年生','2022年卒業見込','',NULL,'2021-03-02 11:14:53','2021-03-02 11:14:53',0,NULL),
	(82,1,124,'GRA5864','鬼城　遼','オニキ　リョウ',1,'1999-06-19','657-0864','兵庫県','神戸市灘区新在家南町5-11-7','','0.6.1.9.r.y.o.o.2@gmail.com','08091206191','大学','関西外国語大学','外国語学部','3年生','2022年卒業見込','',NULL,'2021-03-02 11:14:54','2021-03-02 11:14:54',0,NULL),
	(83,1,125,'OSK7368','村岡　花菜','ムラオカ　ハナ',2,'1999-08-19','562-0032','大阪府','箕面市小野原西3-19-27','','87love1d@gmail.com','09050515819','大学','関西外国語大学','','3年生','2022年卒業見込','',NULL,'2021-03-02 11:14:54','2021-03-02 11:14:54',0,NULL),
	(84,1,126,'TDI0573','田中 花林','タナカ カリン',2,'2000-02-27','657-0031','兵庫県','神戸市灘区大和町','','a1318042@kuins.ac.jp','','大学','関西国際大学','','3年生','2022年卒業見込','',NULL,'2021-03-02 11:14:55','2021-03-02 11:14:55',0,NULL),
	(85,1,127,'ZAI1835','古川　瑞稀','フルカワ　ミズキ',2,'1999-06-15','651-1331','兵庫県','神戸市北区有野町唐櫃3309-7','','fyinananana@gmail.com','','大学','神戸松蔭女子学院大学','','3年生','2022年卒業見込','',NULL,'2021-03-02 11:14:55','2021-03-02 11:14:55',0,NULL),
	(86,1,128,'VWI9518','森分龍一','モリワケリュウイチ',1,'1999-05-02','657-0028','兵庫県','神戸市灘区森後町','','a1418052@kuins.ac.jp','','大学','関西国際大学','','3年生','2022年卒業見込','',NULL,'2021-03-02 11:14:56','2021-03-02 11:14:56',0,NULL),
	(87,1,129,'QWC5618','長井 桃香','ナガ イモモカ',2,'1995-09-24','650-0004','兵庫県','神戸市中央区中山手通4丁目21番3号','エクラ諏訪山201号室','momokanagai249@gmail.com','08029834293','大学','関西国際大学','現代社会学部','3年生','2022年卒業見込','',NULL,'2021-03-02 11:14:56','2021-03-02 11:14:56',0,NULL),
	(88,1,130,'GCF6859','平田紗理','ヒラタサリ',2,'1999-10-06','652-0032','兵庫県','神戸市兵庫区荒田町1-10-14','プラーフ湊川502','sari1006@icloud.com','','大学','神戸女子大学','家政学部家政学科','3年生','2022年卒業見込','',NULL,'2021-03-02 11:14:57','2021-03-02 11:14:57',0,NULL),
	(89,1,131,'PRX7569','清水 万由花','シミズ マユカ',2,'1999-04-09','651-2117','兵庫県','神戸市西区北別府5-11-2','','nw.green0409@gmail.com','','大学','武庫川女子大学','音楽学部','3年生','2022年卒業見込','',NULL,'2021-03-02 11:14:57','2021-03-02 11:14:57',0,NULL),
	(90,1,132,'HXZ7461','吉田 麻華','ヨシダ アサカ',2,'1999-07-28','657-0051','兵庫県','神戸市灘区八幡町3-4-20','メゾンクレオ102号室','s7658f5fd7xdbE05SE@softbank.ne.jp','08042546535','大学','神戸松蔭女子学院大学','人間科学部','3年生','2022年卒業見込','',NULL,'2021-03-02 11:14:57','2021-03-02 11:14:57',0,NULL),
	(91,1,133,'LIE2457','吉田 柚希','ヨシダ ユウキ',2,'1999-07-28','657-0051','兵庫県','神戸市灘区八幡町3-4-20','メゾンクレオ102','f4f787aed7yl73E05SE@softbank.ne.jp','08030487028','大学','神戸松蔭女子学院大学','人間科学部','3年生','2022年卒業見込','',NULL,'2021-03-02 11:14:58','2021-03-02 11:14:58',0,NULL),
	(92,1,134,'ZFV0719','岩永 成美','イワナガ ナルミ',2,'2000-03-17','675-0004','兵庫県','加古川市神野町福留588-36','','b2181006@ed.hyogo-dai.ac.jp','','大学','兵庫大学','現代ビジネス学部','3年生','2022年卒業見込','',NULL,'2021-03-02 11:14:58','2021-03-02 11:14:58',0,NULL),
	(93,1,135,'GZN6159','篠澤 由奈','シノザワ ユウナ',2,'2000-03-23','663-8025','兵庫県','西宮市荒木町18-28','','s.yuna.amnos0323@gmail.com','','大学','神戸女学院大学','','3年生','2022年卒業見込','',NULL,'2021-03-02 11:14:59','2021-03-02 11:14:59',0,NULL),
	(94,1,136,'DRU1469','置村彩花','オキムラアヤカ',2,'2000-03-07','657-0822','兵庫県','神戸市灘区畑原通1-3-12','','ayacancho37@icloud.com','','大学','甲子園大学','','3年生','2022年卒業見込','',NULL,'2021-03-02 11:14:59','2021-03-02 11:14:59',0,NULL),
	(95,1,137,'CQF3609','東　樹里','ヒガシ　ジュリ',2,'1999-08-08','665-0034','兵庫県','宝塚市小林2-11-3','','h11a8ei8@docomo.ne.jp','09069611744','大学','大阪経済法科大学','法学部法律学科','3年生','2022年卒業見込','',NULL,'2021-03-02 11:15:00','2021-03-02 11:15:00',0,NULL),
	(96,1,138,'PDF4381','伊達まい','ダテマイ',2,'1999-05-01','675-0044','兵庫県','加古川市西神吉町大国','655-4','s1813050@s.konan-u.ac.jp','08015093041','大学','甲南大学','文学部','3年生','2022年卒業見込','',NULL,'2021-03-02 11:15:00','2021-03-02 11:15:00',0,NULL),
	(97,1,139,'VJW7539','山木優也','ヤマキユウヤ',1,'1999-04-30','669-1324','兵庫県','三田市ゆりのき台1-1','','e3118362@s.kobegakuin.ac.jp','','大学','神戸学院大学','','3年生','2022年卒業見込','',NULL,'2021-03-02 11:15:01','2021-03-02 11:15:01',0,NULL),
	(98,1,140,'NYX6105','NGUYENVANKHANH','グェンヴァンカイン',1,'1990-08-12','670-0083','兵庫県','姫路市辻井1-3-10','アーバン辻井101','khanhhero755@gmail.com','09067437133','大学','神戸国際大学','経済学部','4年生','2021年卒業予定','多くのベトナム人が日本という経済が発展した国で働く希望を持っています。私は、留学生として、日本語はもちろん日本の文化にも深く触れてきました。私の強みを活かし、この思いを実現するために、尽力カしたいです。',NULL,'2021-03-02 11:15:01','2021-03-02 11:15:01',0,NULL),
	(99,1,141,'VTA7836','楠　一真','クスノキ　カズマ',1,'1999-07-04','547-0024','大阪府','大阪市平野区瓜破6-7-43','','ultrak.3721@ezweb.ne.jp','08053327812','大学','龍谷大学','文学部','3年生','2022年卒業見込','',NULL,'2021-03-02 11:15:02','2021-03-02 11:15:02',0,NULL),
	(100,1,142,'TPU7640','中村真衣','ナカムラマイ',2,'2000-02-17','665-0831','兵庫県','宝塚市米谷1丁目39-16','','ma17nmch@gmail.com','09087578588','大学','神戸女学院大学','人間科学部','3年生','2022年卒業見込','',NULL,'2021-03-02 11:15:02','2021-03-02 11:15:02',0,NULL),
	(101,1,143,'PST0145','木下 実咲','キノシタ ミサキ',2,'2000-03-23','654-0055','兵庫県','神戸市須磨区須磨浦通5丁目6-23','アウラ　スマ　304','misamisa032325@gmail.com','09050622068','大学','神戸女子大学','文学部英語英米文学科','3年生','2022年卒業見込','',NULL,'2021-03-02 11:15:02','2021-03-02 11:15:02',0,NULL),
	(102,1,144,'OEB5914','田林　佳純','タバヤシ　カスミ',2,'1999-12-02','654-0024','兵庫県','神戸市須磨区大田町3-1-5','神戸学生倶楽部305室','tbk_1202@outlook.jp','08038869521','大学','神戸市外国語大学','外国語学部・中国学科','3年生','2022年卒業見込','',NULL,'2021-03-02 11:15:03','2021-03-02 11:15:03',0,NULL),
	(103,1,145,'LSV5147','田坂 楓','タサカ カエデ',2,'1999-12-20','615-8032','京都府','京都市西京区牛ケ瀬奥ノ防町１０５','プレミエールクラーテ７０１','kaede.tasaka35@gmail.com','08028851926','大学','神戸女子大学','健康福祉学部 健康スポーツ栄養学科','3年生','2022年卒業見込','',NULL,'2021-03-02 11:15:03','2021-03-02 11:15:03',0,NULL),
	(104,1,146,'HKV7923','大屋敷裕介','オオヤシキユウスケ',1,'1999-03-06','573-1172','大阪府','枚方市渚栄町','36-2','gk2nsirz@i.softbank.jp','08097406464','大学','甲南大学','','4年生','2021年卒業予定','',NULL,'2021-03-02 11:15:04','2021-03-02 11:15:04',0,NULL),
	(105,1,147,'AHI1296','佐々木こずえ','ササキコズエ',2,'2000-01-29','651-2109','兵庫県','神戸市西区前開南町1-1-11-203','','k0129_s3@icloud.com','','大学','流通科学大学','','3年生','2022年卒業見込','',NULL,'2021-03-02 11:15:04','2021-03-02 11:15:04',0,NULL),
	(106,1,148,'KLZ6451','南千裕','ミナミチヒロ',2,'1999-06-29','650-0011','兵庫県','神戸市中央区下山手通7-1-19','','minamichihiro0629@gmail.com','','大学','神戸学院大学','','3年生','2022年卒業見込','',NULL,'2021-03-02 11:15:05','2021-03-02 11:15:05',0,NULL),
	(107,1,149,'FRG4062','鳥山　真歩','トリヤマ　マホ',2,'1999-08-25','665-0884','兵庫県','宝塚市山本西3-10-8','','toriyama.maho@gmail.com','','大学','神戸松蔭女子学院大学','','3年生','2022年卒業見込','',NULL,'2021-03-02 11:15:05','2021-03-02 11:15:05',0,NULL),
	(108,1,150,'CTY4582','山根 直也','ヤマネ ナオヤ',1,'2000-03-09','665-0003','兵庫県','宝塚市湯本町9-12-504','','ret.834rig@gmail.com','09059714762','大学','大阪電気通信大学','総合情報学部','3年生','2022年卒業見込','',NULL,'2021-03-02 11:15:06','2021-03-02 11:15:06',0,NULL),
	(109,1,151,'QVO3951','金城 早希','キンジョウ サキ',2,'2001-09-01','652-0832','兵庫県','神戸市兵庫区鍛冶屋町一丁目2-10-2','エヌエムスワサントシス2FC','kd1277939@st.kobedenshi.ac.jp','08091013408','短大・専門学校','神戸電子専門学校','インダストリアルデザイン学科','1年生','2022年卒業見込','',NULL,'2021-03-02 11:15:06','2021-03-02 11:15:06',0,NULL),
	(110,1,152,'OAY2473','森　弥優','モリ　ミユ',2,'2000-03-13','651-2113','兵庫県','神戸市西区伊川谷町有瀬420-2','Jヒルズ213号室','morinizi0703@icloud.com','08028902511','大学','神戸学院大学','心理学部','3年生','2022年卒業見込','',NULL,'2021-03-02 11:15:07','2021-03-02 11:15:07',0,NULL),
	(111,1,153,'GLS5790','有角　康太','アリカク　コウタ',1,'1999-09-19','675-0147','兵庫県','加古郡播磨町南大中3-11-27','','k.a.0919@icloud.com','','大学','甲南大学','','3年生','2022年卒業見込','',NULL,'2021-03-02 11:15:07','2021-03-02 11:15:07',0,NULL),
	(112,1,154,'PVD4106','津川 美里','ツガワ ミサト',2,'1999-05-05','574-0006','大阪府','大東市中楠の里町２０－１３','','misaaaa575@gmail.com','','大学','神戸松蔭女子学院大学','人間科学部','3年生','2022年卒業見込','',NULL,'2021-03-02 11:15:08','2021-03-02 11:15:08',0,NULL),
	(113,1,155,'IBP4952','村上真梨子','ムラカミマリコ',2,'2000-02-12','662-0863','兵庫県','西宮市室川町１２ー８','','marim0.21200@gmail.com','','大学','神戸松蔭女子学院大学','文学部','3年生','2022年卒業見込','',NULL,'2021-03-02 11:15:08','2021-03-02 11:15:08',0,NULL),
	(114,1,156,'PJL3642','北山 楓大','',1,'1999-09-30','661-0979','兵庫県','尼崎市上坂部','','k1tayama.futa@gmail.com','09037085938','大学','大阪電気通話大学','総合情報学部','3年生','2022年卒業見込','',NULL,'2021-03-02 11:15:09','2021-03-02 11:15:09',0,NULL),
	(115,1,157,'QKT9763','山崎 真優子','ヤマサキ マユコ',2,'1999-07-06','654-0054','兵庫県','神戸市須磨区須磨本町1-1-37','','myk0706ymsk@gmail.com','08038622877','大学','神戸松蔭女子学院大学','人間科学部心理学科','4年生','2022年卒業見込','',NULL,'2021-03-02 11:15:09','2021-03-02 11:15:09',0,NULL),
	(116,1,158,'INZ3296','武内遥香','タケウチハルカ',2,'1999-09-05','658-0032','兵庫県','神戸市東灘区向洋町中1-4-129-207','','smile.2525.uchi@gmail.com','','大学','神戸松蔭女子学院大学','人間科学部','3年生','2022年卒業見込','',NULL,'2021-03-02 11:15:10','2021-03-02 11:15:10',0,NULL),
	(117,1,159,'CPR4279','前田弥夕','マエダミユウ',2,'1999-08-15','663-8113','兵庫県','西宮市甲子園口3-20-7-401','','sakura.love.0401.kinomoto@gmail.com','','大学','神戸松蔭女子学院大学','','3年生','2022年卒業見込','',NULL,'2021-03-02 11:15:10','2021-03-02 11:15:10',0,NULL),
	(118,1,160,'AIC8194','志摩映里花','シマエリカ',2,'1999-05-07','655-0005','兵庫県','神戸市垂水区潮見が丘1-23-8','','erika110507@yahoo.co.jp','08037605061','大学','神戸女子大学','家政学部・家政学科','3年生','2022年卒業見込','',NULL,'2021-03-02 11:15:10','2021-03-02 11:15:10',0,NULL),
	(119,1,161,'PXH0658','清水　雄絃','シミズ　ユウゲン',1,'1999-12-01','673-0893','兵庫県','明石市材木町12-22','','wetyz028@s.kobegakuin.ac.jp','','大学','神戸学院大学','グローバル・コミュニケーション学部','3年生','2022年卒業見込','',NULL,'2021-03-02 11:15:11','2021-03-02 11:15:11',0,NULL),
	(120,1,162,'ZYN4901','清水大喬','シミズヒロタカ',1,'1999-06-14','653-0035','兵庫県','神戸市長田区庄田町','3丁目1-19','hiro.ilovejudo0614@icloud.com','09042967370','大学','大阪商業大学','','3年生','2022年卒業見込','',NULL,'2021-03-02 11:15:11','2021-03-02 11:15:11',0,NULL),
	(121,1,163,'IOV6587','阪本いずみ','サカモトイズミ',2,'1999-05-22','651-2276','兵庫県','神戸市西区春日台1丁目22-2','','btgdt378@s.kobegakuin.ac.jp','','大学','神戸学院大学','経営学部','3年生','2022年卒業見込','',NULL,'2021-03-02 11:15:12','2021-03-02 11:15:12',0,NULL),
	(122,1,164,'QMO5139','岡本 裕樹','オカモト ヒロキ',1,'2000-03-19','671-1321','兵庫県','たつの市御津町苅屋1346-6','','hiroki.giants2015@gmail.com','09062373019','大学','神戸学院大学','グローバル・コミュニケーション学部','3年生','2022年卒業見込','',NULL,'2021-03-02 11:15:12','2021-03-02 11:15:12',0,NULL),
	(123,1,165,'FGR7549','谷口　萌','タニグチ　モエ',2,'2000-03-23','664-0831','兵庫県','伊丹市北伊丹4-39-1-404','','ssttm135@s.kobegakuin.ac.jp','','大学','神戸学院大学','現代社会学部現代社会学科','3年生','2022年卒業見込','',NULL,'2021-03-02 11:15:13','2021-03-02 11:15:13',0,NULL),
	(124,1,166,'ECG3047','温　祖児','オン　ソジ',2,'1998-12-01','651-0087','兵庫県','神戸市中央区御幸通3-1-21-1207','','buuqc300@s.kobegakuin.ac.jp','','大学','神戸学院大学','経営学部','2年生','2023年以降卒業見込','',NULL,'2021-03-02 11:15:13','2021-03-02 11:15:13',0,NULL),
	(125,1,167,'TBI0237','松尾 胡美','マツオ ヒサミ',2,'1999-11-25','669-1341','兵庫県','三田市西相野848-8','','hitaro.1125@i.softbank.jp','','大学','甲子園大学','心理学部','3年生','2022年卒業見込','',NULL,'2021-03-02 11:15:13','2021-03-02 11:15:13',0,NULL),
	(126,1,168,'ENK3872','川邑綾','カワムラリョウ',2,'2000-01-03','666-0122','兵庫県','川西市東多田1-8-19','','0103ryo.k0103@gmail.com','','大学','甲子園大学','','3年生','2022年卒業見込','',NULL,'2021-03-02 11:15:14','2021-03-02 11:15:14',0,NULL),
	(127,1,169,'JUP7231','芦田　優','アシダ　ユウ',1,'1999-09-01','671-2134','兵庫県','姫路市夢前町菅生澗769-1','','yu-peace-yu@docomo.ne.jp','','大学','神戸学院大学','心理学部','3年生','2022年卒業見込','',NULL,'2021-03-02 11:15:14','2021-03-02 11:15:14',0,NULL),
	(128,1,170,'FBT9235','吉岡摩美','ヨシオカマミ',2,'1999-10-20','669-1544','兵庫県','三田市武庫が丘5-2','セントラルヒルズD棟103号室','zw18259t@otemae.ac.jp','07023240067','大学','大手前大学','現代社会学部','3年生','2022年卒業見込','',NULL,'2021-03-02 11:15:15','2021-03-02 11:15:15',0,NULL),
	(129,1,171,'IUK6501','海尾宜司','ウミオタカシ',1,'1999-06-03','563-0104','大阪府','豊能郡豊能町光風台','','umiotakashi7856@gmail.com','08057172985','大学','甲子園大学','心理学部','3年生','2022年卒業見込','',NULL,'2021-03-02 11:15:15','2021-03-02 11:15:15',0,NULL),
	(130,1,172,'SAF9683','河野　紘平','カワノ　コウヘイ',1,'1999-10-27','612-8086','京都府','京都市伏見区京町北8丁目71-7','ブルックスドム　206号室','kkhand1027@i.softbank.jp','08042463832','大学','龍谷大学','文学部','3年生','2022年卒業見込','',NULL,'2021-03-02 11:15:16','2021-03-02 11:15:16',0,NULL),
	(131,1,173,'LBD9361','檜垣朱慧','ヒガキアヤエ',2,'2000-01-22','661-0951','兵庫県','尼崎市田能3-32-9','','a__hk17.2ume2gar1net_@softbank.ne.jp','','大学','甲子園大学','','3年生','2022年卒業見込','',NULL,'2021-03-02 11:15:16','2021-03-02 11:15:16',0,NULL),
	(132,1,174,'DAL9347','丹下勝海','タンゲカツミ',1,'1999-04-14','658-0065','兵庫県','神戸市東灘区御影山手3-3-2','ジークレフ御影台204','katsumi-0414@au.com','08056307450','大学','神戸学院大学','経営学部','3年生','2022年卒業見込','',NULL,'2021-03-02 11:15:17','2021-03-02 11:15:17',0,NULL),
	(198,1,241,'JUL0798','今中渚月','イマナカナツキ',2,'1999-06-06','606-0933','京都府','京都市左京区松ケ崎西山19-2','BERG義義301','inside0323@outlook.jp','','大学','大谷大学','文学部・国際文化学科','3年生','2022年卒業見込','',NULL,'2021-03-02 11:40:29','2021-03-02 11:40:29',0,NULL),
	(199,1,242,'TEN0194','竹内 梨緒','タケウチ リオ',2,'1999-09-20','664-0008','兵庫県','伊丹市荒牧南2-19-10','','','','大学','近畿大学','','3年生','2022年卒業見込','',NULL,'2021-03-02 11:40:30','2021-03-02 11:40:30',0,NULL),
	(200,1,243,'DIG1058','太田志穂','オオタシホ',2,'2021-03-02','6540121','兵庫県','神戸市須磨区妙法寺兵庫県','ルネ須磨902','15shiho18@gmail.com','08061092769','大学','神戸女子大学','文学部','3年生','2022年卒業見込',NULL,NULL,'2021-03-02 12:04:57','2021-03-02 12:04:57',0,NULL),
	(201,1,244,'XUC6740','曹千一','ソウセンイチ',2,'1997-06-04','650-0022','兵庫県','神戸市中央区元町通6-6-16','元町MGレジデンス3-901号室','buulo210@s.kobegakuin.ac.jp','07077811999','大学','神戸学院大学','経営学部','3年生','2023年以降卒業見込',NULL,NULL,'2021-03-02 12:13:23','2021-03-02 12:13:23',0,NULL),
	(202,1,245,'HRS1074','金口隼之','カネグチトシユキ',1,'2001-06-30','651ー2103','兵庫県','神戸市西区学園西町','7丁目3  701-503','cb7ozx9aew@gmail.com','078-955-5080','短大・専門学校','産業技術短期大学','機械工学科','1年生','2022年卒業見込',NULL,NULL,'2021-03-02 13:06:37','2021-03-02 13:06:37',0,NULL),
	(203,1,246,'FQI1357','山元拓弥','ヤマモトタクヤ',1,'1999-05-24','6550852','兵庫県','神戸市垂水区名谷町3173','セントポリア803','hb18a111@oecu.jp','09039259237','大学','大阪電気通信大学','総合情報学部','3年生','2022年卒業見込',NULL,NULL,'2021-03-02 15:18:18','2021-03-02 15:18:18',0,NULL),
	(205,2,249,'YXO8270','楠原 淳範','クスハラアツノリ',1,'1977-06-22','544-0006','大阪府','大阪市生野区中川東2-1-1','テストマンション','akusuhara@bitlabo.jp','06-1234-4567','大学','なにわ大学','おちゃらけ学部','4年生','2023年卒業予定','テストです。','T-Pro consulting','2021-10-14 18:00:57','2021-10-14 18:00:57',0,NULL),
	(207,1,249,'YXO8270','楠原 淳範','クスハラアツノリ',1,'1977-06-22','544-0006','大阪府','大阪市生野区中川東2-1-1','テストマンション','akusuhara@bitlabo.jp','06-1234-4567','大学','なにわ大学','おちゃらけ学部','4年生','2023年卒業予定','テストです。','T-Pro consulting','2021-10-14 18:00:57','2021-10-14 18:00:57',0,NULL),
	(208,2,250,'SGH7682','大阪太郎','オオサカタロウ',1,'2001-10-23','544-0002','大阪府','大阪市生野区小路1-1-1','マンションテスト','akusuhara@bitlabo.jp','06-1234-5677','大学','なにわ大学','テスト学部','4年生','2022年卒業予定','テストです。テストです。','T-Pro consulting','2021-10-17 10:29:00','2021-10-17 10:29:00',0,NULL),
	(209,2,251,'XFJ0924','大阪花子','オオサカハナコ',2,'2001-05-01','533-0001','大阪府','大阪市東淀川区井高野1-2-3','テストハイツ','test001@bitlabo.jp','06-0987-4322','短大・専門学校','なにわ女子大学','テスト学部','4年生','2023年卒業予定','テスト','その他','2021-10-17 10:52:16','2021-10-17 10:52:16',0,NULL),
	(210,2,252,'TYK1693','神戸太郎','コウベタロウ',1,'2002-12-02','544-0002','大阪府','大阪市生野区小路2-3-4','テストマンション','test002@bitlabo.jp','06-3421-8576','短大・専門学校','なにわ専門学校','動画作成学部','2年生','2022年卒業予定','テストですか？はい、そうです。','合説ドットコム','2021-10-17 11:02:33','2021-10-17 11:02:33',0,NULL),
	(211,2,253,'NIP7869','大阪二郎','オオサカジロウ',1,'1999-02-09','544-0004','大阪府','大阪市生野区巽北','','test003@bitlabo.jp','','大学','テスト大学','','1年生','2023年卒業予定','','ワイプエンターテイメント','2021-10-17 11:53:21','2021-10-17 11:53:21',0,NULL),
	(212,2,254,'SXA9470','大阪たろう','オオサカタロウ',1,'2001-10-23','537-0002','大阪府','大阪市東成区深江南2-3-1','','akusuhara@bitlabo.jp','','大学','テスト大学','','3年生','2023年卒業予定','','合説ドットコム','2021-10-20 16:06:34','2021-10-20 16:06:34',0,NULL),
	(213,2,255,'IYL4587','大阪たろう','オオサカタロウ',1,'2001-10-23','537-0002','大阪府','大阪市東成区深江南2-3-1','','akusuhara@bitlabo.jp','','大学','テスト大学','','3年生','2023年卒業予定','','合説ドットコム','2021-10-20 16:06:53','2021-10-20 16:06:53',0,NULL),
	(214,2,256,'ECR3615','大阪たろう','オオサカタロウ',1,'2001-08-21','537-0002','大阪府','大阪市東成区深江南203-2','','akusuhara@bitlabo.jp','','大学','テスト大学','','4年生','2023年卒業予定','','T-Pro consulting','2021-10-20 16:08:26','2021-10-20 16:43:23',1,'2021-10-20 16:43:23'),
	(215,2,257,'CAW2751','大阪たろう','オオサカタロウ',1,'2001-08-21','537-0002','大阪府','大阪市東成区深江南203-2','','akusuhara@bitlabo.jp','','大学','テスト大学','','4年生','2023年卒業予定','','T-Pro consulting','2021-10-20 16:10:01','2021-10-20 16:10:01',0,NULL),
	(216,2,258,'BSY7210','大阪たろう','オオサカタロウ',1,'2001-08-21','537-0002','大阪府','大阪市東成区深江南203-2','','akusuhara@bitlabo.jp','','大学','テスト大学','','4年生','2023年卒業予定','','T-Pro consulting','2021-10-20 16:10:43','2021-10-20 16:10:43',0,NULL),
	(217,2,259,'NOL8567','大阪たろう','オオサカタロウ',1,'2001-08-21','537-0002','大阪府','大阪市東成区深江南203-2','','akusuhara@bitlabo.jp','','大学','テスト大学','','4年生','2023年卒業予定','','T-Pro consulting','2021-10-20 16:10:53','2021-10-20 16:10:53',0,NULL),
	(218,2,260,'XNW6912','大阪たろう','オオサカタロウ',1,'2001-08-21','537-0002','大阪府','大阪市東成区深江南203-2','','akusuhara@bitlabo.jp','','大学','テスト大学','','4年生','2023年卒業予定','','T-Pro consulting','2021-10-20 16:14:17','2021-10-20 16:14:17',0,NULL),
	(219,2,261,'APM4305','大阪たろう','オオサカタロウ',1,'2001-08-21','537-0002','大阪府','大阪市東成区深江南203-2','','akusuhara@bitlabo.jp','','大学','テスト大学','','4年生','2023年卒業予定','','T-Pro consulting','2021-10-20 16:15:51','2021-10-20 16:15:51',0,NULL),
	(220,2,262,'UHW1367','大阪たろう','オオサカタロウ',1,'2001-08-21','537-0002','大阪府','大阪市東成区深江南203-2','','akusuhara@bitlabo.jp','','大学','テスト大学','','4年生','2023年卒業予定','','T-Pro consulting','2021-10-20 16:16:49','2021-10-20 16:16:49',0,NULL),
	(221,2,263,'HWO9876','大阪たろう','オオサカタロウ',1,'2001-08-21','537-0002','大阪府','大阪市東成区深江南203-2','','akusuhara@bitlabo.jp','','大学','テスト大学','','4年生','2023年卒業予定','','T-Pro consulting','2021-10-20 16:17:55','2021-10-20 16:17:55',0,NULL),
	(222,2,264,'XRL1856','大阪たろう','オオサカタロウ',1,'2001-08-23','537-0003','大阪府','大阪市東成区神路1-33-1','','akusuhara@bitlabo.jp','','大学','テスト大学','','2年生','2022年卒業予定','','T-Pro consulting','2021-10-20 16:21:06','2021-10-20 16:21:06',0,NULL),
	(223,2,265,'ARK0529','大阪たろう','オオサカタロウ',1,'1999-03-02','537-0003','大阪府','大阪市東成区神路22-12-3','','akusuhara@bitlabo.jp','','大学','テスト大学','','3年生','既卒','','ダイヤモンドDM・メール','2021-10-20 16:23:27','2021-10-20 16:23:27',0,NULL),
	(224,2,266,'BDY5930','大阪たろう','オオサカタロウ',1,'2000-03-31','537-0001','大阪府','大阪市東成区深江北2-1-3','テストマンション','akusuhara@bitlabo.jp','0612345678','大学','テスト大学','テスト学部','4年生','2023年卒業予定','テスト','ワイプエンターテイメント','2021-10-20 19:21:41','2021-10-20 19:21:41',0,NULL),
	(225,2,267,'FHS4165','大阪たろう','オオサカタロウ',1,'1989-12-25',NULL,NULL,NULL,NULL,'akusuhara@bitlabo.jp','08037801163','大学','大阪大学',NULL,'2年生','2021年卒業予定',NULL,'T-Pro consulting','2022-01-24 22:00:38','2022-01-24 22:02:56',0,NULL),
	(226,2,268,'KHZ9875','名古屋たろう','ナゴヤタロウ',2,'1998-02-12','','','','','akusuhara@bitlabo.jp','','大学','名古屋大学','','3年生','2023年卒業予定','','柳本周介先生（将来塾・オフィスビギン）','2022-01-24 22:07:43','2022-01-24 22:07:43',0,NULL),
	(227,2,269,'FYQ7906','大阪たろう','オオサカタロウ',1,'2001-10-23','','','','','akusuhara@bitlabo.jp','','大学院','テスト大学','','3年生','2023年卒業予定','','T-Pro consulting','2022-02-19 14:23:39','2022-02-19 14:23:39',0,NULL);

/*!40000 ALTER TABLE `entry` ENABLE KEYS */;
UNLOCK TABLES;


# テーブルのダンプ events
# ------------------------------------------------------------

DROP TABLE IF EXISTS `events`;

CREATE TABLE `events` (
  `id` bigint(20) unsigned NOT NULL AUTO_INCREMENT COMMENT 'イベントID',
  `parent_id` bigint(20) unsigned DEFAULT NULL COMMENT '親イベントID',
  `code` varchar(8) NOT NULL DEFAULT '' COMMENT '主催者コード',
  `name` varchar(256) NOT NULL DEFAULT '' COMMENT 'イベント名',
  `tanto_name` varchar(1024) DEFAULT NULL COMMENT '担当者/責任者',
  `tanto_email` varchar(1024) DEFAULT NULL COMMENT '担当者メール',
  `tanto_contact` varchar(1024) DEFAULT NULL COMMENT '担当者コンタクト（電話・SNS等）',
  `started_at` datetime DEFAULT NULL COMMENT '開始日時',
  `ended_at` datetime DEFAULT NULL COMMENT '終了日時',
  `reserv_started_at` datetime DEFAULT NULL COMMENT '予約 開始日時',
  `reserv_ended_at` datetime DEFAULT NULL COMMENT '予約 終了日時',
  `accepting` int(11) DEFAULT NULL COMMENT '当日受付開始',
  `is_view` tinyint(1) DEFAULT NULL COMMENT '表示・非表示',
  `created_at` datetime NOT NULL DEFAULT CURRENT_TIMESTAMP COMMENT '作成日時',
  `updated_at` datetime NOT NULL DEFAULT CURRENT_TIMESTAMP COMMENT '更新日時',
  `is_deleted` tinyint(1) NOT NULL DEFAULT '0' COMMENT '削除フラグ',
  `deleted_at` datetime DEFAULT NULL COMMENT '削除日時',
  PRIMARY KEY (`id`),
  UNIQUE KEY `code` (`code`)
) ENGINE=InnoDB DEFAULT CHARSET=utf8 COMMENT='イベント情報';

LOCK TABLES `events` WRITE;
/*!40000 ALTER TABLE `events` DISABLE KEYS */;

INSERT INTO `events` (`id`, `parent_id`, `code`, `name`, `tanto_name`, `tanto_email`, `tanto_contact`, `started_at`, `ended_at`, `reserv_started_at`, `reserv_ended_at`, `accepting`, `is_view`, `created_at`, `updated_at`, `is_deleted`, `deleted_at`)
VALUES
	(1,NULL,'AAA0001','ひょうご就職サミット２０２０',NULL,NULL,NULL,'2021-03-02 12:10:00','2021-03-02 16:15:00','2021-02-19 00:00:00','2021-03-02 16:15:00',10,1,'2021-03-01 06:39:04','2022-03-04 10:57:20',0,NULL),
	(2,NULL,'ADI1602','大阪就職サミット２０２１','大阪たろう','test001@bitlabo.jp',NULL,NULL,NULL,'2021-09-30 00:00:00','2021-10-30 23:59:00',NULL,NULL,'2021-09-18 10:58:51','2022-07-22 09:50:18',0,NULL),
	(3,NULL,'LQU8706','テスト',NULL,NULL,NULL,NULL,NULL,NULL,NULL,NULL,1,'2021-10-20 16:59:21','2022-07-22 09:50:25',0,NULL);

/*!40000 ALTER TABLE `events` ENABLE KEYS */;
UNLOCK TABLES;


# テーブルのダンプ events_users_relation
# ------------------------------------------------------------

DROP TABLE IF EXISTS `events_users_relation`;

CREATE TABLE `events_users_relation` (
  `event_id` bigint(20) unsigned NOT NULL,
  `users_id` bigint(20) unsigned NOT NULL,
  KEY `event_id` (`event_id`),
  KEY `users_id` (`users_id`),
  CONSTRAINT `events_users_relation_ibfk_1` FOREIGN KEY (`event_id`) REFERENCES `events` (`id`),
  CONSTRAINT `events_users_relation_ibfk_2` FOREIGN KEY (`users_id`) REFERENCES `users` (`id`)
) ENGINE=InnoDB DEFAULT CHARSET=utf8;



# テーブルのダンプ exhibitors
# ------------------------------------------------------------

DROP TABLE IF EXISTS `exhibitors`;

CREATE TABLE `exhibitors` (
  `id` bigint(20) unsigned NOT NULL AUTO_INCREMENT COMMENT '出展企業ID',
  `event_id` bigint(20) unsigned NOT NULL COMMENT 'イベントID',
  `code` varchar(8) NOT NULL DEFAULT '' COMMENT '出展企業コード',
  `name` varchar(1024) NOT NULL DEFAULT '' COMMENT '企業・団体名',
  `tanto` varchar(128) DEFAULT '' COMMENT '担当者名',
  `zip1` varchar(5) DEFAULT NULL COMMENT '郵便番号',
  `zip2` varchar(5) DEFAULT NULL COMMENT '郵便番号',
  `address` varchar(1024) DEFAULT '' COMMENT '住所',
  `phone` varchar(24) DEFAULT '' COMMENT '電話番号',
  `email` varchar(128) DEFAULT '' COMMENT 'メールアドレス',
  `note` text COMMENT 'その他備考、説明等',
  `is_join` tinyint(1) NOT NULL DEFAULT '0' COMMENT '参加フラグ',
  `created_at` datetime NOT NULL DEFAULT CURRENT_TIMESTAMP COMMENT '作成日時',
  `updated_at` datetime NOT NULL DEFAULT CURRENT_TIMESTAMP COMMENT '更新日時',
  `is_deleted` tinyint(1) NOT NULL DEFAULT '0' COMMENT '削除フラグ',
  `deleted_at` datetime DEFAULT NULL COMMENT '削除日時',
  PRIMARY KEY (`id`),
  KEY `event_id` (`event_id`),
  KEY `code` (`code`),
  CONSTRAINT `exhibitors_ibfk_1` FOREIGN KEY (`event_id`) REFERENCES `events` (`id`)
) ENGINE=InnoDB DEFAULT CHARSET=utf8 COMMENT='出展企業情報';

LOCK TABLES `exhibitors` WRITE;
/*!40000 ALTER TABLE `exhibitors` DISABLE KEYS */;

INSERT INTO `exhibitors` (`id`, `event_id`, `code`, `name`, `tanto`, `zip1`, `zip2`, `address`, `phone`, `email`, `note`, `is_join`, `created_at`, `updated_at`, `is_deleted`, `deleted_at`)
VALUES
	(1,1,'TSH1264','株式会社モリエン','森 一朗','652','0032','兵庫県神戸市兵庫区荒田町1-4-5','078-511-5163','saiyou@morien.com',NULL,1,'2021-03-01 06:53:04','2021-03-01 12:30:15',0,NULL),
	(2,1,'OWE7581','株式会社いづよね','川崎 恭雄','657','0034','兵庫県神戸市灘区記田町2-3-18','078-821-2502','info@yonezou.com','会社HP：http://www.iduyone.com',1,'2021-03-01 12:23:06','2021-03-01 12:27:09',0,NULL),
	(3,1,'WFE2019','株式会社スマイルヴィジョン','杉若 太郎','530','0053','大阪府大阪市北区末広町3-21扇町センタービル707','0663632780','info@smilevision.co.jp',NULL,0,'2021-03-01 12:28:06','2021-03-01 12:28:06',0,NULL),
	(4,1,'VTJ1698','三祐木材株式会社','小林 進','654','0133','兵庫県神戸市須磨区多井畑池の奥上11-1','078-743-3111','miura@sanyumokuzai.co.jp',NULL,1,'2021-03-01 12:32:29','2021-03-01 12:32:39',0,NULL),
	(5,1,'OVA5146','有限会社宮崎電工','赤松 竜一','672','8071','兵庫県姫路市飾磨区構1-193','079-280-2520','info@miya-den.sakura.ne.jp',NULL,1,'2021-03-01 12:33:55','2021-03-01 12:37:27',0,NULL),
	(6,1,'GPU3964','株式会社ニッセイ機工','藤本 茂','658','0044','兵庫県神戸市東灘区御影塚町3-6-10','078-851-6680','fujimoto@nkw.co.jp',NULL,1,'2021-03-01 12:35:45','2021-03-01 12:37:27',0,NULL),
	(7,1,'OLT3782','株式会社ミラク','吉田 宗平','651','1401','兵庫県神戸市北区有馬町1658-3','078-903-5666','info@miraku-corp.co.jp',NULL,1,'2021-03-01 12:37:07','2021-03-01 12:37:27',0,NULL),
	(8,1,'OCG4837','株式会社三宅電気工事','三宅 誠治','658','0025','兵庫県神戸市東灘区魚崎南町3丁目21-12','078-451-0401','seiji_miyake@miyakedenki.co.jp',NULL,1,'2021-03-01 12:39:09','2021-03-01 13:25:47',0,NULL),
	(9,1,'FNK0587','株式会社てらす','寺本 達也','665','0822','兵庫県宝塚市安倉中5丁目2-33','0797-86-3938','info@terasu-y.co.jp',NULL,1,'2021-03-01 12:41:17','2021-03-01 13:25:47',0,NULL),
	(10,1,'BZQ4258','株式会社ダイレクト','定本 康敬','677','0016','兵庫県西脇市高田井町1038','0795-22-9094','info@direct-site.com',NULL,1,'2021-03-01 12:43:31','2021-03-01 13:25:47',0,NULL),
	(11,1,'CNV2140','株式会社大匠','西森 正樹','652','0801','兵庫県神戸市兵庫区中道通2丁目4-9','078-223-5252','info@daisho.link',NULL,1,'2021-03-01 12:44:31','2021-03-01 13:25:47',0,NULL),
	(12,1,'ZKI6879','淡路麺業株式会社','藤本雄太','656','2225','兵庫県淡路市生穂新島9-15','0799-64-0811','info@namapasta.net',NULL,1,'2021-03-01 12:45:26','2021-03-02 11:55:57',0,NULL),
	(13,1,'OJP8709','株式会社神戸設計ルーム','大里 雄一','651','0084','兵庫県神戸市中央区磯辺通3丁目1-2　大和地所三宮ビル5F','078-221-1358','jinji@kobe-sekkei.com',NULL,1,'2021-03-01 12:46:31','2021-03-01 13:25:47',0,NULL),
	(14,1,'QGZ2603','株式会社あっと・はんど','沖浦 剛','651','2222','兵庫県神戸市西区押部谷町木津5-3','078-994-2439','kaigo@at-hand.info',NULL,1,'2021-03-01 12:48:36','2021-03-01 13:25:47',0,NULL),
	(15,1,'NGH0697','株式会社K＆L Group','久保田 佳典','650','0022','兵庫県神戸市中央区元町通4丁目6-21ジュネスビル4-2','078-766-7667','klg.kubota@gmail.com',NULL,1,'2021-03-01 12:49:52','2021-03-01 13:25:47',0,NULL),
	(16,1,'GFO2839','有限会社宏稜不動産','寺本 慎一','651','1313','兵庫県神戸市北区有野中町1-15-9','078-982-38888','info@kouryou.net',NULL,1,'2021-03-01 12:51:06','2021-03-01 13:25:47',0,NULL),
	(17,1,'LCS1648','株式会社ナカキ','中原 陽子','662','0934','兵庫県西宮市西宮浜1-4-3','0798-38-2557','y-nakahara@ffs-nakaki.co.jp',NULL,1,'2021-03-01 12:52:28','2021-03-01 13:25:46',0,NULL),
	(18,1,'JNT4653','株式会社ネクストページ','藤中 元博','651','0085','兵庫県神戸市中央区八幡通1-1-14 IPSX SOUTH 501','078-242-3307','recruit@nxpg.net',NULL,1,'2021-03-01 12:53:45','2021-03-01 13:25:46',0,NULL),
	(19,1,'SZE3097','有限会社まいらいふ','平山 香緒利','652','0015','兵庫県神戸市兵庫区下祇園町1-13','078-366-4484','hirayama@k-mylife.com',NULL,1,'2021-03-01 12:54:51','2021-03-01 13:25:46',0,NULL),
	(20,1,'OPE5619','株式会社DATAKIT','喜多 庸元','650','0034','兵庫県神戸市中央区京町83 三宮センチュリービル401','078-393-8585','info@datakit.co.jp',NULL,1,'2021-03-01 12:56:06','2021-03-01 13:25:46',0,NULL),
	(21,1,'OCV4950','株式会社河野鉄工所','河野 裕司','657','0854','兵庫県神戸市灘区摩耶埠頭 摩耶業務センタービル401-A','078-801-7744','k-iw@k-iw.com',NULL,1,'2021-03-01 12:59:23','2021-03-01 13:25:46',0,NULL),
	(22,1,'AQC7843','Ｅａｒｔｈｉｎｋ株式会社','崎野 哲史','669','1535','兵庫県三田市南が丘1-40-34 コタニビル2階','079-559-1369','info@asianlife.co.jp',NULL,1,'2021-03-01 13:01:05','2021-03-01 13:25:46',0,NULL),
	(23,1,'XYH6034','有限会社ニシムラサービス','松澤 博之','658','0044','兵庫県神戸市東灘区御影塚町1-5-1','078-891-5995','info@nishimura-s.net',NULL,1,'2021-03-01 13:02:09','2021-03-01 13:25:46',0,NULL),
	(24,1,'JGM5893','株式会社be love company','西 良旺子','650','0022','兵庫県神戸市中央区元町通3-9-8パルパローレビル3階','078-599-7601','infosan@belove.co.jp',NULL,1,'2021-03-01 13:04:10','2021-03-01 13:25:46',0,NULL),
	(25,1,'ZRN0936','株式会社ドアズ','戸田 克己','651','0094','兵庫県神戸市中央区琴ノ緒町1-6-5','078-262-6081','info@dis.ne.jp',NULL,1,'2021-03-01 13:05:36','2021-03-01 13:25:46',0,NULL),
	(26,1,'RMW0354','有限会社トーメー','當銘 英世','661','0963','兵庫県尼崎市高田町5-21','06-6493-0907','h.toumei@beito1ban.com',NULL,1,'2021-03-01 13:06:46','2021-03-01 13:25:46',0,NULL),
	(27,1,'IHB4806','株式会社東和電機','髙口 明浩','651','2235','兵庫県神戸市西区櫨谷町長谷274','078-990-3335','office@towa-electric.co.jp',NULL,1,'2021-03-01 13:10:00','2021-03-01 13:25:46',0,NULL),
	(28,1,'ZIW7634','日本ワヰコ株式会社','木下 浩伸','544','0002','大阪府大阪市生野区小路3-6-2','06-6751-0636','connrod@wico.jp',NULL,1,'2021-03-01 13:12:17','2021-03-01 13:25:46',0,NULL),
	(29,1,'YID1948','有限会社目見田商事','目見田 純也','665','0051','兵庫県宝塚市高司2-16-15','0797-72-0121','info@himawari-ss.com',NULL,1,'2021-03-01 13:13:09','2021-03-01 13:25:46',0,NULL),
	(30,1,'BJF8532','株式会社新興商運','田正司 知祐','679','1102','兵庫県多可郡多可町中区安楽田663','0795-30-0120','shinko-shoun@gaia.eonet.ne.jp',NULL,1,'2021-03-01 13:15:00','2021-03-01 13:25:46',0,NULL),
	(31,1,'NIK0793','株式会社安福冷暖','安福 元則','651','2411','兵庫県神戸市西区上新地1-1-6','078-967-3855','reidan@bea.hi-ho.ne.jp',NULL,1,'2021-03-01 13:15:54','2021-03-01 13:25:46',0,NULL),
	(32,1,'BMC9687','株式会社三八商会','重見 睦揮','651','0066','兵庫県神戸市中央区国香通2-3-9','078-222-3810','sanpachi-saiyo@kk38.co.jp',NULL,1,'2021-03-01 13:16:58','2021-03-01 13:25:46',0,NULL),
	(33,1,'DYC6327','株式会社ミユキット','中内 真人','654','0028','兵庫県神戸市須磨区常盤町2-4-15','078-733-5369','saiyou@miucuit.jp',NULL,1,'2021-03-01 13:17:47','2021-03-01 13:25:46',0,NULL),
	(34,1,'OZP5140','株式会社イーエスプランニング','藤岡 義己','650','0025','兵庫県神戸市中央区相生町6-1-19','078-362-2512','info@esplanning.co.jp',NULL,1,'2021-03-01 13:18:38','2021-03-01 13:25:46',0,NULL),
	(35,1,'IUQ6709','株式会社デジアラホールディングス','有本 武司','658','0032','兵庫県神戸市東灘区向洋町中6-9','078-846-4401','recruit@d-a.co.jp',NULL,1,'2021-03-01 13:19:35','2021-03-01 13:25:46',0,NULL),
	(36,1,'YWZ9341','ジィ・アンド・ジィ株式会社','小林 敏夫','651','0086','兵庫県神戸市中央区磯上通4-1-6 シオノギ神戸ビル2階','078-222-1551','ggsaiyo@GandG.co.jp',NULL,1,'2021-03-01 13:20:45','2021-03-01 13:25:46',0,NULL),
	(37,1,'MXJ9501','株式会社ファシネートジャパン','石郷岡 聖','652','0015','兵庫県神戸市兵庫区下祇園町20-15','078-381-7454','info@fascinate-japan.co.jp',NULL,1,'2021-03-01 13:21:36','2021-03-01 13:25:46',0,NULL),
	(38,1,'WLO8206','株式会社マリーコーポレーション','川崎 由美子','651','1421','兵庫県西宮市山口町上山口4-16-32,仁木家','078-907-5067','info@niki-ya.sakura.ne.jp',NULL,1,'2021-03-01 13:22:36','2021-03-01 13:25:46',0,NULL),
	(39,1,'OJA8762','有限会社黄山金属プレス工業所','黄山 茂雄','550','0025','大阪府大阪市西区九条南4-22-16','06-6581-6450','takuma@kiyama-mb.jp',NULL,1,'2021-03-01 13:23:26','2021-03-01 13:25:46',0,NULL),
	(40,1,'ZBH4569','社会福祉法人フロンティア福祉会','福井 秀幸','650','0021','兵庫県神戸市中央区三宮町2-11-1','078-381-7029','inquiry_frontier@frontier-kobe.jp',NULL,1,'2021-03-01 13:24:22','2021-03-01 13:25:46',0,NULL),
	(41,1,'TYI7406','株式会社高山商店','高山 一男','650','0017','兵庫県神戸市中央区楠町6-1-4','078-371-5050','info@takayamashoten.co.jp',NULL,1,'2021-03-01 13:25:14','2021-03-01 13:25:46',0,NULL),
	(42,1,'HMK0867','株式会社オフィスビギン',NULL,NULL,NULL,NULL,NULL,'ron0204kt@yahoo.co.jp',NULL,1,'2021-03-02 11:32:41','2021-03-02 11:32:54',0,NULL),
	(43,2,'GKD9175','BitLabo','楠原淳範','544','0001','大阪府大阪市生野区新今里','080-1234-5678','akusuhara@bitlabo.jp',NULL,0,'2021-09-18 13:56:21','2022-07-18 16:35:27',0,'2022-07-18 16:35:27'),
	(46,1,'GKD9175','BitLabo','楠原淳範','544','0001','大阪府大阪市生野区新今里','080-1234-5678','akusuhara@bitlabo.jp',NULL,0,'2021-09-18 13:56:21','2021-09-18 13:56:21',0,NULL),
	(47,2,'TKV8743','浪速建設浪速建設浪速建設浪速建設浪速建設',NULL,NULL,NULL,NULL,NULL,'test001@bitlabo.jp',NULL,1,'2022-03-01 16:22:09','2022-03-01 18:43:24',0,NULL),
	(48,2,'XKG7362','大阪建設',NULL,NULL,NULL,NULL,NULL,'test002@bitlabo.jp',NULL,1,'2022-03-01 16:25:38','2022-07-18 16:02:58',0,'2022-07-18 16:02:58'),
	(49,2,'TIQ0456','テスト株式会社',NULL,NULL,NULL,NULL,NULL,'test001@bitlabo.jp',NULL,0,'2022-07-25 10:41:07','2022-07-25 10:41:07',0,NULL),
	(50,2,'TWF3602','テスト２株式会社',NULL,NULL,NULL,NULL,NULL,'test002@bitlabo.jp',NULL,0,'2022-07-25 10:45:44','2022-07-25 15:17:06',0,'2022-07-25 15:17:06'),
	(51,2,'NQY9862','テスト２株式会社',NULL,NULL,NULL,NULL,NULL,'test002@bitlabo.jp',NULL,0,'2022-07-25 15:17:34','2022-07-25 15:23:54',0,'2022-07-25 15:23:54'),
	(52,2,'WRM2154','テスト２株式会社',NULL,NULL,NULL,NULL,NULL,'test002@bitlabo.jp',NULL,0,'2022-07-25 15:18:01','2022-07-25 15:23:48',0,'2022-07-25 15:23:48'),
	(53,2,'NYM0896','テスト２株式会社',NULL,NULL,NULL,NULL,NULL,'test002@bitlabo.jp',NULL,0,'2022-07-25 15:19:49','2022-07-25 15:24:00',0,'2022-07-25 15:24:00'),
	(54,2,'KFM3281','テスト２株式会社',NULL,NULL,NULL,NULL,NULL,'test002@bitlabo.jp',NULL,0,'2022-07-25 15:20:36','2022-07-25 15:24:05',0,'2022-07-25 15:24:05'),
	(55,2,'WXO3805','テスト２株式会社',NULL,NULL,NULL,NULL,NULL,'test002@bitlabo.jp',NULL,0,'2022-07-25 15:26:29','2022-07-26 17:09:09',0,'2022-07-26 17:09:09');

/*!40000 ALTER TABLE `exhibitors` ENABLE KEYS */;
UNLOCK TABLES;


# テーブルのダンプ exhibitors_user_relation
# ------------------------------------------------------------

DROP TABLE IF EXISTS `exhibitors_user_relation`;

CREATE TABLE `exhibitors_user_relation` (
  `exhibitors_id` bigint(20) unsigned NOT NULL,
  `users_id` bigint(20) unsigned NOT NULL,
  KEY `exhibitor_id` (`exhibitors_id`),
  KEY `users_id` (`users_id`),
  CONSTRAINT `exhibitors_user_relation_ibfk_1` FOREIGN KEY (`exhibitors_id`) REFERENCES `exhibitors` (`id`),
  CONSTRAINT `exhibitors_user_relation_ibfk_2` FOREIGN KEY (`users_id`) REFERENCES `users` (`id`)
) ENGINE=InnoDB DEFAULT CHARSET=utf8 COMMENT='出展企業・ユーザー連携（出展者ログイン時に使用）';

LOCK TABLES `exhibitors_user_relation` WRITE;
/*!40000 ALTER TABLE `exhibitors_user_relation` DISABLE KEYS */;

INSERT INTO `exhibitors_user_relation` (`exhibitors_id`, `users_id`)
VALUES
	(1,3),
	(2,4),
	(3,5),
	(4,6),
	(5,7),
	(6,8),
	(7,9),
	(8,10),
	(9,11),
	(10,12),
	(11,13),
	(12,14),
	(13,15),
	(14,16),
	(15,17),
	(16,18),
	(17,19),
	(18,20),
	(19,21),
	(20,22),
	(21,23),
	(22,24),
	(23,25),
	(24,26),
	(25,27),
	(26,28),
	(27,29),
	(28,30),
	(29,31),
	(30,32),
	(31,33),
	(32,34),
	(33,35),
	(34,36),
	(35,37),
	(36,38),
	(37,39),
	(38,40),
	(39,41),
	(40,42),
	(41,43),
	(42,240),
	(43,247),
	(46,247),
	(47,270),
	(48,272),
	(49,273),
	(50,274),
	(51,275),
	(52,276),
	(53,277),
	(54,278),
	(55,279);

/*!40000 ALTER TABLE `exhibitors_user_relation` ENABLE KEYS */;
UNLOCK TABLES;


# テーブルのダンプ migrations
# ------------------------------------------------------------

DROP TABLE IF EXISTS `migrations`;

CREATE TABLE `migrations` (
  `id` int(10) unsigned NOT NULL AUTO_INCREMENT,
  `migration` varchar(255) COLLATE utf8mb4_unicode_ci NOT NULL,
  `batch` int(11) NOT NULL,
  PRIMARY KEY (`id`)
) ENGINE=InnoDB DEFAULT CHARSET=utf8mb4 COLLATE=utf8mb4_unicode_ci;

LOCK TABLES `migrations` WRITE;
/*!40000 ALTER TABLE `migrations` DISABLE KEYS */;

INSERT INTO `migrations` (`id`, `migration`, `batch`)
VALUES
	(1,'2022_08_05_103214_create_company_table',0),
	(2,'2022_08_05_103214_create_company_events_relation_table',0),
	(3,'2022_08_05_103214_create_contents_table',0),
	(4,'2022_08_05_103214_create_contents_validation_table',0),
	(5,'2022_08_05_103214_create_contents_values_table',0),
	(6,'2022_08_05_103214_create_entries_table',0),
	(7,'2022_08_05_103214_create_entries_item_table',0),
	(8,'2022_08_05_103214_create_entries_item_options_table',0),
	(9,'2022_08_05_103214_create_entries_item_style_table',0),
	(10,'2022_08_05_103214_create_entry_table',0),
	(11,'2022_08_05_103214_create_events_table',0),
	(12,'2022_08_05_103214_create_events_users_relation_table',0),
	(13,'2022_08_05_103214_create_exhibitors_table',0),
	(14,'2022_08_05_103214_create_exhibitors_user_relation_table',0),
	(15,'2022_08_05_103214_create_password_resets_table',0),
	(16,'2022_08_05_103214_create_place_table',0),
	(17,'2022_08_05_103214_create_questionnaire_table',0),
	(18,'2022_08_05_103214_create_questionnaire_detail_table',0),
	(19,'2022_08_05_103214_create_reception_table',0),
	(20,'2022_08_05_103214_create_users_table',0),
	(21,'2022_08_05_103214_create_users_detail_table',0),
	(22,'2022_08_05_103214_create_visit_table',0),
	(23,'2022_08_05_103216_add_foreign_keys_to_company_events_relation_table',0),
	(24,'2022_08_05_103216_add_foreign_keys_to_contents_table',0),
	(25,'2022_08_05_103216_add_foreign_keys_to_contents_validation_table',0),
	(26,'2022_08_05_103216_add_foreign_keys_to_contents_values_table',0),
	(27,'2022_08_05_103216_add_foreign_keys_to_entries_table',0),
	(28,'2022_08_05_103216_add_foreign_keys_to_entries_item_table',0),
	(29,'2022_08_05_103216_add_foreign_keys_to_entries_item_options_table',0),
	(30,'2022_08_05_103216_add_foreign_keys_to_entry_table',0),
	(31,'2022_08_05_103216_add_foreign_keys_to_events_users_relation_table',0),
	(32,'2022_08_05_103216_add_foreign_keys_to_exhibitors_table',0),
	(33,'2022_08_05_103216_add_foreign_keys_to_exhibitors_user_relation_table',0),
	(34,'2022_08_05_103216_add_foreign_keys_to_place_table',0),
	(35,'2022_08_05_103216_add_foreign_keys_to_questionnaire_table',0),
	(36,'2022_08_05_103216_add_foreign_keys_to_questionnaire_detail_table',0),
	(37,'2022_08_05_103216_add_foreign_keys_to_reception_table',0),
	(38,'2022_08_05_103216_add_foreign_keys_to_users_detail_table',0),
	(39,'2022_08_05_103216_add_foreign_keys_to_visit_table',0);

/*!40000 ALTER TABLE `migrations` ENABLE KEYS */;
UNLOCK TABLES;


# テーブルのダンプ password_resets
# ------------------------------------------------------------

DROP TABLE IF EXISTS `password_resets`;

CREATE TABLE `password_resets` (
  `email` varchar(255) COLLATE utf8mb4_unicode_ci NOT NULL,
  `token` varchar(255) COLLATE utf8mb4_unicode_ci NOT NULL,
  `created_at` timestamp NULL DEFAULT NULL,
  KEY `password_resets_email_index` (`email`)
) ENGINE=InnoDB DEFAULT CHARSET=utf8mb4 COLLATE=utf8mb4_unicode_ci;



# テーブルのダンプ place
# ------------------------------------------------------------

DROP TABLE IF EXISTS `place`;

CREATE TABLE `place` (
  `id` bigint(20) unsigned NOT NULL AUTO_INCREMENT COMMENT '会場ID',
  `event_id` bigint(20) unsigned NOT NULL COMMENT 'イベントID',
  `name` varchar(128) NOT NULL COMMENT '会場名',
  `zip1` varchar(5) DEFAULT NULL COMMENT '郵便番号',
  `zip2` varchar(5) DEFAULT NULL COMMENT '郵便番号',
  `address` varchar(2048) DEFAULT '' COMMENT '会場住所',
  `phone` varchar(24) DEFAULT '' COMMENT '電話番号',
  `created_at` datetime NOT NULL DEFAULT CURRENT_TIMESTAMP COMMENT '作成日時',
  `updated_at` datetime NOT NULL DEFAULT CURRENT_TIMESTAMP COMMENT '更新日時',
  `is_deleted` tinyint(1) NOT NULL DEFAULT '0' COMMENT '削除フラグ',
  `deleted_at` datetime DEFAULT NULL COMMENT '削除日時',
  PRIMARY KEY (`id`),
  KEY `event_id` (`event_id`),
  CONSTRAINT `place_ibfk_1` FOREIGN KEY (`event_id`) REFERENCES `events` (`id`)
) ENGINE=InnoDB DEFAULT CHARSET=utf8 COMMENT='会場情報';

LOCK TABLES `place` WRITE;
/*!40000 ALTER TABLE `place` DISABLE KEYS */;

INSERT INTO `place` (`id`, `event_id`, `name`, `zip1`, `zip2`, `address`, `phone`, `created_at`, `updated_at`, `is_deleted`, `deleted_at`)
VALUES
	(1,1,'神戸市立中央体育館',NULL,NULL,NULL,NULL,'2021-03-01 08:48:17','2021-09-18 10:54:06',0,NULL),
	(2,2,'マイドームおおさか',NULL,NULL,'大阪府大阪市中央区本町橋２−５','06-6947-4321','2021-09-18 10:58:51','2021-09-18 10:58:51',0,NULL),
	(3,3,'大阪ドーム',NULL,NULL,NULL,NULL,'2021-10-20 16:59:21','2021-10-20 16:59:21',0,NULL);

/*!40000 ALTER TABLE `place` ENABLE KEYS */;
UNLOCK TABLES;


# テーブルのダンプ questionnaire
# ------------------------------------------------------------

DROP TABLE IF EXISTS `questionnaire`;

CREATE TABLE `questionnaire` (
  `id` bigint(20) unsigned NOT NULL AUTO_INCREMENT COMMENT 'アンケートID',
  `event_id` bigint(20) unsigned NOT NULL COMMENT 'イベントID',
  `entry_id` bigint(20) unsigned NOT NULL COMMENT 'エントリーID',
  `created_at` datetime NOT NULL DEFAULT CURRENT_TIMESTAMP COMMENT '作成日時',
  `updated_at` datetime NOT NULL DEFAULT CURRENT_TIMESTAMP COMMENT '更新日時',
  `is_deleted` tinyint(1) NOT NULL DEFAULT '0' COMMENT '削除フラグ',
  `deleted_at` datetime DEFAULT NULL COMMENT '削除日時',
  PRIMARY KEY (`id`),
  KEY `entry_id` (`entry_id`),
  KEY `event_id` (`event_id`),
  CONSTRAINT `questionnaire_ibfk_1` FOREIGN KEY (`entry_id`) REFERENCES `entry` (`id`),
  CONSTRAINT `questionnaire_ibfk_2` FOREIGN KEY (`event_id`) REFERENCES `events` (`id`)
) ENGINE=InnoDB DEFAULT CHARSET=utf8 COMMENT='アンケート';

LOCK TABLES `questionnaire` WRITE;
/*!40000 ALTER TABLE `questionnaire` DISABLE KEYS */;

INSERT INTO `questionnaire` (`id`, `event_id`, `entry_id`, `created_at`, `updated_at`, `is_deleted`, `deleted_at`)
VALUES
	(4,1,9,'2021-03-02 09:50:49','2021-03-02 09:50:49',0,NULL),
	(5,1,2,'2021-03-02 09:51:59','2021-03-02 09:51:59',0,NULL),
	(6,1,3,'2021-03-02 13:19:40','2021-03-02 13:19:40',0,NULL),
	(7,1,54,'2021-03-02 13:22:49','2021-03-02 13:22:49',0,NULL),
	(8,1,93,'2021-03-02 13:26:18','2021-03-02 13:26:18',0,NULL),
	(9,1,16,'2021-03-02 13:28:34','2021-03-02 13:28:34',0,NULL),
	(10,1,44,'2021-03-02 13:47:39','2021-03-02 13:47:39',0,NULL),
	(11,1,103,'2021-03-02 13:49:45','2021-03-02 13:49:45',0,NULL),
	(12,1,72,'2021-03-02 13:51:41','2021-03-02 13:51:41',0,NULL),
	(13,1,126,'2021-03-02 13:52:50','2021-03-02 13:52:50',0,NULL),
	(14,1,125,'2021-03-02 13:53:10','2021-03-02 13:53:10',0,NULL),
	(15,1,100,'2021-03-02 14:17:46','2021-03-02 14:17:46',0,NULL),
	(16,1,92,'2021-03-02 14:19:24','2021-03-02 14:19:24',0,NULL),
	(17,1,121,'2021-03-02 14:44:11','2021-03-02 14:44:11',0,NULL),
	(18,1,115,'2021-03-02 14:44:20','2021-03-02 14:44:20',0,NULL),
	(19,1,81,'2021-03-02 14:44:39','2021-03-02 14:44:39',0,NULL),
	(20,1,17,'2021-03-02 14:44:48','2021-03-02 14:44:48',0,NULL),
	(21,1,62,'2021-03-02 15:02:01','2021-03-02 15:02:01',0,NULL),
	(22,1,63,'2021-03-02 15:02:15','2021-03-02 15:02:15',0,NULL),
	(23,1,25,'2021-03-02 15:03:06','2021-03-02 15:03:06',0,NULL),
	(24,1,10,'2021-03-02 15:06:48','2021-03-02 15:06:48',0,NULL),
	(25,1,69,'2021-03-02 15:07:24','2021-03-02 15:07:24',0,NULL),
	(26,1,49,'2021-03-02 15:07:44','2021-03-02 15:07:44',0,NULL),
	(27,1,198,'2021-03-02 15:07:54','2021-03-02 15:07:54',0,NULL),
	(28,1,47,'2021-03-02 15:08:04','2021-03-02 15:08:04',0,NULL),
	(29,1,48,'2021-03-02 15:08:47','2021-03-02 15:08:47',0,NULL),
	(30,1,31,'2021-03-02 15:11:25','2021-03-02 15:11:25',0,NULL),
	(31,1,59,'2021-03-02 15:11:29','2021-03-02 15:11:29',0,NULL),
	(32,1,199,'2021-03-02 15:24:40','2021-03-02 15:24:40',0,NULL),
	(33,1,30,'2021-03-02 15:26:42','2021-03-02 15:26:42',0,NULL),
	(34,1,12,'2021-03-02 15:27:29','2021-03-02 15:27:29',0,NULL),
	(35,1,38,'2021-03-02 15:27:50','2021-03-02 15:27:50',0,NULL),
	(36,1,202,'2021-03-02 15:30:30','2021-03-02 15:30:30',0,NULL),
	(37,1,57,'2021-03-02 15:30:33','2021-03-02 15:30:33',0,NULL),
	(38,1,29,'2021-03-02 15:30:55','2021-03-02 15:30:55',0,NULL),
	(39,1,34,'2021-03-02 15:31:26','2021-03-02 15:31:26',0,NULL),
	(40,1,132,'2021-03-02 15:34:02','2021-03-02 15:34:02',0,NULL),
	(41,1,120,'2021-03-02 15:34:07','2021-03-02 15:34:07',0,NULL),
	(42,1,40,'2021-03-02 15:34:52','2021-03-02 15:34:52',0,NULL),
	(43,1,53,'2021-03-02 15:43:57','2021-03-02 15:43:57',0,NULL),
	(44,1,86,'2021-03-02 15:51:00','2021-03-02 15:51:00',0,NULL),
	(45,1,91,'2021-03-02 15:51:59','2021-03-02 15:51:59',0,NULL),
	(46,1,87,'2021-03-02 15:52:24','2021-03-02 15:52:24',0,NULL),
	(47,1,15,'2021-03-02 15:52:25','2021-03-02 15:52:25',0,NULL),
	(48,1,85,'2021-03-02 15:52:26','2021-03-02 15:52:26',0,NULL),
	(49,1,90,'2021-03-02 15:52:29','2021-03-02 15:52:29',0,NULL),
	(50,1,35,'2021-03-02 15:53:40','2021-03-02 15:53:40',0,NULL),
	(51,1,77,'2021-03-02 15:54:20','2021-03-02 15:54:20',0,NULL),
	(52,1,128,'2021-03-02 15:56:33','2021-03-02 15:56:33',0,NULL),
	(53,1,108,'2021-03-02 15:57:50','2021-03-02 15:57:50',0,NULL),
	(54,1,52,'2021-03-02 15:58:39','2021-03-02 15:58:39',0,NULL),
	(55,1,102,'2021-03-02 15:59:12','2021-03-02 15:59:12',0,NULL),
	(56,1,51,'2021-03-02 16:01:54','2021-03-02 16:01:54',0,NULL),
	(57,1,36,'2021-03-02 16:13:20','2021-03-02 16:13:20',0,NULL),
	(58,1,42,'2021-03-02 16:16:50','2021-03-02 16:16:50',0,NULL),
	(59,1,200,'2021-03-02 16:17:00','2021-03-02 16:17:00',0,NULL),
	(60,1,26,'2021-03-02 16:17:42','2021-03-02 16:17:42',0,NULL),
	(61,1,19,'2021-03-02 16:17:42','2021-03-02 16:17:42',0,NULL),
	(62,1,13,'2021-03-02 16:17:56','2021-03-02 16:17:56',0,NULL),
	(63,1,4,'2021-03-02 16:18:01','2021-03-02 16:18:01',0,NULL),
	(64,1,64,'2021-03-02 16:18:29','2021-03-02 16:18:29',0,NULL),
	(65,1,45,'2021-03-02 16:18:30','2021-03-02 16:18:30',0,NULL),
	(66,1,124,'2021-03-02 16:18:30','2021-03-02 16:18:30',0,NULL),
	(67,1,106,'2021-03-02 16:18:39','2021-03-02 16:18:39',0,NULL),
	(68,1,95,'2021-03-02 16:18:49','2021-03-02 16:18:49',0,NULL),
	(69,1,117,'2021-03-02 16:19:30','2021-03-02 16:19:30',0,NULL),
	(70,1,116,'2021-03-02 16:19:45','2021-03-02 16:19:45',0,NULL),
	(71,1,74,'2021-03-02 16:20:02','2021-03-02 16:20:02',0,NULL),
	(72,1,203,'2021-03-02 16:21:03','2021-03-02 16:21:03',0,NULL),
	(73,1,23,'2021-03-02 16:22:14','2021-03-02 16:22:14',0,NULL),
	(74,1,20,'2021-03-02 16:22:44','2021-03-02 16:22:44',0,NULL),
	(75,1,56,'2021-03-02 16:22:55','2021-03-02 16:22:55',0,NULL),
	(76,1,99,'2021-03-02 16:23:10','2021-03-02 16:23:10',0,NULL),
	(77,1,99,'2021-03-02 16:23:10','2021-03-02 16:23:10',0,NULL),
	(78,1,130,'2021-03-02 16:23:11','2021-03-02 16:23:11',0,NULL),
	(79,1,18,'2021-03-02 16:23:27','2021-03-02 16:23:27',0,NULL),
	(80,1,66,'2021-03-02 16:24:14','2021-03-02 16:24:14',0,NULL),
	(81,1,79,'2021-03-02 16:24:16','2021-03-02 16:24:16',0,NULL),
	(82,1,201,'2021-03-02 16:24:23','2021-03-02 16:24:23',0,NULL),
	(83,1,7,'2021-03-02 16:24:27','2021-03-02 16:24:27',0,NULL),
	(84,1,118,'2021-03-02 16:24:30','2021-03-02 16:24:30',0,NULL),
	(85,1,96,'2021-03-02 16:25:35','2021-03-02 16:25:35',0,NULL),
	(86,1,22,'2021-03-02 16:25:39','2021-03-02 16:25:39',0,NULL),
	(87,1,21,'2021-03-02 16:25:51','2021-03-02 16:25:51',0,NULL),
	(88,1,24,'2021-03-02 16:25:54','2021-03-02 16:25:54',0,NULL),
	(89,1,55,'2021-03-02 16:26:34','2021-03-02 16:26:34',0,NULL),
	(90,1,109,'2021-03-02 16:26:37','2021-03-02 16:26:37',0,NULL),
	(91,1,58,'2021-03-02 16:31:30','2021-03-02 16:31:30',0,NULL),
	(92,1,37,'2021-03-02 16:40:04','2021-03-02 16:40:04',0,NULL),
	(97,2,205,'2022-03-04 06:53:57','2022-03-04 06:53:57',0,NULL);

/*!40000 ALTER TABLE `questionnaire` ENABLE KEYS */;
UNLOCK TABLES;


# テーブルのダンプ questionnaire_detail
# ------------------------------------------------------------

DROP TABLE IF EXISTS `questionnaire_detail`;

CREATE TABLE `questionnaire_detail` (
  `id` bigint(20) unsigned NOT NULL AUTO_INCREMENT,
  `questionnaire_id` bigint(20) unsigned NOT NULL,
  `title` varchar(128) NOT NULL DEFAULT '',
  `value` text,
  `created_at` datetime NOT NULL DEFAULT CURRENT_TIMESTAMP,
  `updated_at` datetime NOT NULL DEFAULT CURRENT_TIMESTAMP,
  `is_deleted` tinyint(1) NOT NULL DEFAULT '0',
  `deleted_at` datetime DEFAULT NULL,
  PRIMARY KEY (`id`),
  KEY `questionnaire_id` (`questionnaire_id`),
  CONSTRAINT `questionnaire_detail_ibfk_1` FOREIGN KEY (`questionnaire_id`) REFERENCES `questionnaire` (`id`)
) ENGINE=InnoDB DEFAULT CHARSET=utf8;

LOCK TABLES `questionnaire_detail` WRITE;
/*!40000 ALTER TABLE `questionnaire_detail` DISABLE KEYS */;

INSERT INTO `questionnaire_detail` (`id`, `questionnaire_id`, `title`, `value`, `created_at`, `updated_at`, `is_deleted`, `deleted_at`)
VALUES
	(1,6,'q1','0','2021-03-02 13:19:40','2021-03-02 13:19:40',0,NULL),
	(2,6,'q2_1','いづよね','2021-03-02 13:19:40','2021-03-02 13:19:40',0,NULL),
	(3,6,'q2_2','BE LOVE','2021-03-02 13:19:40','2021-03-02 13:19:40',0,NULL),
	(4,6,'q2_3','ナカキ','2021-03-02 13:19:40','2021-03-02 13:19:40',0,NULL),
	(5,6,'q3_1',NULL,'2021-03-02 13:19:40','2021-03-02 13:19:40',0,NULL),
	(6,6,'q3_2','1','2021-03-02 13:19:40','2021-03-02 13:19:40',0,NULL),
	(7,6,'q3_3',NULL,'2021-03-02 13:19:40','2021-03-02 13:19:40',0,NULL),
	(8,6,'q3_4',NULL,'2021-03-02 13:19:40','2021-03-02 13:19:40',0,NULL),
	(9,6,'q3_5',NULL,'2021-03-02 13:19:40','2021-03-02 13:19:40',0,NULL),
	(10,6,'q3_6',NULL,'2021-03-02 13:19:40','2021-03-02 13:19:40',0,NULL),
	(11,6,'q3_7',NULL,'2021-03-02 13:19:40','2021-03-02 13:19:40',0,NULL),
	(12,6,'q4_1','1','2021-03-02 13:19:40','2021-03-02 13:19:40',0,NULL),
	(13,6,'q4_2','1','2021-03-02 13:19:40','2021-03-02 13:19:40',0,NULL),
	(14,6,'q4_3','1','2021-03-02 13:19:40','2021-03-02 13:19:40',0,NULL),
	(15,6,'q4_4',NULL,'2021-03-02 13:19:40','2021-03-02 13:19:40',0,NULL),
	(16,6,'q4_5',NULL,'2021-03-02 13:19:40','2021-03-02 13:19:40',0,NULL),
	(17,6,'q4_note',NULL,'2021-03-02 13:19:40','2021-03-02 13:19:40',0,NULL),
	(18,6,'note',NULL,'2021-03-02 13:19:40','2021-03-02 13:19:40',0,NULL),
	(19,7,'q1','1','2021-03-02 13:22:49','2021-03-02 13:22:49',0,NULL),
	(20,7,'q2_1','淡路麺業','2021-03-02 13:22:49','2021-03-02 13:22:49',0,NULL),
	(21,7,'q2_2',NULL,'2021-03-02 13:22:49','2021-03-02 13:22:49',0,NULL),
	(22,7,'q2_3',NULL,'2021-03-02 13:22:49','2021-03-02 13:22:49',0,NULL),
	(23,7,'q3_1',NULL,'2021-03-02 13:22:49','2021-03-02 13:22:49',0,NULL),
	(24,7,'q3_2',NULL,'2021-03-02 13:22:49','2021-03-02 13:22:49',0,NULL),
	(25,7,'q3_3',NULL,'2021-03-02 13:22:49','2021-03-02 13:22:49',0,NULL),
	(26,7,'q3_4',NULL,'2021-03-02 13:22:49','2021-03-02 13:22:49',0,NULL),
	(27,7,'q3_5',NULL,'2021-03-02 13:22:49','2021-03-02 13:22:49',0,NULL),
	(28,7,'q3_6',NULL,'2021-03-02 13:22:49','2021-03-02 13:22:49',0,NULL),
	(29,7,'q3_7','1','2021-03-02 13:22:49','2021-03-02 13:22:49',0,NULL),
	(30,7,'q4_1','1','2021-03-02 13:22:49','2021-03-02 13:22:49',0,NULL),
	(31,7,'q4_2','1','2021-03-02 13:22:49','2021-03-02 13:22:49',0,NULL),
	(32,7,'q4_3','1','2021-03-02 13:22:49','2021-03-02 13:22:49',0,NULL),
	(33,7,'q4_4','1','2021-03-02 13:22:49','2021-03-02 13:22:49',0,NULL),
	(34,7,'q4_5',NULL,'2021-03-02 13:22:49','2021-03-02 13:22:49',0,NULL),
	(35,7,'q4_note',NULL,'2021-03-02 13:22:49','2021-03-02 13:22:49',0,NULL),
	(36,7,'note',NULL,'2021-03-02 13:22:49','2021-03-02 13:22:49',0,NULL),
	(37,8,'q1','1','2021-03-02 13:26:18','2021-03-02 13:26:18',0,NULL),
	(38,8,'q2_1','ネクストページ','2021-03-02 13:26:18','2021-03-02 13:26:18',0,NULL),
	(39,8,'q2_2','ドアズ','2021-03-02 13:26:18','2021-03-02 13:26:18',0,NULL),
	(40,8,'q2_3',NULL,'2021-03-02 13:26:18','2021-03-02 13:26:18',0,NULL),
	(41,8,'q3_1',NULL,'2021-03-02 13:26:18','2021-03-02 13:26:18',0,NULL),
	(42,8,'q3_2',NULL,'2021-03-02 13:26:18','2021-03-02 13:26:18',0,NULL),
	(43,8,'q3_3',NULL,'2021-03-02 13:26:18','2021-03-02 13:26:18',0,NULL),
	(44,8,'q3_4',NULL,'2021-03-02 13:26:18','2021-03-02 13:26:18',0,NULL),
	(45,8,'q3_5',NULL,'2021-03-02 13:26:18','2021-03-02 13:26:18',0,NULL),
	(46,8,'q3_6',NULL,'2021-03-02 13:26:18','2021-03-02 13:26:18',0,NULL),
	(47,8,'q3_7','1','2021-03-02 13:26:18','2021-03-02 13:26:18',0,NULL),
	(48,8,'q4_1','1','2021-03-02 13:26:18','2021-03-02 13:26:18',0,NULL),
	(49,8,'q4_2','1','2021-03-02 13:26:18','2021-03-02 13:26:18',0,NULL),
	(50,8,'q4_3','1','2021-03-02 13:26:18','2021-03-02 13:26:18',0,NULL),
	(51,8,'q4_4','1','2021-03-02 13:26:18','2021-03-02 13:26:18',0,NULL),
	(52,8,'q4_5',NULL,'2021-03-02 13:26:18','2021-03-02 13:26:18',0,NULL),
	(53,8,'q4_note',NULL,'2021-03-02 13:26:18','2021-03-02 13:26:18',0,NULL),
	(54,8,'note',NULL,'2021-03-02 13:26:18','2021-03-02 13:26:18',0,NULL),
	(55,9,'q1','1','2021-03-02 13:28:34','2021-03-02 13:28:34',0,NULL),
	(56,9,'q2_1','（株）モリエン','2021-03-02 13:28:34','2021-03-02 13:28:34',0,NULL),
	(57,9,'q2_2','（株）イーエスプランニング','2021-03-02 13:28:34','2021-03-02 13:28:34',0,NULL),
	(58,9,'q2_3',NULL,'2021-03-02 13:28:34','2021-03-02 13:28:34',0,NULL),
	(59,9,'q3_1',NULL,'2021-03-02 13:28:34','2021-03-02 13:28:34',0,NULL),
	(60,9,'q3_2',NULL,'2021-03-02 13:28:34','2021-03-02 13:28:34',0,NULL),
	(61,9,'q3_3',NULL,'2021-03-02 13:28:34','2021-03-02 13:28:34',0,NULL),
	(62,9,'q3_4',NULL,'2021-03-02 13:28:34','2021-03-02 13:28:34',0,NULL),
	(63,9,'q3_5','1','2021-03-02 13:28:34','2021-03-02 13:28:34',0,NULL),
	(64,9,'q3_6',NULL,'2021-03-02 13:28:34','2021-03-02 13:28:34',0,NULL),
	(65,9,'q3_7',NULL,'2021-03-02 13:28:34','2021-03-02 13:28:34',0,NULL),
	(66,9,'q4_1','1','2021-03-02 13:28:34','2021-03-02 13:28:34',0,NULL),
	(67,9,'q4_2',NULL,'2021-03-02 13:28:34','2021-03-02 13:28:34',0,NULL),
	(68,9,'q4_3',NULL,'2021-03-02 13:28:34','2021-03-02 13:28:34',0,NULL),
	(69,9,'q4_4',NULL,'2021-03-02 13:28:34','2021-03-02 13:28:34',0,NULL),
	(70,9,'q4_5',NULL,'2021-03-02 13:28:34','2021-03-02 13:28:34',0,NULL),
	(71,9,'q4_note',NULL,'2021-03-02 13:28:34','2021-03-02 13:28:34',0,NULL),
	(72,9,'note',NULL,'2021-03-02 13:28:34','2021-03-02 13:28:34',0,NULL),
	(73,10,'q1','0','2021-03-02 13:47:39','2021-03-02 13:47:39',0,NULL),
	(74,10,'q2_1','ミラク','2021-03-02 13:47:39','2021-03-02 13:47:39',0,NULL),
	(75,10,'q2_2','ジイアンドジイ','2021-03-02 13:47:39','2021-03-02 13:47:39',0,NULL),
	(76,10,'q2_3','安服冷暖','2021-03-02 13:47:39','2021-03-02 13:47:39',0,NULL),
	(77,10,'q3_1',NULL,'2021-03-02 13:47:39','2021-03-02 13:47:39',0,NULL),
	(78,10,'q3_2',NULL,'2021-03-02 13:47:39','2021-03-02 13:47:39',0,NULL),
	(79,10,'q3_3',NULL,'2021-03-02 13:47:39','2021-03-02 13:47:39',0,NULL),
	(80,10,'q3_4',NULL,'2021-03-02 13:47:39','2021-03-02 13:47:39',0,NULL),
	(81,10,'q3_5','1','2021-03-02 13:47:39','2021-03-02 13:47:39',0,NULL),
	(82,10,'q3_6',NULL,'2021-03-02 13:47:39','2021-03-02 13:47:39',0,NULL),
	(83,10,'q3_7',NULL,'2021-03-02 13:47:39','2021-03-02 13:47:39',0,NULL),
	(84,10,'q4_1',NULL,'2021-03-02 13:47:39','2021-03-02 13:47:39',0,NULL),
	(85,10,'q4_2','1','2021-03-02 13:47:39','2021-03-02 13:47:39',0,NULL),
	(86,10,'q4_3',NULL,'2021-03-02 13:47:39','2021-03-02 13:47:39',0,NULL),
	(87,10,'q4_4',NULL,'2021-03-02 13:47:39','2021-03-02 13:47:39',0,NULL),
	(88,10,'q4_5',NULL,'2021-03-02 13:47:39','2021-03-02 13:47:39',0,NULL),
	(89,10,'q4_note',NULL,'2021-03-02 13:47:39','2021-03-02 13:47:39',0,NULL),
	(90,10,'note',NULL,'2021-03-02 13:47:39','2021-03-02 13:47:39',0,NULL),
	(91,11,'q1','1','2021-03-02 13:49:45','2021-03-02 13:49:45',0,NULL),
	(92,11,'q2_1','いづよね','2021-03-02 13:49:45','2021-03-02 13:49:45',0,NULL),
	(93,11,'q2_2','淡路麺業','2021-03-02 13:49:45','2021-03-02 13:49:45',0,NULL),
	(94,11,'q2_3',NULL,'2021-03-02 13:49:45','2021-03-02 13:49:45',0,NULL),
	(95,11,'q3_1',NULL,'2021-03-02 13:49:45','2021-03-02 13:49:45',0,NULL),
	(96,11,'q3_2',NULL,'2021-03-02 13:49:45','2021-03-02 13:49:45',0,NULL),
	(97,11,'q3_3',NULL,'2021-03-02 13:49:45','2021-03-02 13:49:45',0,NULL),
	(98,11,'q3_4',NULL,'2021-03-02 13:49:45','2021-03-02 13:49:45',0,NULL),
	(99,11,'q3_5',NULL,'2021-03-02 13:49:45','2021-03-02 13:49:45',0,NULL),
	(100,11,'q3_6',NULL,'2021-03-02 13:49:45','2021-03-02 13:49:45',0,NULL),
	(101,11,'q3_7','1','2021-03-02 13:49:45','2021-03-02 13:49:45',0,NULL),
	(102,11,'q4_1','1','2021-03-02 13:49:45','2021-03-02 13:49:45',0,NULL),
	(103,11,'q4_2','1','2021-03-02 13:49:45','2021-03-02 13:49:45',0,NULL),
	(104,11,'q4_3','1','2021-03-02 13:49:45','2021-03-02 13:49:45',0,NULL),
	(105,11,'q4_4','1','2021-03-02 13:49:45','2021-03-02 13:49:45',0,NULL),
	(106,11,'q4_5',NULL,'2021-03-02 13:49:45','2021-03-02 13:49:45',0,NULL),
	(107,11,'q4_note',NULL,'2021-03-02 13:49:45','2021-03-02 13:49:45',0,NULL),
	(108,11,'note',NULL,'2021-03-02 13:49:45','2021-03-02 13:49:45',0,NULL),
	(109,12,'q1','1','2021-03-02 13:51:41','2021-03-02 13:51:41',0,NULL),
	(110,12,'q2_1','淡路製麺','2021-03-02 13:51:41','2021-03-02 13:51:41',0,NULL),
	(111,12,'q2_2','デジアラホールディングス','2021-03-02 13:51:41','2021-03-02 13:51:41',0,NULL),
	(112,12,'q2_3','あっと･はんど','2021-03-02 13:51:41','2021-03-02 13:51:41',0,NULL),
	(113,12,'q3_1',NULL,'2021-03-02 13:51:41','2021-03-02 13:51:41',0,NULL),
	(114,12,'q3_2',NULL,'2021-03-02 13:51:41','2021-03-02 13:51:41',0,NULL),
	(115,12,'q3_3',NULL,'2021-03-02 13:51:41','2021-03-02 13:51:41',0,NULL),
	(116,12,'q3_4',NULL,'2021-03-02 13:51:41','2021-03-02 13:51:41',0,NULL),
	(117,12,'q3_5',NULL,'2021-03-02 13:51:41','2021-03-02 13:51:41',0,NULL),
	(118,12,'q3_6',NULL,'2021-03-02 13:51:41','2021-03-02 13:51:41',0,NULL),
	(119,12,'q3_7','1','2021-03-02 13:51:41','2021-03-02 13:51:41',0,NULL),
	(120,12,'q4_1',NULL,'2021-03-02 13:51:41','2021-03-02 13:51:41',0,NULL),
	(121,12,'q4_2',NULL,'2021-03-02 13:51:41','2021-03-02 13:51:41',0,NULL),
	(122,12,'q4_3','1','2021-03-02 13:51:41','2021-03-02 13:51:41',0,NULL),
	(123,12,'q4_4',NULL,'2021-03-02 13:51:41','2021-03-02 13:51:41',0,NULL),
	(124,12,'q4_5',NULL,'2021-03-02 13:51:41','2021-03-02 13:51:41',0,NULL),
	(125,12,'q4_note',NULL,'2021-03-02 13:51:41','2021-03-02 13:51:41',0,NULL),
	(126,12,'note',NULL,'2021-03-02 13:51:41','2021-03-02 13:51:41',0,NULL),
	(127,13,'q1','1','2021-03-02 13:52:50','2021-03-02 13:52:50',0,NULL),
	(128,13,'q2_1','フロンティア','2021-03-02 13:52:50','2021-03-02 13:52:50',0,NULL),
	(129,13,'q2_2','淡路麺業','2021-03-02 13:52:50','2021-03-02 13:52:50',0,NULL),
	(130,13,'q2_3','be love company','2021-03-02 13:52:50','2021-03-02 13:52:50',0,NULL),
	(131,13,'q3_1',NULL,'2021-03-02 13:52:50','2021-03-02 13:52:50',0,NULL),
	(132,13,'q3_2',NULL,'2021-03-02 13:52:50','2021-03-02 13:52:50',0,NULL),
	(133,13,'q3_3',NULL,'2021-03-02 13:52:50','2021-03-02 13:52:50',0,NULL),
	(134,13,'q3_4',NULL,'2021-03-02 13:52:50','2021-03-02 13:52:50',0,NULL),
	(135,13,'q3_5',NULL,'2021-03-02 13:52:50','2021-03-02 13:52:50',0,NULL),
	(136,13,'q3_6',NULL,'2021-03-02 13:52:50','2021-03-02 13:52:50',0,NULL),
	(137,13,'q3_7','1','2021-03-02 13:52:50','2021-03-02 13:52:50',0,NULL),
	(138,13,'q4_1','1','2021-03-02 13:52:50','2021-03-02 13:52:50',0,NULL),
	(139,13,'q4_2','1','2021-03-02 13:52:50','2021-03-02 13:52:50',0,NULL),
	(140,13,'q4_3',NULL,'2021-03-02 13:52:50','2021-03-02 13:52:50',0,NULL),
	(141,13,'q4_4',NULL,'2021-03-02 13:52:50','2021-03-02 13:52:50',0,NULL),
	(142,13,'q4_5',NULL,'2021-03-02 13:52:50','2021-03-02 13:52:50',0,NULL),
	(143,13,'q4_note',NULL,'2021-03-02 13:52:50','2021-03-02 13:52:50',0,NULL),
	(144,13,'note',NULL,'2021-03-02 13:52:50','2021-03-02 13:52:50',0,NULL),
	(145,14,'q1','1','2021-03-02 13:53:10','2021-03-02 13:53:10',0,NULL),
	(146,14,'q2_1','(株)ナカキ','2021-03-02 13:53:10','2021-03-02 13:53:10',0,NULL),
	(147,14,'q2_2','淡路麺業','2021-03-02 13:53:10','2021-03-02 13:53:10',0,NULL),
	(148,14,'q2_3','(有)トーメー','2021-03-02 13:53:10','2021-03-02 13:53:10',0,NULL),
	(149,14,'q3_1',NULL,'2021-03-02 13:53:10','2021-03-02 13:53:10',0,NULL),
	(150,14,'q3_2',NULL,'2021-03-02 13:53:10','2021-03-02 13:53:10',0,NULL),
	(151,14,'q3_3',NULL,'2021-03-02 13:53:10','2021-03-02 13:53:10',0,NULL),
	(152,14,'q3_4',NULL,'2021-03-02 13:53:10','2021-03-02 13:53:10',0,NULL),
	(153,14,'q3_5','1','2021-03-02 13:53:10','2021-03-02 13:53:10',0,NULL),
	(154,14,'q3_6',NULL,'2021-03-02 13:53:10','2021-03-02 13:53:10',0,NULL),
	(155,14,'q3_7',NULL,'2021-03-02 13:53:10','2021-03-02 13:53:10',0,NULL),
	(156,14,'q4_1',NULL,'2021-03-02 13:53:10','2021-03-02 13:53:10',0,NULL),
	(157,14,'q4_2','1','2021-03-02 13:53:10','2021-03-02 13:53:10',0,NULL),
	(158,14,'q4_3',NULL,'2021-03-02 13:53:10','2021-03-02 13:53:10',0,NULL),
	(159,14,'q4_4',NULL,'2021-03-02 13:53:10','2021-03-02 13:53:10',0,NULL),
	(160,14,'q4_5',NULL,'2021-03-02 13:53:10','2021-03-02 13:53:10',0,NULL),
	(161,14,'q4_note',NULL,'2021-03-02 13:53:10','2021-03-02 13:53:10',0,NULL),
	(162,14,'note',NULL,'2021-03-02 13:53:10','2021-03-02 13:53:10',0,NULL),
	(163,15,'q1','1','2021-03-02 14:17:46','2021-03-02 14:17:46',0,NULL),
	(164,15,'q2_1','いづよね','2021-03-02 14:17:46','2021-03-02 14:17:46',0,NULL),
	(165,15,'q2_2',NULL,'2021-03-02 14:17:46','2021-03-02 14:17:46',0,NULL),
	(166,15,'q2_3',NULL,'2021-03-02 14:17:46','2021-03-02 14:17:46',0,NULL),
	(167,15,'q3_1',NULL,'2021-03-02 14:17:46','2021-03-02 14:17:46',0,NULL),
	(168,15,'q3_2',NULL,'2021-03-02 14:17:46','2021-03-02 14:17:46',0,NULL),
	(169,15,'q3_3',NULL,'2021-03-02 14:17:46','2021-03-02 14:17:46',0,NULL),
	(170,15,'q3_4',NULL,'2021-03-02 14:17:46','2021-03-02 14:17:46',0,NULL),
	(171,15,'q3_5',NULL,'2021-03-02 14:17:46','2021-03-02 14:17:46',0,NULL),
	(172,15,'q3_6',NULL,'2021-03-02 14:17:46','2021-03-02 14:17:46',0,NULL),
	(173,15,'q3_7','1','2021-03-02 14:17:46','2021-03-02 14:17:46',0,NULL),
	(174,15,'q4_1','1','2021-03-02 14:17:46','2021-03-02 14:17:46',0,NULL),
	(175,15,'q4_2',NULL,'2021-03-02 14:17:46','2021-03-02 14:17:46',0,NULL),
	(176,15,'q4_3',NULL,'2021-03-02 14:17:46','2021-03-02 14:17:46',0,NULL),
	(177,15,'q4_4',NULL,'2021-03-02 14:17:46','2021-03-02 14:17:46',0,NULL),
	(178,15,'q4_5',NULL,'2021-03-02 14:17:46','2021-03-02 14:17:46',0,NULL),
	(179,15,'q4_note',NULL,'2021-03-02 14:17:46','2021-03-02 14:17:46',0,NULL),
	(180,15,'note','距離が近く、雰囲気がよくわかった。','2021-03-02 14:17:46','2021-03-02 14:17:46',0,NULL),
	(181,16,'q1','1','2021-03-02 14:19:24','2021-03-02 14:19:24',0,NULL),
	(182,16,'q2_1','株式会社ドアズ','2021-03-02 14:19:24','2021-03-02 14:19:24',0,NULL),
	(183,16,'q2_2','株式会社デジアラホールディングス','2021-03-02 14:19:24','2021-03-02 14:19:24',0,NULL),
	(184,16,'q2_3','株式会社DATA KIT','2021-03-02 14:19:24','2021-03-02 14:19:24',0,NULL),
	(185,16,'q3_1',NULL,'2021-03-02 14:19:24','2021-03-02 14:19:24',0,NULL),
	(186,16,'q3_2',NULL,'2021-03-02 14:19:24','2021-03-02 14:19:24',0,NULL),
	(187,16,'q3_3',NULL,'2021-03-02 14:19:24','2021-03-02 14:19:24',0,NULL),
	(188,16,'q3_4',NULL,'2021-03-02 14:19:24','2021-03-02 14:19:24',0,NULL),
	(189,16,'q3_5',NULL,'2021-03-02 14:19:24','2021-03-02 14:19:24',0,NULL),
	(190,16,'q3_6',NULL,'2021-03-02 14:19:24','2021-03-02 14:19:24',0,NULL),
	(191,16,'q3_7','1','2021-03-02 14:19:24','2021-03-02 14:19:24',0,NULL),
	(192,16,'q4_1',NULL,'2021-03-02 14:19:24','2021-03-02 14:19:24',0,NULL),
	(193,16,'q4_2','1','2021-03-02 14:19:24','2021-03-02 14:19:24',0,NULL),
	(194,16,'q4_3','1','2021-03-02 14:19:24','2021-03-02 14:19:24',0,NULL),
	(195,16,'q4_4',NULL,'2021-03-02 14:19:24','2021-03-02 14:19:24',0,NULL),
	(196,16,'q4_5',NULL,'2021-03-02 14:19:24','2021-03-02 14:19:24',0,NULL),
	(197,16,'q4_note',NULL,'2021-03-02 14:19:24','2021-03-02 14:19:24',0,NULL),
	(198,16,'note','企業・業界理解を深めることができました。またあれば参加したいと思います。','2021-03-02 14:19:24','2021-03-02 14:19:24',0,NULL),
	(199,17,'q1','0','2021-03-02 14:44:11','2021-03-02 14:44:11',0,NULL),
	(200,17,'q2_1','まいらいふ','2021-03-02 14:44:11','2021-03-02 14:44:11',0,NULL),
	(201,17,'q2_2',NULL,'2021-03-02 14:44:11','2021-03-02 14:44:11',0,NULL),
	(202,17,'q2_3',NULL,'2021-03-02 14:44:11','2021-03-02 14:44:11',0,NULL),
	(203,17,'q3_1',NULL,'2021-03-02 14:44:11','2021-03-02 14:44:11',0,NULL),
	(204,17,'q3_2',NULL,'2021-03-02 14:44:11','2021-03-02 14:44:11',0,NULL),
	(205,17,'q3_3','1','2021-03-02 14:44:11','2021-03-02 14:44:11',0,NULL),
	(206,17,'q3_4',NULL,'2021-03-02 14:44:11','2021-03-02 14:44:11',0,NULL),
	(207,17,'q3_5',NULL,'2021-03-02 14:44:11','2021-03-02 14:44:11',0,NULL),
	(208,17,'q3_6',NULL,'2021-03-02 14:44:11','2021-03-02 14:44:11',0,NULL),
	(209,17,'q3_7',NULL,'2021-03-02 14:44:11','2021-03-02 14:44:11',0,NULL),
	(210,17,'q4_1','1','2021-03-02 14:44:11','2021-03-02 14:44:11',0,NULL),
	(211,17,'q4_2','1','2021-03-02 14:44:11','2021-03-02 14:44:11',0,NULL),
	(212,17,'q4_3',NULL,'2021-03-02 14:44:11','2021-03-02 14:44:11',0,NULL),
	(213,17,'q4_4',NULL,'2021-03-02 14:44:11','2021-03-02 14:44:11',0,NULL),
	(214,17,'q4_5',NULL,'2021-03-02 14:44:11','2021-03-02 14:44:11',0,NULL),
	(215,17,'q4_note',NULL,'2021-03-02 14:44:11','2021-03-02 14:44:11',0,NULL),
	(216,17,'note',NULL,'2021-03-02 14:44:11','2021-03-02 14:44:11',0,NULL),
	(217,18,'q1','1','2021-03-02 14:44:20','2021-03-02 14:44:20',0,NULL),
	(218,18,'q2_1','あっと・はんぐ','2021-03-02 14:44:20','2021-03-02 14:44:20',0,NULL),
	(219,18,'q2_2','まいらいふ','2021-03-02 14:44:20','2021-03-02 14:44:20',0,NULL),
	(220,18,'q2_3',NULL,'2021-03-02 14:44:20','2021-03-02 14:44:20',0,NULL),
	(221,18,'q3_1',NULL,'2021-03-02 14:44:20','2021-03-02 14:44:20',0,NULL),
	(222,18,'q3_2',NULL,'2021-03-02 14:44:20','2021-03-02 14:44:20',0,NULL),
	(223,18,'q3_3',NULL,'2021-03-02 14:44:20','2021-03-02 14:44:20',0,NULL),
	(224,18,'q3_4',NULL,'2021-03-02 14:44:20','2021-03-02 14:44:20',0,NULL),
	(225,18,'q3_5','1','2021-03-02 14:44:20','2021-03-02 14:44:20',0,NULL),
	(226,18,'q3_6',NULL,'2021-03-02 14:44:20','2021-03-02 14:44:20',0,NULL),
	(227,18,'q3_7',NULL,'2021-03-02 14:44:20','2021-03-02 14:44:20',0,NULL),
	(228,18,'q4_1','1','2021-03-02 14:44:20','2021-03-02 14:44:20',0,NULL),
	(229,18,'q4_2',NULL,'2021-03-02 14:44:20','2021-03-02 14:44:20',0,NULL),
	(230,18,'q4_3',NULL,'2021-03-02 14:44:20','2021-03-02 14:44:20',0,NULL),
	(231,18,'q4_4','1','2021-03-02 14:44:20','2021-03-02 14:44:20',0,NULL),
	(232,18,'q4_5',NULL,'2021-03-02 14:44:20','2021-03-02 14:44:20',0,NULL),
	(233,18,'q4_note',NULL,'2021-03-02 14:44:20','2021-03-02 14:44:20',0,NULL),
	(234,18,'note',NULL,'2021-03-02 14:44:20','2021-03-02 14:44:20',0,NULL),
	(235,19,'q1','0','2021-03-02 14:44:39','2021-03-02 14:44:39',0,NULL),
	(236,19,'q2_1','淡路麺業','2021-03-02 14:44:39','2021-03-02 14:44:39',0,NULL),
	(237,19,'q2_2',NULL,'2021-03-02 14:44:39','2021-03-02 14:44:39',0,NULL),
	(238,19,'q2_3',NULL,'2021-03-02 14:44:39','2021-03-02 14:44:39',0,NULL),
	(239,19,'q3_1',NULL,'2021-03-02 14:44:39','2021-03-02 14:44:39',0,NULL),
	(240,19,'q3_2',NULL,'2021-03-02 14:44:39','2021-03-02 14:44:39',0,NULL),
	(241,19,'q3_3',NULL,'2021-03-02 14:44:39','2021-03-02 14:44:39',0,NULL),
	(242,19,'q3_4',NULL,'2021-03-02 14:44:39','2021-03-02 14:44:39',0,NULL),
	(243,19,'q3_5','1','2021-03-02 14:44:39','2021-03-02 14:44:39',0,NULL),
	(244,19,'q3_6',NULL,'2021-03-02 14:44:39','2021-03-02 14:44:39',0,NULL),
	(245,19,'q3_7',NULL,'2021-03-02 14:44:39','2021-03-02 14:44:39',0,NULL),
	(246,19,'q4_1','1','2021-03-02 14:44:39','2021-03-02 14:44:39',0,NULL),
	(247,19,'q4_2',NULL,'2021-03-02 14:44:39','2021-03-02 14:44:39',0,NULL),
	(248,19,'q4_3',NULL,'2021-03-02 14:44:39','2021-03-02 14:44:39',0,NULL),
	(249,19,'q4_4',NULL,'2021-03-02 14:44:39','2021-03-02 14:44:39',0,NULL),
	(250,19,'q4_5',NULL,'2021-03-02 14:44:39','2021-03-02 14:44:39',0,NULL),
	(251,19,'q4_note',NULL,'2021-03-02 14:44:39','2021-03-02 14:44:39',0,NULL),
	(252,19,'note','色んな企業をみれてよかったです。ありがとうございました。','2021-03-02 14:44:39','2021-03-02 14:44:39',0,NULL),
	(253,20,'q1','1','2021-03-02 14:44:48','2021-03-02 14:44:48',0,NULL),
	(254,20,'q2_1','ダイレクト','2021-03-02 14:44:48','2021-03-02 14:44:48',0,NULL),
	(255,20,'q2_2','ミユキット','2021-03-02 14:44:48','2021-03-02 14:44:48',0,NULL),
	(256,20,'q2_3','神戸設計ルーム','2021-03-02 14:44:48','2021-03-02 14:44:48',0,NULL),
	(257,20,'q3_1',NULL,'2021-03-02 14:44:48','2021-03-02 14:44:48',0,NULL),
	(258,20,'q3_2',NULL,'2021-03-02 14:44:48','2021-03-02 14:44:48',0,NULL),
	(259,20,'q3_3',NULL,'2021-03-02 14:44:48','2021-03-02 14:44:48',0,NULL),
	(260,20,'q3_4',NULL,'2021-03-02 14:44:48','2021-03-02 14:44:48',0,NULL),
	(261,20,'q3_5','1','2021-03-02 14:44:48','2021-03-02 14:44:48',0,NULL),
	(262,20,'q3_6',NULL,'2021-03-02 14:44:48','2021-03-02 14:44:48',0,NULL),
	(263,20,'q3_7',NULL,'2021-03-02 14:44:48','2021-03-02 14:44:48',0,NULL),
	(264,20,'q4_1','1','2021-03-02 14:44:48','2021-03-02 14:44:48',0,NULL),
	(265,20,'q4_2','1','2021-03-02 14:44:48','2021-03-02 14:44:48',0,NULL),
	(266,20,'q4_3','1','2021-03-02 14:44:48','2021-03-02 14:44:48',0,NULL),
	(267,20,'q4_4','1','2021-03-02 14:44:48','2021-03-02 14:44:48',0,NULL),
	(268,20,'q4_5',NULL,'2021-03-02 14:44:48','2021-03-02 14:44:48',0,NULL),
	(269,20,'q4_note',NULL,'2021-03-02 14:44:48','2021-03-02 14:44:48',0,NULL),
	(270,20,'note',NULL,'2021-03-02 14:44:48','2021-03-02 14:44:48',0,NULL),
	(271,21,'q1','0','2021-03-02 15:02:01','2021-03-02 15:02:01',0,NULL),
	(272,21,'q2_1','よねずや','2021-03-02 15:02:01','2021-03-02 15:02:01',0,NULL),
	(273,21,'q2_2',NULL,'2021-03-02 15:02:01','2021-03-02 15:02:01',0,NULL),
	(274,21,'q2_3',NULL,'2021-03-02 15:02:01','2021-03-02 15:02:01',0,NULL),
	(275,21,'q3_1',NULL,'2021-03-02 15:02:01','2021-03-02 15:02:01',0,NULL),
	(276,21,'q3_2',NULL,'2021-03-02 15:02:01','2021-03-02 15:02:01',0,NULL),
	(277,21,'q3_3',NULL,'2021-03-02 15:02:01','2021-03-02 15:02:01',0,NULL),
	(278,21,'q3_4',NULL,'2021-03-02 15:02:01','2021-03-02 15:02:01',0,NULL),
	(279,21,'q3_5',NULL,'2021-03-02 15:02:01','2021-03-02 15:02:01',0,NULL),
	(280,21,'q3_6','1','2021-03-02 15:02:01','2021-03-02 15:02:01',0,NULL),
	(281,21,'q3_7',NULL,'2021-03-02 15:02:01','2021-03-02 15:02:01',0,NULL),
	(282,21,'q4_1',NULL,'2021-03-02 15:02:01','2021-03-02 15:02:01',0,NULL),
	(283,21,'q4_2','1','2021-03-02 15:02:01','2021-03-02 15:02:01',0,NULL),
	(284,21,'q4_3','1','2021-03-02 15:02:01','2021-03-02 15:02:01',0,NULL),
	(285,21,'q4_4',NULL,'2021-03-02 15:02:01','2021-03-02 15:02:01',0,NULL),
	(286,21,'q4_5',NULL,'2021-03-02 15:02:01','2021-03-02 15:02:01',0,NULL),
	(287,21,'q4_note',NULL,'2021-03-02 15:02:01','2021-03-02 15:02:01',0,NULL),
	(288,21,'note',NULL,'2021-03-02 15:02:01','2021-03-02 15:02:01',0,NULL),
	(289,22,'q1','0','2021-03-02 15:02:15','2021-03-02 15:02:15',0,NULL),
	(290,22,'q2_1','よねづや','2021-03-02 15:02:15','2021-03-02 15:02:15',0,NULL),
	(291,22,'q2_2',NULL,'2021-03-02 15:02:15','2021-03-02 15:02:15',0,NULL),
	(292,22,'q2_3',NULL,'2021-03-02 15:02:15','2021-03-02 15:02:15',0,NULL),
	(293,22,'q3_1',NULL,'2021-03-02 15:02:15','2021-03-02 15:02:15',0,NULL),
	(294,22,'q3_2',NULL,'2021-03-02 15:02:15','2021-03-02 15:02:15',0,NULL),
	(295,22,'q3_3',NULL,'2021-03-02 15:02:15','2021-03-02 15:02:15',0,NULL),
	(296,22,'q3_4',NULL,'2021-03-02 15:02:15','2021-03-02 15:02:15',0,NULL),
	(297,22,'q3_5',NULL,'2021-03-02 15:02:15','2021-03-02 15:02:15',0,NULL),
	(298,22,'q3_6','1','2021-03-02 15:02:15','2021-03-02 15:02:15',0,NULL),
	(299,22,'q3_7',NULL,'2021-03-02 15:02:15','2021-03-02 15:02:15',0,NULL),
	(300,22,'q4_1',NULL,'2021-03-02 15:02:15','2021-03-02 15:02:15',0,NULL),
	(301,22,'q4_2','1','2021-03-02 15:02:15','2021-03-02 15:02:15',0,NULL),
	(302,22,'q4_3','1','2021-03-02 15:02:15','2021-03-02 15:02:15',0,NULL),
	(303,22,'q4_4',NULL,'2021-03-02 15:02:15','2021-03-02 15:02:15',0,NULL),
	(304,22,'q4_5',NULL,'2021-03-02 15:02:15','2021-03-02 15:02:15',0,NULL),
	(305,22,'q4_note',NULL,'2021-03-02 15:02:15','2021-03-02 15:02:15',0,NULL),
	(306,22,'note',NULL,'2021-03-02 15:02:15','2021-03-02 15:02:15',0,NULL),
	(307,23,'q1','0','2021-03-02 15:03:06','2021-03-02 15:03:06',0,NULL),
	(308,23,'q2_1','淡路麺業','2021-03-02 15:03:06','2021-03-02 15:03:06',0,NULL),
	(309,23,'q2_2',NULL,'2021-03-02 15:03:06','2021-03-02 15:03:06',0,NULL),
	(310,23,'q2_3',NULL,'2021-03-02 15:03:06','2021-03-02 15:03:06',0,NULL),
	(311,23,'q3_1',NULL,'2021-03-02 15:03:06','2021-03-02 15:03:06',0,NULL),
	(312,23,'q3_2',NULL,'2021-03-02 15:03:06','2021-03-02 15:03:06',0,NULL),
	(313,23,'q3_3','1','2021-03-02 15:03:06','2021-03-02 15:03:06',0,NULL),
	(314,23,'q3_4',NULL,'2021-03-02 15:03:06','2021-03-02 15:03:06',0,NULL),
	(315,23,'q3_5',NULL,'2021-03-02 15:03:06','2021-03-02 15:03:06',0,NULL),
	(316,23,'q3_6',NULL,'2021-03-02 15:03:06','2021-03-02 15:03:06',0,NULL),
	(317,23,'q3_7',NULL,'2021-03-02 15:03:06','2021-03-02 15:03:06',0,NULL),
	(318,23,'q4_1',NULL,'2021-03-02 15:03:06','2021-03-02 15:03:06',0,NULL),
	(319,23,'q4_2',NULL,'2021-03-02 15:03:06','2021-03-02 15:03:06',0,NULL),
	(320,23,'q4_3','1','2021-03-02 15:03:06','2021-03-02 15:03:06',0,NULL),
	(321,23,'q4_4',NULL,'2021-03-02 15:03:06','2021-03-02 15:03:06',0,NULL),
	(322,23,'q4_5',NULL,'2021-03-02 15:03:06','2021-03-02 15:03:06',0,NULL),
	(323,23,'q4_note',NULL,'2021-03-02 15:03:06','2021-03-02 15:03:06',0,NULL),
	(324,23,'note',NULL,'2021-03-02 15:03:06','2021-03-02 15:03:06',0,NULL),
	(325,24,'q1','1','2021-03-02 15:06:48','2021-03-02 15:06:48',0,NULL),
	(326,24,'q2_1','三宅電気工事','2021-03-02 15:06:48','2021-03-02 15:06:48',0,NULL),
	(327,24,'q2_2',NULL,'2021-03-02 15:06:48','2021-03-02 15:06:48',0,NULL),
	(328,24,'q2_3',NULL,'2021-03-02 15:06:48','2021-03-02 15:06:48',0,NULL),
	(329,24,'q3_1',NULL,'2021-03-02 15:06:48','2021-03-02 15:06:48',0,NULL),
	(330,24,'q3_2',NULL,'2021-03-02 15:06:48','2021-03-02 15:06:48',0,NULL),
	(331,24,'q3_3','1','2021-03-02 15:06:48','2021-03-02 15:06:48',0,NULL),
	(332,24,'q3_4',NULL,'2021-03-02 15:06:48','2021-03-02 15:06:48',0,NULL),
	(333,24,'q3_5',NULL,'2021-03-02 15:06:48','2021-03-02 15:06:48',0,NULL),
	(334,24,'q3_6',NULL,'2021-03-02 15:06:48','2021-03-02 15:06:48',0,NULL),
	(335,24,'q3_7',NULL,'2021-03-02 15:06:48','2021-03-02 15:06:48',0,NULL),
	(336,24,'q4_1','1','2021-03-02 15:06:48','2021-03-02 15:06:48',0,NULL),
	(337,24,'q4_2','1','2021-03-02 15:06:48','2021-03-02 15:06:48',0,NULL),
	(338,24,'q4_3',NULL,'2021-03-02 15:06:48','2021-03-02 15:06:48',0,NULL),
	(339,24,'q4_4','1','2021-03-02 15:06:48','2021-03-02 15:06:48',0,NULL),
	(340,24,'q4_5',NULL,'2021-03-02 15:06:48','2021-03-02 15:06:48',0,NULL),
	(341,24,'q4_note',NULL,'2021-03-02 15:06:48','2021-03-02 15:06:48',0,NULL),
	(342,24,'note',NULL,'2021-03-02 15:06:48','2021-03-02 15:06:48',0,NULL),
	(343,25,'q1','1','2021-03-02 15:07:24','2021-03-02 15:07:24',0,NULL),
	(344,25,'q2_1','ミラク','2021-03-02 15:07:24','2021-03-02 15:07:24',0,NULL),
	(345,25,'q2_2','いづよね','2021-03-02 15:07:24','2021-03-02 15:07:24',0,NULL),
	(346,25,'q2_3','淡路麺業','2021-03-02 15:07:24','2021-03-02 15:07:24',0,NULL),
	(347,25,'q3_1',NULL,'2021-03-02 15:07:24','2021-03-02 15:07:24',0,NULL),
	(348,25,'q3_2',NULL,'2021-03-02 15:07:24','2021-03-02 15:07:24',0,NULL),
	(349,25,'q3_3',NULL,'2021-03-02 15:07:24','2021-03-02 15:07:24',0,NULL),
	(350,25,'q3_4',NULL,'2021-03-02 15:07:24','2021-03-02 15:07:24',0,NULL),
	(351,25,'q3_5','1','2021-03-02 15:07:24','2021-03-02 15:07:24',0,NULL),
	(352,25,'q3_6',NULL,'2021-03-02 15:07:24','2021-03-02 15:07:24',0,NULL),
	(353,25,'q3_7',NULL,'2021-03-02 15:07:24','2021-03-02 15:07:24',0,NULL),
	(354,25,'q4_1','1','2021-03-02 15:07:24','2021-03-02 15:07:24',0,NULL),
	(355,25,'q4_2','1','2021-03-02 15:07:24','2021-03-02 15:07:24',0,NULL),
	(356,25,'q4_3',NULL,'2021-03-02 15:07:24','2021-03-02 15:07:24',0,NULL),
	(357,25,'q4_4',NULL,'2021-03-02 15:07:24','2021-03-02 15:07:24',0,NULL),
	(358,25,'q4_5',NULL,'2021-03-02 15:07:24','2021-03-02 15:07:24',0,NULL),
	(359,25,'q4_note',NULL,'2021-03-02 15:07:24','2021-03-02 15:07:24',0,NULL),
	(360,25,'note',NULL,'2021-03-02 15:07:24','2021-03-02 15:07:24',0,NULL),
	(361,26,'q1','1','2021-03-02 15:07:44','2021-03-02 15:07:44',0,NULL),
	(362,26,'q2_1','ジィアンドジィ','2021-03-02 15:07:44','2021-03-02 15:07:44',0,NULL),
	(363,26,'q2_2','てらす','2021-03-02 15:07:44','2021-03-02 15:07:44',0,NULL),
	(364,26,'q2_3','ネクストページ','2021-03-02 15:07:44','2021-03-02 15:07:44',0,NULL),
	(365,26,'q3_1',NULL,'2021-03-02 15:07:44','2021-03-02 15:07:44',0,NULL),
	(366,26,'q3_2',NULL,'2021-03-02 15:07:44','2021-03-02 15:07:44',0,NULL),
	(367,26,'q3_3',NULL,'2021-03-02 15:07:44','2021-03-02 15:07:44',0,NULL),
	(368,26,'q3_4',NULL,'2021-03-02 15:07:44','2021-03-02 15:07:44',0,NULL),
	(369,26,'q3_5',NULL,'2021-03-02 15:07:44','2021-03-02 15:07:44',0,NULL),
	(370,26,'q3_6','1','2021-03-02 15:07:44','2021-03-02 15:07:44',0,NULL),
	(371,26,'q3_7',NULL,'2021-03-02 15:07:44','2021-03-02 15:07:44',0,NULL),
	(372,26,'q4_1','1','2021-03-02 15:07:44','2021-03-02 15:07:44',0,NULL),
	(373,26,'q4_2','1','2021-03-02 15:07:44','2021-03-02 15:07:44',0,NULL),
	(374,26,'q4_3',NULL,'2021-03-02 15:07:44','2021-03-02 15:07:44',0,NULL),
	(375,26,'q4_4',NULL,'2021-03-02 15:07:44','2021-03-02 15:07:44',0,NULL),
	(376,26,'q4_5',NULL,'2021-03-02 15:07:44','2021-03-02 15:07:44',0,NULL),
	(377,26,'q4_note',NULL,'2021-03-02 15:07:44','2021-03-02 15:07:44',0,NULL),
	(378,26,'note',NULL,'2021-03-02 15:07:44','2021-03-02 15:07:44',0,NULL),
	(379,27,'q1','1','2021-03-02 15:07:54','2021-03-02 15:07:54',0,NULL),
	(380,27,'q2_1','ダイレクト','2021-03-02 15:07:54','2021-03-02 15:07:54',0,NULL),
	(381,27,'q2_2','高山商店','2021-03-02 15:07:54','2021-03-02 15:07:54',0,NULL),
	(382,27,'q2_3','大匠','2021-03-02 15:07:54','2021-03-02 15:07:54',0,NULL),
	(383,27,'q3_1',NULL,'2021-03-02 15:07:54','2021-03-02 15:07:54',0,NULL),
	(384,27,'q3_2',NULL,'2021-03-02 15:07:54','2021-03-02 15:07:54',0,NULL),
	(385,27,'q3_3',NULL,'2021-03-02 15:07:54','2021-03-02 15:07:54',0,NULL),
	(386,27,'q3_4',NULL,'2021-03-02 15:07:54','2021-03-02 15:07:54',0,NULL),
	(387,27,'q3_5',NULL,'2021-03-02 15:07:54','2021-03-02 15:07:54',0,NULL),
	(388,27,'q3_6',NULL,'2021-03-02 15:07:54','2021-03-02 15:07:54',0,NULL),
	(389,27,'q3_7','1','2021-03-02 15:07:54','2021-03-02 15:07:54',0,NULL),
	(390,27,'q4_1',NULL,'2021-03-02 15:07:54','2021-03-02 15:07:54',0,NULL),
	(391,27,'q4_2','1','2021-03-02 15:07:54','2021-03-02 15:07:54',0,NULL),
	(392,27,'q4_3','1','2021-03-02 15:07:54','2021-03-02 15:07:54',0,NULL),
	(393,27,'q4_4',NULL,'2021-03-02 15:07:54','2021-03-02 15:07:54',0,NULL),
	(394,27,'q4_5',NULL,'2021-03-02 15:07:54','2021-03-02 15:07:54',0,NULL),
	(395,27,'q4_note',NULL,'2021-03-02 15:07:54','2021-03-02 15:07:54',0,NULL),
	(396,27,'note',NULL,'2021-03-02 15:07:54','2021-03-02 15:07:54',0,NULL),
	(397,28,'q1','1','2021-03-02 15:08:04','2021-03-02 15:08:04',0,NULL),
	(398,28,'q2_1','株　てらす','2021-03-02 15:08:04','2021-03-02 15:08:04',0,NULL),
	(399,28,'q2_2','ジィアンドジィ','2021-03-02 15:08:04','2021-03-02 15:08:04',0,NULL),
	(400,28,'q2_3','ネクストページ','2021-03-02 15:08:04','2021-03-02 15:08:04',0,NULL),
	(401,28,'q3_1',NULL,'2021-03-02 15:08:04','2021-03-02 15:08:04',0,NULL),
	(402,28,'q3_2',NULL,'2021-03-02 15:08:04','2021-03-02 15:08:04',0,NULL),
	(403,28,'q3_3',NULL,'2021-03-02 15:08:04','2021-03-02 15:08:04',0,NULL),
	(404,28,'q3_4',NULL,'2021-03-02 15:08:04','2021-03-02 15:08:04',0,NULL),
	(405,28,'q3_5','1','2021-03-02 15:08:04','2021-03-02 15:08:04',0,NULL),
	(406,28,'q3_6',NULL,'2021-03-02 15:08:04','2021-03-02 15:08:04',0,NULL),
	(407,28,'q3_7',NULL,'2021-03-02 15:08:04','2021-03-02 15:08:04',0,NULL),
	(408,28,'q4_1','1','2021-03-02 15:08:04','2021-03-02 15:08:04',0,NULL),
	(409,28,'q4_2',NULL,'2021-03-02 15:08:04','2021-03-02 15:08:04',0,NULL),
	(410,28,'q4_3',NULL,'2021-03-02 15:08:04','2021-03-02 15:08:04',0,NULL),
	(411,28,'q4_4',NULL,'2021-03-02 15:08:04','2021-03-02 15:08:04',0,NULL),
	(412,28,'q4_5',NULL,'2021-03-02 15:08:04','2021-03-02 15:08:04',0,NULL),
	(413,28,'q4_note',NULL,'2021-03-02 15:08:04','2021-03-02 15:08:04',0,NULL),
	(414,28,'note',NULL,'2021-03-02 15:08:04','2021-03-02 15:08:04',0,NULL),
	(415,29,'q1','0','2021-03-02 15:08:47','2021-03-02 15:08:47',0,NULL),
	(416,29,'q2_1','大匠','2021-03-02 15:08:47','2021-03-02 15:08:47',0,NULL),
	(417,29,'q2_2','てらす','2021-03-02 15:08:47','2021-03-02 15:08:47',0,NULL),
	(418,29,'q2_3',NULL,'2021-03-02 15:08:47','2021-03-02 15:08:47',0,NULL),
	(419,29,'q3_1','1','2021-03-02 15:08:47','2021-03-02 15:08:47',0,NULL),
	(420,29,'q3_2',NULL,'2021-03-02 15:08:47','2021-03-02 15:08:47',0,NULL),
	(421,29,'q3_3',NULL,'2021-03-02 15:08:47','2021-03-02 15:08:47',0,NULL),
	(422,29,'q3_4',NULL,'2021-03-02 15:08:47','2021-03-02 15:08:47',0,NULL),
	(423,29,'q3_5',NULL,'2021-03-02 15:08:47','2021-03-02 15:08:47',0,NULL),
	(424,29,'q3_6',NULL,'2021-03-02 15:08:47','2021-03-02 15:08:47',0,NULL),
	(425,29,'q3_7',NULL,'2021-03-02 15:08:47','2021-03-02 15:08:47',0,NULL),
	(426,29,'q4_1','1','2021-03-02 15:08:47','2021-03-02 15:08:47',0,NULL),
	(427,29,'q4_2','1','2021-03-02 15:08:47','2021-03-02 15:08:47',0,NULL),
	(428,29,'q4_3',NULL,'2021-03-02 15:08:47','2021-03-02 15:08:47',0,NULL),
	(429,29,'q4_4',NULL,'2021-03-02 15:08:47','2021-03-02 15:08:47',0,NULL),
	(430,29,'q4_5',NULL,'2021-03-02 15:08:47','2021-03-02 15:08:47',0,NULL),
	(431,29,'q4_note',NULL,'2021-03-02 15:08:47','2021-03-02 15:08:47',0,NULL),
	(432,29,'note',NULL,'2021-03-02 15:08:47','2021-03-02 15:08:47',0,NULL),
	(433,30,'q1','1','2021-03-02 15:11:25','2021-03-02 15:11:25',0,NULL),
	(434,30,'q2_1','ネクストページ','2021-03-02 15:11:25','2021-03-02 15:11:25',0,NULL),
	(435,30,'q2_2','淡路麺業','2021-03-02 15:11:25','2021-03-02 15:11:25',0,NULL),
	(436,30,'q2_3','大匠','2021-03-02 15:11:25','2021-03-02 15:11:25',0,NULL),
	(437,30,'q3_1',NULL,'2021-03-02 15:11:25','2021-03-02 15:11:25',0,NULL),
	(438,30,'q3_2',NULL,'2021-03-02 15:11:25','2021-03-02 15:11:25',0,NULL),
	(439,30,'q3_3',NULL,'2021-03-02 15:11:25','2021-03-02 15:11:25',0,NULL),
	(440,30,'q3_4',NULL,'2021-03-02 15:11:25','2021-03-02 15:11:25',0,NULL),
	(441,30,'q3_5','1','2021-03-02 15:11:25','2021-03-02 15:11:25',0,NULL),
	(442,30,'q3_6','1','2021-03-02 15:11:25','2021-03-02 15:11:25',0,NULL),
	(443,30,'q3_7',NULL,'2021-03-02 15:11:25','2021-03-02 15:11:25',0,NULL),
	(444,30,'q4_1',NULL,'2021-03-02 15:11:25','2021-03-02 15:11:25',0,NULL),
	(445,30,'q4_2','1','2021-03-02 15:11:25','2021-03-02 15:11:25',0,NULL),
	(446,30,'q4_3','1','2021-03-02 15:11:25','2021-03-02 15:11:25',0,NULL),
	(447,30,'q4_4',NULL,'2021-03-02 15:11:25','2021-03-02 15:11:25',0,NULL),
	(448,30,'q4_5',NULL,'2021-03-02 15:11:25','2021-03-02 15:11:25',0,NULL),
	(449,30,'q4_note',NULL,'2021-03-02 15:11:25','2021-03-02 15:11:25',0,NULL),
	(450,30,'note',NULL,'2021-03-02 15:11:25','2021-03-02 15:11:25',0,NULL),
	(451,31,'q1','1','2021-03-02 15:11:29','2021-03-02 15:11:29',0,NULL),
	(452,31,'q2_1','ネクストページ','2021-03-02 15:11:29','2021-03-02 15:11:29',0,NULL),
	(453,31,'q2_2','大匠','2021-03-02 15:11:29','2021-03-02 15:11:29',0,NULL),
	(454,31,'q2_3','淡路麺業','2021-03-02 15:11:29','2021-03-02 15:11:29',0,NULL),
	(455,31,'q3_1',NULL,'2021-03-02 15:11:29','2021-03-02 15:11:29',0,NULL),
	(456,31,'q3_2',NULL,'2021-03-02 15:11:29','2021-03-02 15:11:29',0,NULL),
	(457,31,'q3_3',NULL,'2021-03-02 15:11:29','2021-03-02 15:11:29',0,NULL),
	(458,31,'q3_4',NULL,'2021-03-02 15:11:29','2021-03-02 15:11:29',0,NULL),
	(459,31,'q3_5','1','2021-03-02 15:11:29','2021-03-02 15:11:29',0,NULL),
	(460,31,'q3_6','1','2021-03-02 15:11:29','2021-03-02 15:11:29',0,NULL),
	(461,31,'q3_7',NULL,'2021-03-02 15:11:29','2021-03-02 15:11:29',0,NULL),
	(462,31,'q4_1','1','2021-03-02 15:11:29','2021-03-02 15:11:29',0,NULL),
	(463,31,'q4_2','1','2021-03-02 15:11:29','2021-03-02 15:11:29',0,NULL),
	(464,31,'q4_3',NULL,'2021-03-02 15:11:29','2021-03-02 15:11:29',0,NULL),
	(465,31,'q4_4',NULL,'2021-03-02 15:11:29','2021-03-02 15:11:29',0,NULL),
	(466,31,'q4_5',NULL,'2021-03-02 15:11:29','2021-03-02 15:11:29',0,NULL),
	(467,31,'q4_note',NULL,'2021-03-02 15:11:29','2021-03-02 15:11:29',0,NULL),
	(468,31,'note',NULL,'2021-03-02 15:11:29','2021-03-02 15:11:29',0,NULL),
	(469,32,'q1','1','2021-03-02 15:24:40','2021-03-02 15:24:40',0,NULL),
	(470,32,'q2_1','淡路麺業株式会社','2021-03-02 15:24:40','2021-03-02 15:24:40',0,NULL),
	(471,32,'q2_2','株式会社ミユキット','2021-03-02 15:24:40','2021-03-02 15:24:40',0,NULL),
	(472,32,'q2_3','株式会社いづよね','2021-03-02 15:24:40','2021-03-02 15:24:40',0,NULL),
	(473,32,'q3_1',NULL,'2021-03-02 15:24:40','2021-03-02 15:24:40',0,NULL),
	(474,32,'q3_2',NULL,'2021-03-02 15:24:40','2021-03-02 15:24:40',0,NULL),
	(475,32,'q3_3',NULL,'2021-03-02 15:24:40','2021-03-02 15:24:40',0,NULL),
	(476,32,'q3_4',NULL,'2021-03-02 15:24:40','2021-03-02 15:24:40',0,NULL),
	(477,32,'q3_5','1','2021-03-02 15:24:41','2021-03-02 15:24:41',0,NULL),
	(478,32,'q3_6',NULL,'2021-03-02 15:24:41','2021-03-02 15:24:41',0,NULL),
	(479,32,'q3_7',NULL,'2021-03-02 15:24:41','2021-03-02 15:24:41',0,NULL),
	(480,32,'q4_1','1','2021-03-02 15:24:41','2021-03-02 15:24:41',0,NULL),
	(481,32,'q4_2','1','2021-03-02 15:24:41','2021-03-02 15:24:41',0,NULL),
	(482,32,'q4_3','1','2021-03-02 15:24:41','2021-03-02 15:24:41',0,NULL),
	(483,32,'q4_4',NULL,'2021-03-02 15:24:41','2021-03-02 15:24:41',0,NULL),
	(484,32,'q4_5',NULL,'2021-03-02 15:24:41','2021-03-02 15:24:41',0,NULL),
	(485,32,'q4_note',NULL,'2021-03-02 15:24:41','2021-03-02 15:24:41',0,NULL),
	(486,32,'note',NULL,'2021-03-02 15:24:41','2021-03-02 15:24:41',0,NULL),
	(487,33,'q1','0','2021-03-02 15:26:42','2021-03-02 15:26:42',0,NULL),
	(488,33,'q2_1','ミラク','2021-03-02 15:26:42','2021-03-02 15:26:42',0,NULL),
	(489,33,'q2_2',NULL,'2021-03-02 15:26:42','2021-03-02 15:26:42',0,NULL),
	(490,33,'q2_3',NULL,'2021-03-02 15:26:42','2021-03-02 15:26:42',0,NULL),
	(491,33,'q3_1',NULL,'2021-03-02 15:26:42','2021-03-02 15:26:42',0,NULL),
	(492,33,'q3_2','1','2021-03-02 15:26:42','2021-03-02 15:26:42',0,NULL),
	(493,33,'q3_3',NULL,'2021-03-02 15:26:42','2021-03-02 15:26:42',0,NULL),
	(494,33,'q3_4',NULL,'2021-03-02 15:26:42','2021-03-02 15:26:42',0,NULL),
	(495,33,'q3_5',NULL,'2021-03-02 15:26:42','2021-03-02 15:26:42',0,NULL),
	(496,33,'q3_6',NULL,'2021-03-02 15:26:42','2021-03-02 15:26:42',0,NULL),
	(497,33,'q3_7','1','2021-03-02 15:26:42','2021-03-02 15:26:42',0,NULL),
	(498,33,'q4_1',NULL,'2021-03-02 15:26:42','2021-03-02 15:26:42',0,NULL),
	(499,33,'q4_2','1','2021-03-02 15:26:42','2021-03-02 15:26:42',0,NULL),
	(500,33,'q4_3','1','2021-03-02 15:26:42','2021-03-02 15:26:42',0,NULL),
	(501,33,'q4_4','1','2021-03-02 15:26:42','2021-03-02 15:26:42',0,NULL),
	(502,33,'q4_5',NULL,'2021-03-02 15:26:42','2021-03-02 15:26:42',0,NULL),
	(503,33,'q4_note',NULL,'2021-03-02 15:26:42','2021-03-02 15:26:42',0,NULL),
	(504,33,'note',NULL,'2021-03-02 15:26:42','2021-03-02 15:26:42',0,NULL),
	(505,34,'q1','1','2021-03-02 15:27:29','2021-03-02 15:27:29',0,NULL),
	(506,34,'q2_1','ネクストページ','2021-03-02 15:27:29','2021-03-02 15:27:29',0,NULL),
	(507,34,'q2_2',NULL,'2021-03-02 15:27:29','2021-03-02 15:27:29',0,NULL),
	(508,34,'q2_3',NULL,'2021-03-02 15:27:29','2021-03-02 15:27:29',0,NULL),
	(509,34,'q3_1',NULL,'2021-03-02 15:27:29','2021-03-02 15:27:29',0,NULL),
	(510,34,'q3_2',NULL,'2021-03-02 15:27:29','2021-03-02 15:27:29',0,NULL),
	(511,34,'q3_3',NULL,'2021-03-02 15:27:29','2021-03-02 15:27:29',0,NULL),
	(512,34,'q3_4',NULL,'2021-03-02 15:27:29','2021-03-02 15:27:29',0,NULL),
	(513,34,'q3_5',NULL,'2021-03-02 15:27:29','2021-03-02 15:27:29',0,NULL),
	(514,34,'q3_6',NULL,'2021-03-02 15:27:29','2021-03-02 15:27:29',0,NULL),
	(515,34,'q3_7','1','2021-03-02 15:27:29','2021-03-02 15:27:29',0,NULL),
	(516,34,'q4_1','1','2021-03-02 15:27:29','2021-03-02 15:27:29',0,NULL),
	(517,34,'q4_2',NULL,'2021-03-02 15:27:29','2021-03-02 15:27:29',0,NULL),
	(518,34,'q4_3',NULL,'2021-03-02 15:27:29','2021-03-02 15:27:29',0,NULL),
	(519,34,'q4_4',NULL,'2021-03-02 15:27:29','2021-03-02 15:27:29',0,NULL),
	(520,34,'q4_5',NULL,'2021-03-02 15:27:29','2021-03-02 15:27:29',0,NULL),
	(521,34,'q4_note',NULL,'2021-03-02 15:27:29','2021-03-02 15:27:29',0,NULL),
	(522,34,'note',NULL,'2021-03-02 15:27:29','2021-03-02 15:27:29',0,NULL),
	(523,35,'q1','1','2021-03-02 15:27:50','2021-03-02 15:27:50',0,NULL),
	(524,35,'q2_1','（株）ドアズ','2021-03-02 15:27:50','2021-03-02 15:27:50',0,NULL),
	(525,35,'q2_2','（株）あっとはんど','2021-03-02 15:27:50','2021-03-02 15:27:50',0,NULL),
	(526,35,'q2_3',NULL,'2021-03-02 15:27:50','2021-03-02 15:27:50',0,NULL),
	(527,35,'q3_1',NULL,'2021-03-02 15:27:50','2021-03-02 15:27:50',0,NULL),
	(528,35,'q3_2',NULL,'2021-03-02 15:27:50','2021-03-02 15:27:50',0,NULL),
	(529,35,'q3_3',NULL,'2021-03-02 15:27:50','2021-03-02 15:27:50',0,NULL),
	(530,35,'q3_4',NULL,'2021-03-02 15:27:50','2021-03-02 15:27:50',0,NULL),
	(531,35,'q3_5','1','2021-03-02 15:27:50','2021-03-02 15:27:50',0,NULL),
	(532,35,'q3_6','1','2021-03-02 15:27:50','2021-03-02 15:27:50',0,NULL),
	(533,35,'q3_7',NULL,'2021-03-02 15:27:50','2021-03-02 15:27:50',0,NULL),
	(534,35,'q4_1','1','2021-03-02 15:27:50','2021-03-02 15:27:50',0,NULL),
	(535,35,'q4_2','1','2021-03-02 15:27:50','2021-03-02 15:27:50',0,NULL),
	(536,35,'q4_3',NULL,'2021-03-02 15:27:50','2021-03-02 15:27:50',0,NULL),
	(537,35,'q4_4',NULL,'2021-03-02 15:27:50','2021-03-02 15:27:50',0,NULL),
	(538,35,'q4_5',NULL,'2021-03-02 15:27:50','2021-03-02 15:27:50',0,NULL),
	(539,35,'q4_note',NULL,'2021-03-02 15:27:50','2021-03-02 15:27:50',0,NULL),
	(540,35,'note',NULL,'2021-03-02 15:27:50','2021-03-02 15:27:50',0,NULL),
	(541,36,'q1','2','2021-03-02 15:30:30','2021-03-02 15:30:30',0,NULL),
	(542,36,'q2_1','なし','2021-03-02 15:30:30','2021-03-02 15:30:30',0,NULL),
	(543,36,'q2_2',NULL,'2021-03-02 15:30:30','2021-03-02 15:30:30',0,NULL),
	(544,36,'q2_3',NULL,'2021-03-02 15:30:30','2021-03-02 15:30:30',0,NULL),
	(545,36,'q3_1','1','2021-03-02 15:30:30','2021-03-02 15:30:30',0,NULL),
	(546,36,'q3_2',NULL,'2021-03-02 15:30:30','2021-03-02 15:30:30',0,NULL),
	(547,36,'q3_3',NULL,'2021-03-02 15:30:30','2021-03-02 15:30:30',0,NULL),
	(548,36,'q3_4',NULL,'2021-03-02 15:30:30','2021-03-02 15:30:30',0,NULL),
	(549,36,'q3_5',NULL,'2021-03-02 15:30:30','2021-03-02 15:30:30',0,NULL),
	(550,36,'q3_6',NULL,'2021-03-02 15:30:30','2021-03-02 15:30:30',0,NULL),
	(551,36,'q3_7',NULL,'2021-03-02 15:30:30','2021-03-02 15:30:30',0,NULL),
	(552,36,'q4_1',NULL,'2021-03-02 15:30:30','2021-03-02 15:30:30',0,NULL),
	(553,36,'q4_2','1','2021-03-02 15:30:30','2021-03-02 15:30:30',0,NULL),
	(554,36,'q4_3',NULL,'2021-03-02 15:30:30','2021-03-02 15:30:30',0,NULL),
	(555,36,'q4_4',NULL,'2021-03-02 15:30:30','2021-03-02 15:30:30',0,NULL),
	(556,36,'q4_5',NULL,'2021-03-02 15:30:30','2021-03-02 15:30:30',0,NULL),
	(557,36,'q4_note',NULL,'2021-03-02 15:30:30','2021-03-02 15:30:30',0,NULL),
	(558,36,'note',NULL,'2021-03-02 15:30:30','2021-03-02 15:30:30',0,NULL),
	(559,37,'q1','0','2021-03-02 15:30:33','2021-03-02 15:30:33',0,NULL),
	(560,37,'q2_1','（株）ドアズ','2021-03-02 15:30:33','2021-03-02 15:30:33',0,NULL),
	(561,37,'q2_2','（株）あっと・はんど','2021-03-02 15:30:33','2021-03-02 15:30:33',0,NULL),
	(562,37,'q2_3',NULL,'2021-03-02 15:30:33','2021-03-02 15:30:33',0,NULL),
	(563,37,'q3_1',NULL,'2021-03-02 15:30:33','2021-03-02 15:30:33',0,NULL),
	(564,37,'q3_2',NULL,'2021-03-02 15:30:33','2021-03-02 15:30:33',0,NULL),
	(565,37,'q3_3',NULL,'2021-03-02 15:30:33','2021-03-02 15:30:33',0,NULL),
	(566,37,'q3_4',NULL,'2021-03-02 15:30:33','2021-03-02 15:30:33',0,NULL),
	(567,37,'q3_5','1','2021-03-02 15:30:33','2021-03-02 15:30:33',0,NULL),
	(568,37,'q3_6',NULL,'2021-03-02 15:30:33','2021-03-02 15:30:33',0,NULL),
	(569,37,'q3_7',NULL,'2021-03-02 15:30:33','2021-03-02 15:30:33',0,NULL),
	(570,37,'q4_1','1','2021-03-02 15:30:33','2021-03-02 15:30:33',0,NULL),
	(571,37,'q4_2','1','2021-03-02 15:30:33','2021-03-02 15:30:33',0,NULL),
	(572,37,'q4_3','1','2021-03-02 15:30:33','2021-03-02 15:30:33',0,NULL),
	(573,37,'q4_4',NULL,'2021-03-02 15:30:33','2021-03-02 15:30:33',0,NULL),
	(574,37,'q4_5',NULL,'2021-03-02 15:30:33','2021-03-02 15:30:33',0,NULL),
	(575,37,'q4_note',NULL,'2021-03-02 15:30:33','2021-03-02 15:30:33',0,NULL),
	(576,37,'note',NULL,'2021-03-02 15:30:33','2021-03-02 15:30:33',0,NULL),
	(577,38,'q1','1','2021-03-02 15:30:55','2021-03-02 15:30:55',0,NULL),
	(578,38,'q2_1','いづよね','2021-03-02 15:30:55','2021-03-02 15:30:55',0,NULL),
	(579,38,'q2_2',NULL,'2021-03-02 15:30:55','2021-03-02 15:30:55',0,NULL),
	(580,38,'q2_3',NULL,'2021-03-02 15:30:55','2021-03-02 15:30:55',0,NULL),
	(581,38,'q3_1',NULL,'2021-03-02 15:30:55','2021-03-02 15:30:55',0,NULL),
	(582,38,'q3_2',NULL,'2021-03-02 15:30:55','2021-03-02 15:30:55',0,NULL),
	(583,38,'q3_3',NULL,'2021-03-02 15:30:55','2021-03-02 15:30:55',0,NULL),
	(584,38,'q3_4',NULL,'2021-03-02 15:30:55','2021-03-02 15:30:55',0,NULL),
	(585,38,'q3_5','1','2021-03-02 15:30:55','2021-03-02 15:30:55',0,NULL),
	(586,38,'q3_6',NULL,'2021-03-02 15:30:55','2021-03-02 15:30:55',0,NULL),
	(587,38,'q3_7',NULL,'2021-03-02 15:30:55','2021-03-02 15:30:55',0,NULL),
	(588,38,'q4_1','1','2021-03-02 15:30:55','2021-03-02 15:30:55',0,NULL),
	(589,38,'q4_2','1','2021-03-02 15:30:55','2021-03-02 15:30:55',0,NULL),
	(590,38,'q4_3','1','2021-03-02 15:30:55','2021-03-02 15:30:55',0,NULL),
	(591,38,'q4_4',NULL,'2021-03-02 15:30:55','2021-03-02 15:30:55',0,NULL),
	(592,38,'q4_5',NULL,'2021-03-02 15:30:55','2021-03-02 15:30:55',0,NULL),
	(593,38,'q4_note',NULL,'2021-03-02 15:30:55','2021-03-02 15:30:55',0,NULL),
	(594,38,'note',NULL,'2021-03-02 15:30:55','2021-03-02 15:30:55',0,NULL),
	(595,39,'q1','0','2021-03-02 15:31:26','2021-03-02 15:31:26',0,NULL),
	(596,39,'q2_1','いづよね','2021-03-02 15:31:26','2021-03-02 15:31:26',0,NULL),
	(597,39,'q2_2',NULL,'2021-03-02 15:31:26','2021-03-02 15:31:26',0,NULL),
	(598,39,'q2_3',NULL,'2021-03-02 15:31:26','2021-03-02 15:31:26',0,NULL),
	(599,39,'q3_1',NULL,'2021-03-02 15:31:26','2021-03-02 15:31:26',0,NULL),
	(600,39,'q3_2',NULL,'2021-03-02 15:31:26','2021-03-02 15:31:26',0,NULL),
	(601,39,'q3_3',NULL,'2021-03-02 15:31:26','2021-03-02 15:31:26',0,NULL),
	(602,39,'q3_4',NULL,'2021-03-02 15:31:26','2021-03-02 15:31:26',0,NULL),
	(603,39,'q3_5','1','2021-03-02 15:31:26','2021-03-02 15:31:26',0,NULL),
	(604,39,'q3_6',NULL,'2021-03-02 15:31:26','2021-03-02 15:31:26',0,NULL),
	(605,39,'q3_7',NULL,'2021-03-02 15:31:26','2021-03-02 15:31:26',0,NULL),
	(606,39,'q4_1','1','2021-03-02 15:31:26','2021-03-02 15:31:26',0,NULL),
	(607,39,'q4_2',NULL,'2021-03-02 15:31:26','2021-03-02 15:31:26',0,NULL),
	(608,39,'q4_3',NULL,'2021-03-02 15:31:26','2021-03-02 15:31:26',0,NULL),
	(609,39,'q4_4',NULL,'2021-03-02 15:31:26','2021-03-02 15:31:26',0,NULL),
	(610,39,'q4_5',NULL,'2021-03-02 15:31:26','2021-03-02 15:31:26',0,NULL),
	(611,39,'q4_note',NULL,'2021-03-02 15:31:26','2021-03-02 15:31:26',0,NULL),
	(612,39,'note',NULL,'2021-03-02 15:31:26','2021-03-02 15:31:26',0,NULL),
	(613,40,'q1','1','2021-03-02 15:34:02','2021-03-02 15:34:02',0,NULL),
	(614,40,'q2_1','いたよね','2021-03-02 15:34:02','2021-03-02 15:34:02',0,NULL),
	(615,40,'q2_2','だいしょう','2021-03-02 15:34:02','2021-03-02 15:34:02',0,NULL),
	(616,40,'q2_3','ネクストページ','2021-03-02 15:34:02','2021-03-02 15:34:02',0,NULL),
	(617,40,'q3_1',NULL,'2021-03-02 15:34:02','2021-03-02 15:34:02',0,NULL),
	(618,40,'q3_2',NULL,'2021-03-02 15:34:02','2021-03-02 15:34:02',0,NULL),
	(619,40,'q3_3',NULL,'2021-03-02 15:34:02','2021-03-02 15:34:02',0,NULL),
	(620,40,'q3_4',NULL,'2021-03-02 15:34:02','2021-03-02 15:34:02',0,NULL),
	(621,40,'q3_5',NULL,'2021-03-02 15:34:02','2021-03-02 15:34:02',0,NULL),
	(622,40,'q3_6','1','2021-03-02 15:34:02','2021-03-02 15:34:02',0,NULL),
	(623,40,'q3_7',NULL,'2021-03-02 15:34:02','2021-03-02 15:34:02',0,NULL),
	(624,40,'q4_1','1','2021-03-02 15:34:02','2021-03-02 15:34:02',0,NULL),
	(625,40,'q4_2',NULL,'2021-03-02 15:34:02','2021-03-02 15:34:02',0,NULL),
	(626,40,'q4_3',NULL,'2021-03-02 15:34:02','2021-03-02 15:34:02',0,NULL),
	(627,40,'q4_4',NULL,'2021-03-02 15:34:02','2021-03-02 15:34:02',0,NULL),
	(628,40,'q4_5',NULL,'2021-03-02 15:34:02','2021-03-02 15:34:02',0,NULL),
	(629,40,'q4_note',NULL,'2021-03-02 15:34:02','2021-03-02 15:34:02',0,NULL),
	(630,40,'note',NULL,'2021-03-02 15:34:02','2021-03-02 15:34:02',0,NULL),
	(631,41,'q1','1','2021-03-02 15:34:07','2021-03-02 15:34:07',0,NULL),
	(632,41,'q2_1','いづよね','2021-03-02 15:34:07','2021-03-02 15:34:07',0,NULL),
	(633,41,'q2_2','大匠','2021-03-02 15:34:07','2021-03-02 15:34:07',0,NULL),
	(634,41,'q2_3','ネクストページ','2021-03-02 15:34:07','2021-03-02 15:34:07',0,NULL),
	(635,41,'q3_1',NULL,'2021-03-02 15:34:07','2021-03-02 15:34:07',0,NULL),
	(636,41,'q3_2',NULL,'2021-03-02 15:34:07','2021-03-02 15:34:07',0,NULL),
	(637,41,'q3_3',NULL,'2021-03-02 15:34:07','2021-03-02 15:34:07',0,NULL),
	(638,41,'q3_4',NULL,'2021-03-02 15:34:07','2021-03-02 15:34:07',0,NULL),
	(639,41,'q3_5',NULL,'2021-03-02 15:34:07','2021-03-02 15:34:07',0,NULL),
	(640,41,'q3_6','1','2021-03-02 15:34:07','2021-03-02 15:34:07',0,NULL),
	(641,41,'q3_7',NULL,'2021-03-02 15:34:07','2021-03-02 15:34:07',0,NULL),
	(642,41,'q4_1','1','2021-03-02 15:34:07','2021-03-02 15:34:07',0,NULL),
	(643,41,'q4_2','1','2021-03-02 15:34:07','2021-03-02 15:34:07',0,NULL),
	(644,41,'q4_3','1','2021-03-02 15:34:07','2021-03-02 15:34:07',0,NULL),
	(645,41,'q4_4',NULL,'2021-03-02 15:34:07','2021-03-02 15:34:07',0,NULL),
	(646,41,'q4_5',NULL,'2021-03-02 15:34:07','2021-03-02 15:34:07',0,NULL),
	(647,41,'q4_note',NULL,'2021-03-02 15:34:07','2021-03-02 15:34:07',0,NULL),
	(648,41,'note',NULL,'2021-03-02 15:34:07','2021-03-02 15:34:07',0,NULL),
	(649,42,'q1','0','2021-03-02 15:34:52','2021-03-02 15:34:52',0,NULL),
	(650,42,'q2_1','ドアズ','2021-03-02 15:34:52','2021-03-02 15:34:52',0,NULL),
	(651,42,'q2_2','アースシンク','2021-03-02 15:34:52','2021-03-02 15:34:52',0,NULL),
	(652,42,'q2_3','モリエン','2021-03-02 15:34:52','2021-03-02 15:34:52',0,NULL),
	(653,42,'q3_1',NULL,'2021-03-02 15:34:52','2021-03-02 15:34:52',0,NULL),
	(654,42,'q3_2',NULL,'2021-03-02 15:34:52','2021-03-02 15:34:52',0,NULL),
	(655,42,'q3_3',NULL,'2021-03-02 15:34:52','2021-03-02 15:34:52',0,NULL),
	(656,42,'q3_4',NULL,'2021-03-02 15:34:52','2021-03-02 15:34:52',0,NULL),
	(657,42,'q3_5',NULL,'2021-03-02 15:34:52','2021-03-02 15:34:52',0,NULL),
	(658,42,'q3_6',NULL,'2021-03-02 15:34:52','2021-03-02 15:34:52',0,NULL),
	(659,42,'q3_7','1','2021-03-02 15:34:52','2021-03-02 15:34:52',0,NULL),
	(660,42,'q4_1',NULL,'2021-03-02 15:34:52','2021-03-02 15:34:52',0,NULL),
	(661,42,'q4_2','1','2021-03-02 15:34:52','2021-03-02 15:34:52',0,NULL),
	(662,42,'q4_3',NULL,'2021-03-02 15:34:52','2021-03-02 15:34:52',0,NULL),
	(663,42,'q4_4',NULL,'2021-03-02 15:34:52','2021-03-02 15:34:52',0,NULL),
	(664,42,'q4_5',NULL,'2021-03-02 15:34:52','2021-03-02 15:34:52',0,NULL),
	(665,42,'q4_note',NULL,'2021-03-02 15:34:52','2021-03-02 15:34:52',0,NULL),
	(666,42,'note',NULL,'2021-03-02 15:34:52','2021-03-02 15:34:52',0,NULL),
	(667,43,'q1','0','2021-03-02 15:43:57','2021-03-02 15:43:57',0,NULL),
	(668,43,'q2_1','earthink株式会社','2021-03-02 15:43:57','2021-03-02 15:43:57',0,NULL),
	(669,43,'q2_2','河野鉄工所','2021-03-02 15:43:57','2021-03-02 15:43:57',0,NULL),
	(670,43,'q2_3',NULL,'2021-03-02 15:43:57','2021-03-02 15:43:57',0,NULL),
	(671,43,'q3_1','1','2021-03-02 15:43:57','2021-03-02 15:43:57',0,NULL),
	(672,43,'q3_2',NULL,'2021-03-02 15:43:57','2021-03-02 15:43:57',0,NULL),
	(673,43,'q3_3',NULL,'2021-03-02 15:43:57','2021-03-02 15:43:57',0,NULL),
	(674,43,'q3_4',NULL,'2021-03-02 15:43:57','2021-03-02 15:43:57',0,NULL),
	(675,43,'q3_5',NULL,'2021-03-02 15:43:57','2021-03-02 15:43:57',0,NULL),
	(676,43,'q3_6',NULL,'2021-03-02 15:43:57','2021-03-02 15:43:57',0,NULL),
	(677,43,'q3_7',NULL,'2021-03-02 15:43:57','2021-03-02 15:43:57',0,NULL),
	(678,43,'q4_1','1','2021-03-02 15:43:57','2021-03-02 15:43:57',0,NULL),
	(679,43,'q4_2','1','2021-03-02 15:43:57','2021-03-02 15:43:57',0,NULL),
	(680,43,'q4_3',NULL,'2021-03-02 15:43:57','2021-03-02 15:43:57',0,NULL),
	(681,43,'q4_4',NULL,'2021-03-02 15:43:57','2021-03-02 15:43:57',0,NULL),
	(682,43,'q4_5',NULL,'2021-03-02 15:43:57','2021-03-02 15:43:57',0,NULL),
	(683,43,'q4_note',NULL,'2021-03-02 15:43:57','2021-03-02 15:43:57',0,NULL),
	(684,43,'note',NULL,'2021-03-02 15:43:57','2021-03-02 15:43:57',0,NULL),
	(685,44,'q1','0','2021-03-02 15:51:00','2021-03-02 15:51:00',0,NULL),
	(686,44,'q2_1','ミラク','2021-03-02 15:51:00','2021-03-02 15:51:00',0,NULL),
	(687,44,'q2_2','淡路麺業','2021-03-02 15:51:00','2021-03-02 15:51:00',0,NULL),
	(688,44,'q2_3','カキノ','2021-03-02 15:51:00','2021-03-02 15:51:00',0,NULL),
	(689,44,'q3_1',NULL,'2021-03-02 15:51:00','2021-03-02 15:51:00',0,NULL),
	(690,44,'q3_2','1','2021-03-02 15:51:00','2021-03-02 15:51:00',0,NULL),
	(691,44,'q3_3',NULL,'2021-03-02 15:51:00','2021-03-02 15:51:00',0,NULL),
	(692,44,'q3_4',NULL,'2021-03-02 15:51:00','2021-03-02 15:51:00',0,NULL),
	(693,44,'q3_5',NULL,'2021-03-02 15:51:00','2021-03-02 15:51:00',0,NULL),
	(694,44,'q3_6',NULL,'2021-03-02 15:51:00','2021-03-02 15:51:00',0,NULL),
	(695,44,'q3_7',NULL,'2021-03-02 15:51:00','2021-03-02 15:51:00',0,NULL),
	(696,44,'q4_1',NULL,'2021-03-02 15:51:00','2021-03-02 15:51:00',0,NULL),
	(697,44,'q4_2','1','2021-03-02 15:51:00','2021-03-02 15:51:00',0,NULL),
	(698,44,'q4_3',NULL,'2021-03-02 15:51:00','2021-03-02 15:51:00',0,NULL),
	(699,44,'q4_4',NULL,'2021-03-02 15:51:00','2021-03-02 15:51:00',0,NULL),
	(700,44,'q4_5',NULL,'2021-03-02 15:51:00','2021-03-02 15:51:00',0,NULL),
	(701,44,'q4_note',NULL,'2021-03-02 15:51:00','2021-03-02 15:51:00',0,NULL),
	(702,44,'note',NULL,'2021-03-02 15:51:00','2021-03-02 15:51:00',0,NULL),
	(703,45,'q1','0','2021-03-02 15:51:59','2021-03-02 15:51:59',0,NULL),
	(704,45,'q2_1','ジィ・アンド・ジィ','2021-03-02 15:51:59','2021-03-02 15:51:59',0,NULL),
	(705,45,'q2_2',NULL,'2021-03-02 15:51:59','2021-03-02 15:51:59',0,NULL),
	(706,45,'q2_3',NULL,'2021-03-02 15:51:59','2021-03-02 15:51:59',0,NULL),
	(707,45,'q3_1',NULL,'2021-03-02 15:51:59','2021-03-02 15:51:59',0,NULL),
	(708,45,'q3_2',NULL,'2021-03-02 15:51:59','2021-03-02 15:51:59',0,NULL),
	(709,45,'q3_3',NULL,'2021-03-02 15:51:59','2021-03-02 15:51:59',0,NULL),
	(710,45,'q3_4',NULL,'2021-03-02 15:51:59','2021-03-02 15:51:59',0,NULL),
	(711,45,'q3_5',NULL,'2021-03-02 15:51:59','2021-03-02 15:51:59',0,NULL),
	(712,45,'q3_6',NULL,'2021-03-02 15:51:59','2021-03-02 15:51:59',0,NULL),
	(713,45,'q3_7','1','2021-03-02 15:51:59','2021-03-02 15:51:59',0,NULL),
	(714,45,'q4_1','1','2021-03-02 15:51:59','2021-03-02 15:51:59',0,NULL),
	(715,45,'q4_2','1','2021-03-02 15:51:59','2021-03-02 15:51:59',0,NULL),
	(716,45,'q4_3','1','2021-03-02 15:51:59','2021-03-02 15:51:59',0,NULL),
	(717,45,'q4_4',NULL,'2021-03-02 15:51:59','2021-03-02 15:51:59',0,NULL),
	(718,45,'q4_5',NULL,'2021-03-02 15:51:59','2021-03-02 15:51:59',0,NULL),
	(719,45,'q4_note',NULL,'2021-03-02 15:51:59','2021-03-02 15:51:59',0,NULL),
	(720,45,'note',NULL,'2021-03-02 15:51:59','2021-03-02 15:51:59',0,NULL),
	(721,46,'q1','1','2021-03-02 15:52:24','2021-03-02 15:52:24',0,NULL),
	(722,46,'q2_1','ミラク','2021-03-02 15:52:24','2021-03-02 15:52:24',0,NULL),
	(723,46,'q2_2','デジアラホールディングス','2021-03-02 15:52:24','2021-03-02 15:52:24',0,NULL),
	(724,46,'q2_3',NULL,'2021-03-02 15:52:24','2021-03-02 15:52:24',0,NULL),
	(725,46,'q3_1',NULL,'2021-03-02 15:52:24','2021-03-02 15:52:24',0,NULL),
	(726,46,'q3_2',NULL,'2021-03-02 15:52:24','2021-03-02 15:52:24',0,NULL),
	(727,46,'q3_3',NULL,'2021-03-02 15:52:24','2021-03-02 15:52:24',0,NULL),
	(728,46,'q3_4',NULL,'2021-03-02 15:52:24','2021-03-02 15:52:24',0,NULL),
	(729,46,'q3_5','1','2021-03-02 15:52:24','2021-03-02 15:52:24',0,NULL),
	(730,46,'q3_6',NULL,'2021-03-02 15:52:24','2021-03-02 15:52:24',0,NULL),
	(731,46,'q3_7',NULL,'2021-03-02 15:52:24','2021-03-02 15:52:24',0,NULL),
	(732,46,'q4_1',NULL,'2021-03-02 15:52:24','2021-03-02 15:52:24',0,NULL),
	(733,46,'q4_2','1','2021-03-02 15:52:24','2021-03-02 15:52:24',0,NULL),
	(734,46,'q4_3','1','2021-03-02 15:52:24','2021-03-02 15:52:24',0,NULL),
	(735,46,'q4_4',NULL,'2021-03-02 15:52:24','2021-03-02 15:52:24',0,NULL),
	(736,46,'q4_5',NULL,'2021-03-02 15:52:24','2021-03-02 15:52:24',0,NULL),
	(737,46,'q4_note',NULL,'2021-03-02 15:52:24','2021-03-02 15:52:24',0,NULL),
	(738,46,'note',NULL,'2021-03-02 15:52:24','2021-03-02 15:52:24',0,NULL),
	(739,47,'q1','1','2021-03-02 15:52:25','2021-03-02 15:52:25',0,NULL),
	(740,47,'q2_1','モリエン','2021-03-02 15:52:25','2021-03-02 15:52:25',0,NULL),
	(741,47,'q2_2','高山商店','2021-03-02 15:52:25','2021-03-02 15:52:25',0,NULL),
	(742,47,'q2_3',NULL,'2021-03-02 15:52:25','2021-03-02 15:52:25',0,NULL),
	(743,47,'q3_1',NULL,'2021-03-02 15:52:25','2021-03-02 15:52:25',0,NULL),
	(744,47,'q3_2',NULL,'2021-03-02 15:52:25','2021-03-02 15:52:25',0,NULL),
	(745,47,'q3_3','1','2021-03-02 15:52:25','2021-03-02 15:52:25',0,NULL),
	(746,47,'q3_4',NULL,'2021-03-02 15:52:25','2021-03-02 15:52:25',0,NULL),
	(747,47,'q3_5',NULL,'2021-03-02 15:52:25','2021-03-02 15:52:25',0,NULL),
	(748,47,'q3_6',NULL,'2021-03-02 15:52:25','2021-03-02 15:52:25',0,NULL),
	(749,47,'q3_7',NULL,'2021-03-02 15:52:25','2021-03-02 15:52:25',0,NULL),
	(750,47,'q4_1','1','2021-03-02 15:52:25','2021-03-02 15:52:25',0,NULL),
	(751,47,'q4_2','1','2021-03-02 15:52:25','2021-03-02 15:52:25',0,NULL),
	(752,47,'q4_3',NULL,'2021-03-02 15:52:25','2021-03-02 15:52:25',0,NULL),
	(753,47,'q4_4',NULL,'2021-03-02 15:52:25','2021-03-02 15:52:25',0,NULL),
	(754,47,'q4_5',NULL,'2021-03-02 15:52:25','2021-03-02 15:52:25',0,NULL),
	(755,47,'q4_note',NULL,'2021-03-02 15:52:25','2021-03-02 15:52:25',0,NULL),
	(756,47,'note',NULL,'2021-03-02 15:52:25','2021-03-02 15:52:25',0,NULL),
	(757,48,'q1','1','2021-03-02 15:52:26','2021-03-02 15:52:26',0,NULL),
	(758,48,'q2_1','三八商会','2021-03-02 15:52:26','2021-03-02 15:52:26',0,NULL),
	(759,48,'q2_2',NULL,'2021-03-02 15:52:26','2021-03-02 15:52:26',0,NULL),
	(760,48,'q2_3',NULL,'2021-03-02 15:52:26','2021-03-02 15:52:26',0,NULL),
	(761,48,'q3_1',NULL,'2021-03-02 15:52:26','2021-03-02 15:52:26',0,NULL),
	(762,48,'q3_2',NULL,'2021-03-02 15:52:26','2021-03-02 15:52:26',0,NULL),
	(763,48,'q3_3',NULL,'2021-03-02 15:52:26','2021-03-02 15:52:26',0,NULL),
	(764,48,'q3_4',NULL,'2021-03-02 15:52:26','2021-03-02 15:52:26',0,NULL),
	(765,48,'q3_5','1','2021-03-02 15:52:26','2021-03-02 15:52:26',0,NULL),
	(766,48,'q3_6',NULL,'2021-03-02 15:52:26','2021-03-02 15:52:26',0,NULL),
	(767,48,'q3_7',NULL,'2021-03-02 15:52:26','2021-03-02 15:52:26',0,NULL),
	(768,48,'q4_1','1','2021-03-02 15:52:26','2021-03-02 15:52:26',0,NULL),
	(769,48,'q4_2','1','2021-03-02 15:52:26','2021-03-02 15:52:26',0,NULL),
	(770,48,'q4_3','1','2021-03-02 15:52:26','2021-03-02 15:52:26',0,NULL),
	(771,48,'q4_4',NULL,'2021-03-02 15:52:26','2021-03-02 15:52:26',0,NULL),
	(772,48,'q4_5',NULL,'2021-03-02 15:52:26','2021-03-02 15:52:26',0,NULL),
	(773,48,'q4_note',NULL,'2021-03-02 15:52:26','2021-03-02 15:52:26',0,NULL),
	(774,48,'note',NULL,'2021-03-02 15:52:26','2021-03-02 15:52:26',0,NULL),
	(775,49,'q1','1','2021-03-02 15:52:29','2021-03-02 15:52:29',0,NULL),
	(776,49,'q2_1','ジィ・アンド・ジィ','2021-03-02 15:52:29','2021-03-02 15:52:29',0,NULL),
	(777,49,'q2_2',NULL,'2021-03-02 15:52:29','2021-03-02 15:52:29',0,NULL),
	(778,49,'q2_3',NULL,'2021-03-02 15:52:29','2021-03-02 15:52:29',0,NULL),
	(779,49,'q3_1',NULL,'2021-03-02 15:52:29','2021-03-02 15:52:29',0,NULL),
	(780,49,'q3_2',NULL,'2021-03-02 15:52:29','2021-03-02 15:52:29',0,NULL),
	(781,49,'q3_3',NULL,'2021-03-02 15:52:29','2021-03-02 15:52:29',0,NULL),
	(782,49,'q3_4',NULL,'2021-03-02 15:52:29','2021-03-02 15:52:29',0,NULL),
	(783,49,'q3_5','1','2021-03-02 15:52:29','2021-03-02 15:52:29',0,NULL),
	(784,49,'q3_6',NULL,'2021-03-02 15:52:29','2021-03-02 15:52:29',0,NULL),
	(785,49,'q3_7',NULL,'2021-03-02 15:52:29','2021-03-02 15:52:29',0,NULL),
	(786,49,'q4_1','1','2021-03-02 15:52:29','2021-03-02 15:52:29',0,NULL),
	(787,49,'q4_2',NULL,'2021-03-02 15:52:29','2021-03-02 15:52:29',0,NULL),
	(788,49,'q4_3',NULL,'2021-03-02 15:52:29','2021-03-02 15:52:29',0,NULL),
	(789,49,'q4_4',NULL,'2021-03-02 15:52:29','2021-03-02 15:52:29',0,NULL),
	(790,49,'q4_5',NULL,'2021-03-02 15:52:29','2021-03-02 15:52:29',0,NULL),
	(791,49,'q4_note',NULL,'2021-03-02 15:52:29','2021-03-02 15:52:29',0,NULL),
	(792,49,'note',NULL,'2021-03-02 15:52:29','2021-03-02 15:52:29',0,NULL),
	(793,50,'q1','1','2021-03-02 15:53:40','2021-03-02 15:53:40',0,NULL),
	(794,50,'q2_1','(有)トーメー','2021-03-02 15:53:40','2021-03-02 15:53:40',0,NULL),
	(795,50,'q2_2',NULL,'2021-03-02 15:53:40','2021-03-02 15:53:40',0,NULL),
	(796,50,'q2_3',NULL,'2021-03-02 15:53:40','2021-03-02 15:53:40',0,NULL),
	(797,50,'q3_1',NULL,'2021-03-02 15:53:40','2021-03-02 15:53:40',0,NULL),
	(798,50,'q3_2',NULL,'2021-03-02 15:53:40','2021-03-02 15:53:40',0,NULL),
	(799,50,'q3_3',NULL,'2021-03-02 15:53:40','2021-03-02 15:53:40',0,NULL),
	(800,50,'q3_4','1','2021-03-02 15:53:40','2021-03-02 15:53:40',0,NULL),
	(801,50,'q3_5','1','2021-03-02 15:53:40','2021-03-02 15:53:40',0,NULL),
	(802,50,'q3_6',NULL,'2021-03-02 15:53:40','2021-03-02 15:53:40',0,NULL),
	(803,50,'q3_7',NULL,'2021-03-02 15:53:40','2021-03-02 15:53:40',0,NULL),
	(804,50,'q4_1','1','2021-03-02 15:53:40','2021-03-02 15:53:40',0,NULL),
	(805,50,'q4_2',NULL,'2021-03-02 15:53:40','2021-03-02 15:53:40',0,NULL),
	(806,50,'q4_3',NULL,'2021-03-02 15:53:40','2021-03-02 15:53:40',0,NULL),
	(807,50,'q4_4','1','2021-03-02 15:53:40','2021-03-02 15:53:40',0,NULL),
	(808,50,'q4_5',NULL,'2021-03-02 15:53:40','2021-03-02 15:53:40',0,NULL),
	(809,50,'q4_note',NULL,'2021-03-02 15:53:40','2021-03-02 15:53:40',0,NULL),
	(810,50,'note',NULL,'2021-03-02 15:53:40','2021-03-02 15:53:40',0,NULL),
	(811,51,'q1','1','2021-03-02 15:54:20','2021-03-02 15:54:20',0,NULL),
	(812,51,'q2_1','デジアラホールディングス','2021-03-02 15:54:20','2021-03-02 15:54:20',0,NULL),
	(813,51,'q2_2','あっとはんど','2021-03-02 15:54:20','2021-03-02 15:54:20',0,NULL),
	(814,51,'q2_3','大匠','2021-03-02 15:54:20','2021-03-02 15:54:20',0,NULL),
	(815,51,'q3_1','1','2021-03-02 15:54:20','2021-03-02 15:54:20',0,NULL),
	(816,51,'q3_2',NULL,'2021-03-02 15:54:20','2021-03-02 15:54:20',0,NULL),
	(817,51,'q3_3',NULL,'2021-03-02 15:54:20','2021-03-02 15:54:20',0,NULL),
	(818,51,'q3_4',NULL,'2021-03-02 15:54:20','2021-03-02 15:54:20',0,NULL),
	(819,51,'q3_5',NULL,'2021-03-02 15:54:20','2021-03-02 15:54:20',0,NULL),
	(820,51,'q3_6',NULL,'2021-03-02 15:54:20','2021-03-02 15:54:20',0,NULL),
	(821,51,'q3_7',NULL,'2021-03-02 15:54:20','2021-03-02 15:54:20',0,NULL),
	(822,51,'q4_1',NULL,'2021-03-02 15:54:20','2021-03-02 15:54:20',0,NULL),
	(823,51,'q4_2','1','2021-03-02 15:54:20','2021-03-02 15:54:20',0,NULL),
	(824,51,'q4_3',NULL,'2021-03-02 15:54:20','2021-03-02 15:54:20',0,NULL),
	(825,51,'q4_4',NULL,'2021-03-02 15:54:20','2021-03-02 15:54:20',0,NULL),
	(826,51,'q4_5',NULL,'2021-03-02 15:54:20','2021-03-02 15:54:20',0,NULL),
	(827,51,'q4_note',NULL,'2021-03-02 15:54:20','2021-03-02 15:54:20',0,NULL),
	(828,51,'note','とくになし。','2021-03-02 15:54:20','2021-03-02 15:54:20',0,NULL),
	(829,52,'q1','1','2021-03-02 15:56:33','2021-03-02 15:56:33',0,NULL),
	(830,52,'q2_1','Earthink株式会社','2021-03-02 15:56:33','2021-03-02 15:56:33',0,NULL),
	(831,52,'q2_2','株式会社ミラク','2021-03-02 15:56:33','2021-03-02 15:56:33',0,NULL),
	(832,52,'q2_3',NULL,'2021-03-02 15:56:33','2021-03-02 15:56:33',0,NULL),
	(833,52,'q3_1',NULL,'2021-03-02 15:56:33','2021-03-02 15:56:33',0,NULL),
	(834,52,'q3_2',NULL,'2021-03-02 15:56:33','2021-03-02 15:56:33',0,NULL),
	(835,52,'q3_3',NULL,'2021-03-02 15:56:33','2021-03-02 15:56:33',0,NULL),
	(836,52,'q3_4',NULL,'2021-03-02 15:56:33','2021-03-02 15:56:33',0,NULL),
	(837,52,'q3_5','1','2021-03-02 15:56:33','2021-03-02 15:56:33',0,NULL),
	(838,52,'q3_6',NULL,'2021-03-02 15:56:33','2021-03-02 15:56:33',0,NULL),
	(839,52,'q3_7',NULL,'2021-03-02 15:56:33','2021-03-02 15:56:33',0,NULL),
	(840,52,'q4_1',NULL,'2021-03-02 15:56:33','2021-03-02 15:56:33',0,NULL),
	(841,52,'q4_2','1','2021-03-02 15:56:33','2021-03-02 15:56:33',0,NULL),
	(842,52,'q4_3',NULL,'2021-03-02 15:56:33','2021-03-02 15:56:33',0,NULL),
	(843,52,'q4_4',NULL,'2021-03-02 15:56:33','2021-03-02 15:56:33',0,NULL),
	(844,52,'q4_5',NULL,'2021-03-02 15:56:33','2021-03-02 15:56:33',0,NULL),
	(845,52,'q4_note',NULL,'2021-03-02 15:56:33','2021-03-02 15:56:33',0,NULL),
	(846,52,'note',NULL,'2021-03-02 15:56:33','2021-03-02 15:56:33',0,NULL),
	(847,53,'q1','1','2021-03-02 15:57:50','2021-03-02 15:57:50',0,NULL),
	(848,53,'q2_1','DATA KIT','2021-03-02 15:57:50','2021-03-02 15:57:50',0,NULL),
	(849,53,'q2_2','ドアズ','2021-03-02 15:57:50','2021-03-02 15:57:50',0,NULL),
	(850,53,'q2_3','ミユキット','2021-03-02 15:57:50','2021-03-02 15:57:50',0,NULL),
	(851,53,'q3_1',NULL,'2021-03-02 15:57:50','2021-03-02 15:57:50',0,NULL),
	(852,53,'q3_2',NULL,'2021-03-02 15:57:50','2021-03-02 15:57:50',0,NULL),
	(853,53,'q3_3',NULL,'2021-03-02 15:57:50','2021-03-02 15:57:50',0,NULL),
	(854,53,'q3_4','1','2021-03-02 15:57:50','2021-03-02 15:57:50',0,NULL),
	(855,53,'q3_5',NULL,'2021-03-02 15:57:50','2021-03-02 15:57:50',0,NULL),
	(856,53,'q3_6',NULL,'2021-03-02 15:57:50','2021-03-02 15:57:50',0,NULL),
	(857,53,'q3_7',NULL,'2021-03-02 15:57:50','2021-03-02 15:57:50',0,NULL),
	(858,53,'q4_1','1','2021-03-02 15:57:50','2021-03-02 15:57:50',0,NULL),
	(859,53,'q4_2','1','2021-03-02 15:57:50','2021-03-02 15:57:50',0,NULL),
	(860,53,'q4_3',NULL,'2021-03-02 15:57:50','2021-03-02 15:57:50',0,NULL),
	(861,53,'q4_4',NULL,'2021-03-02 15:57:50','2021-03-02 15:57:50',0,NULL),
	(862,53,'q4_5',NULL,'2021-03-02 15:57:50','2021-03-02 15:57:50',0,NULL),
	(863,53,'q4_note',NULL,'2021-03-02 15:57:50','2021-03-02 15:57:50',0,NULL),
	(864,53,'note',NULL,'2021-03-02 15:57:50','2021-03-02 15:57:50',0,NULL),
	(865,54,'q1','1','2021-03-02 15:58:39','2021-03-02 15:58:39',0,NULL),
	(866,54,'q2_1','モリエン','2021-03-02 15:58:39','2021-03-02 15:58:39',0,NULL),
	(867,54,'q2_2','いずよね','2021-03-02 15:58:39','2021-03-02 15:58:39',0,NULL),
	(868,54,'q2_3',NULL,'2021-03-02 15:58:39','2021-03-02 15:58:39',0,NULL),
	(869,54,'q3_1',NULL,'2021-03-02 15:58:39','2021-03-02 15:58:39',0,NULL),
	(870,54,'q3_2',NULL,'2021-03-02 15:58:39','2021-03-02 15:58:39',0,NULL),
	(871,54,'q3_3',NULL,'2021-03-02 15:58:39','2021-03-02 15:58:39',0,NULL),
	(872,54,'q3_4',NULL,'2021-03-02 15:58:39','2021-03-02 15:58:39',0,NULL),
	(873,54,'q3_5','1','2021-03-02 15:58:39','2021-03-02 15:58:39',0,NULL),
	(874,54,'q3_6',NULL,'2021-03-02 15:58:39','2021-03-02 15:58:39',0,NULL),
	(875,54,'q3_7',NULL,'2021-03-02 15:58:39','2021-03-02 15:58:39',0,NULL),
	(876,54,'q4_1','1','2021-03-02 15:58:39','2021-03-02 15:58:39',0,NULL),
	(877,54,'q4_2','1','2021-03-02 15:58:39','2021-03-02 15:58:39',0,NULL),
	(878,54,'q4_3',NULL,'2021-03-02 15:58:39','2021-03-02 15:58:39',0,NULL),
	(879,54,'q4_4',NULL,'2021-03-02 15:58:39','2021-03-02 15:58:39',0,NULL),
	(880,54,'q4_5',NULL,'2021-03-02 15:58:39','2021-03-02 15:58:39',0,NULL),
	(881,54,'q4_note',NULL,'2021-03-02 15:58:39','2021-03-02 15:58:39',0,NULL),
	(882,54,'note',NULL,'2021-03-02 15:58:39','2021-03-02 15:58:39',0,NULL),
	(883,55,'q1','0','2021-03-02 15:59:12','2021-03-02 15:59:12',0,NULL),
	(884,55,'q2_1','ジィ・アンド・ジィ(株)','2021-03-02 15:59:12','2021-03-02 15:59:12',0,NULL),
	(885,55,'q2_2','Earthink(株)','2021-03-02 15:59:12','2021-03-02 15:59:12',0,NULL),
	(886,55,'q2_3','(株)be love company','2021-03-02 15:59:12','2021-03-02 15:59:12',0,NULL),
	(887,55,'q3_1',NULL,'2021-03-02 15:59:12','2021-03-02 15:59:12',0,NULL),
	(888,55,'q3_2',NULL,'2021-03-02 15:59:12','2021-03-02 15:59:12',0,NULL),
	(889,55,'q3_3',NULL,'2021-03-02 15:59:12','2021-03-02 15:59:12',0,NULL),
	(890,55,'q3_4',NULL,'2021-03-02 15:59:12','2021-03-02 15:59:12',0,NULL),
	(891,55,'q3_5',NULL,'2021-03-02 15:59:12','2021-03-02 15:59:12',0,NULL),
	(892,55,'q3_6',NULL,'2021-03-02 15:59:12','2021-03-02 15:59:12',0,NULL),
	(893,55,'q3_7','1','2021-03-02 15:59:12','2021-03-02 15:59:12',0,NULL),
	(894,55,'q4_1','1','2021-03-02 15:59:12','2021-03-02 15:59:12',0,NULL),
	(895,55,'q4_2',NULL,'2021-03-02 15:59:12','2021-03-02 15:59:12',0,NULL),
	(896,55,'q4_3','1','2021-03-02 15:59:12','2021-03-02 15:59:12',0,NULL),
	(897,55,'q4_4',NULL,'2021-03-02 15:59:12','2021-03-02 15:59:12',0,NULL),
	(898,55,'q4_5',NULL,'2021-03-02 15:59:12','2021-03-02 15:59:12',0,NULL),
	(899,55,'q4_note',NULL,'2021-03-02 15:59:12','2021-03-02 15:59:12',0,NULL),
	(900,55,'note',NULL,'2021-03-02 15:59:12','2021-03-02 15:59:12',0,NULL),
	(901,56,'q1','0','2021-03-02 16:01:54','2021-03-02 16:01:54',0,NULL),
	(902,56,'q2_1','黄山金属プレス工場','2021-03-02 16:01:54','2021-03-02 16:01:54',0,NULL),
	(903,56,'q2_2',NULL,'2021-03-02 16:01:54','2021-03-02 16:01:54',0,NULL),
	(904,56,'q2_3',NULL,'2021-03-02 16:01:54','2021-03-02 16:01:54',0,NULL),
	(905,56,'q3_1',NULL,'2021-03-02 16:01:54','2021-03-02 16:01:54',0,NULL),
	(906,56,'q3_2',NULL,'2021-03-02 16:01:54','2021-03-02 16:01:54',0,NULL),
	(907,56,'q3_3','1','2021-03-02 16:01:54','2021-03-02 16:01:54',0,NULL),
	(908,56,'q3_4',NULL,'2021-03-02 16:01:54','2021-03-02 16:01:54',0,NULL),
	(909,56,'q3_5',NULL,'2021-03-02 16:01:54','2021-03-02 16:01:54',0,NULL),
	(910,56,'q3_6',NULL,'2021-03-02 16:01:54','2021-03-02 16:01:54',0,NULL),
	(911,56,'q3_7',NULL,'2021-03-02 16:01:54','2021-03-02 16:01:54',0,NULL),
	(912,56,'q4_1',NULL,'2021-03-02 16:01:54','2021-03-02 16:01:54',0,NULL),
	(913,56,'q4_2','1','2021-03-02 16:01:54','2021-03-02 16:01:54',0,NULL),
	(914,56,'q4_3',NULL,'2021-03-02 16:01:54','2021-03-02 16:01:54',0,NULL),
	(915,56,'q4_4',NULL,'2021-03-02 16:01:54','2021-03-02 16:01:54',0,NULL),
	(916,56,'q4_5',NULL,'2021-03-02 16:01:54','2021-03-02 16:01:54',0,NULL),
	(917,56,'q4_note',NULL,'2021-03-02 16:01:54','2021-03-02 16:01:54',0,NULL),
	(918,56,'note',NULL,'2021-03-02 16:01:54','2021-03-02 16:01:54',0,NULL),
	(919,57,'q1','1','2021-03-02 16:13:20','2021-03-02 16:13:20',0,NULL),
	(920,57,'q2_1','いづよね','2021-03-02 16:13:20','2021-03-02 16:13:20',0,NULL),
	(921,57,'q2_2','be love company','2021-03-02 16:13:20','2021-03-02 16:13:20',0,NULL),
	(922,57,'q2_3','モリエン','2021-03-02 16:13:20','2021-03-02 16:13:20',0,NULL),
	(923,57,'q3_1',NULL,'2021-03-02 16:13:20','2021-03-02 16:13:20',0,NULL),
	(924,57,'q3_2',NULL,'2021-03-02 16:13:20','2021-03-02 16:13:20',0,NULL),
	(925,57,'q3_3',NULL,'2021-03-02 16:13:20','2021-03-02 16:13:20',0,NULL),
	(926,57,'q3_4',NULL,'2021-03-02 16:13:20','2021-03-02 16:13:20',0,NULL),
	(927,57,'q3_5',NULL,'2021-03-02 16:13:20','2021-03-02 16:13:20',0,NULL),
	(928,57,'q3_6',NULL,'2021-03-02 16:13:20','2021-03-02 16:13:20',0,NULL),
	(929,57,'q3_7','1','2021-03-02 16:13:20','2021-03-02 16:13:20',0,NULL),
	(930,57,'q4_1','1','2021-03-02 16:13:20','2021-03-02 16:13:20',0,NULL),
	(931,57,'q4_2',NULL,'2021-03-02 16:13:20','2021-03-02 16:13:20',0,NULL),
	(932,57,'q4_3',NULL,'2021-03-02 16:13:20','2021-03-02 16:13:20',0,NULL),
	(933,57,'q4_4',NULL,'2021-03-02 16:13:20','2021-03-02 16:13:20',0,NULL),
	(934,57,'q4_5',NULL,'2021-03-02 16:13:20','2021-03-02 16:13:20',0,NULL),
	(935,57,'q4_note',NULL,'2021-03-02 16:13:20','2021-03-02 16:13:20',0,NULL),
	(936,57,'note',NULL,'2021-03-02 16:13:20','2021-03-02 16:13:20',0,NULL),
	(937,58,'q1','0','2021-03-02 16:16:50','2021-03-02 16:16:50',0,NULL),
	(938,58,'q2_1','東和電気','2021-03-02 16:16:50','2021-03-02 16:16:50',0,NULL),
	(939,58,'q2_2',NULL,'2021-03-02 16:16:50','2021-03-02 16:16:50',0,NULL),
	(940,58,'q2_3',NULL,'2021-03-02 16:16:50','2021-03-02 16:16:50',0,NULL),
	(941,58,'q3_1',NULL,'2021-03-02 16:16:50','2021-03-02 16:16:50',0,NULL),
	(942,58,'q3_2',NULL,'2021-03-02 16:16:50','2021-03-02 16:16:50',0,NULL),
	(943,58,'q3_3',NULL,'2021-03-02 16:16:50','2021-03-02 16:16:50',0,NULL),
	(944,58,'q3_4',NULL,'2021-03-02 16:16:50','2021-03-02 16:16:50',0,NULL),
	(945,58,'q3_5','1','2021-03-02 16:16:50','2021-03-02 16:16:50',0,NULL),
	(946,58,'q3_6',NULL,'2021-03-02 16:16:50','2021-03-02 16:16:50',0,NULL),
	(947,58,'q3_7',NULL,'2021-03-02 16:16:50','2021-03-02 16:16:50',0,NULL),
	(948,58,'q4_1','1','2021-03-02 16:16:50','2021-03-02 16:16:50',0,NULL),
	(949,58,'q4_2',NULL,'2021-03-02 16:16:50','2021-03-02 16:16:50',0,NULL),
	(950,58,'q4_3',NULL,'2021-03-02 16:16:50','2021-03-02 16:16:50',0,NULL),
	(951,58,'q4_4',NULL,'2021-03-02 16:16:50','2021-03-02 16:16:50',0,NULL),
	(952,58,'q4_5',NULL,'2021-03-02 16:16:50','2021-03-02 16:16:50',0,NULL),
	(953,58,'q4_note',NULL,'2021-03-02 16:16:50','2021-03-02 16:16:50',0,NULL),
	(954,58,'note',NULL,'2021-03-02 16:16:50','2021-03-02 16:16:50',0,NULL),
	(955,59,'q1','0','2021-03-02 16:17:00','2021-03-02 16:17:00',0,NULL),
	(956,59,'q2_1','大匠','2021-03-02 16:17:00','2021-03-02 16:17:00',0,NULL),
	(957,59,'q2_2',NULL,'2021-03-02 16:17:00','2021-03-02 16:17:00',0,NULL),
	(958,59,'q2_3',NULL,'2021-03-02 16:17:00','2021-03-02 16:17:00',0,NULL),
	(959,59,'q3_1',NULL,'2021-03-02 16:17:00','2021-03-02 16:17:00',0,NULL),
	(960,59,'q3_2',NULL,'2021-03-02 16:17:00','2021-03-02 16:17:00',0,NULL),
	(961,59,'q3_3',NULL,'2021-03-02 16:17:00','2021-03-02 16:17:00',0,NULL),
	(962,59,'q3_4',NULL,'2021-03-02 16:17:00','2021-03-02 16:17:00',0,NULL),
	(963,59,'q3_5',NULL,'2021-03-02 16:17:00','2021-03-02 16:17:00',0,NULL),
	(964,59,'q3_6',NULL,'2021-03-02 16:17:00','2021-03-02 16:17:00',0,NULL),
	(965,59,'q3_7','1','2021-03-02 16:17:00','2021-03-02 16:17:00',0,NULL),
	(966,59,'q4_1',NULL,'2021-03-02 16:17:00','2021-03-02 16:17:00',0,NULL),
	(967,59,'q4_2',NULL,'2021-03-02 16:17:00','2021-03-02 16:17:00',0,NULL),
	(968,59,'q4_3','1','2021-03-02 16:17:00','2021-03-02 16:17:00',0,NULL),
	(969,59,'q4_4','1','2021-03-02 16:17:00','2021-03-02 16:17:00',0,NULL),
	(970,59,'q4_5',NULL,'2021-03-02 16:17:00','2021-03-02 16:17:00',0,NULL),
	(971,59,'q4_note',NULL,'2021-03-02 16:17:00','2021-03-02 16:17:00',0,NULL),
	(972,59,'note',NULL,'2021-03-02 16:17:00','2021-03-02 16:17:00',0,NULL),
	(973,60,'q1','1','2021-03-02 16:17:42','2021-03-02 16:17:42',0,NULL),
	(974,60,'q2_1','(株)ミユキット','2021-03-02 16:17:42','2021-03-02 16:17:42',0,NULL),
	(975,60,'q2_2','(株)ネクストページ','2021-03-02 16:17:42','2021-03-02 16:17:42',0,NULL),
	(976,60,'q2_3','(ミラク)','2021-03-02 16:17:42','2021-03-02 16:17:42',0,NULL),
	(977,60,'q3_1',NULL,'2021-03-02 16:17:42','2021-03-02 16:17:42',0,NULL),
	(978,60,'q3_2',NULL,'2021-03-02 16:17:42','2021-03-02 16:17:42',0,NULL),
	(979,60,'q3_3',NULL,'2021-03-02 16:17:42','2021-03-02 16:17:42',0,NULL),
	(980,60,'q3_4',NULL,'2021-03-02 16:17:42','2021-03-02 16:17:42',0,NULL),
	(981,60,'q3_5','1','2021-03-02 16:17:42','2021-03-02 16:17:42',0,NULL),
	(982,60,'q3_6',NULL,'2021-03-02 16:17:42','2021-03-02 16:17:42',0,NULL),
	(983,60,'q3_7',NULL,'2021-03-02 16:17:42','2021-03-02 16:17:42',0,NULL),
	(984,60,'q4_1','1','2021-03-02 16:17:42','2021-03-02 16:17:42',0,NULL),
	(985,60,'q4_2',NULL,'2021-03-02 16:17:42','2021-03-02 16:17:42',0,NULL),
	(986,60,'q4_3',NULL,'2021-03-02 16:17:42','2021-03-02 16:17:42',0,NULL),
	(987,60,'q4_4',NULL,'2021-03-02 16:17:42','2021-03-02 16:17:42',0,NULL),
	(988,60,'q4_5',NULL,'2021-03-02 16:17:42','2021-03-02 16:17:42',0,NULL),
	(989,60,'q4_note',NULL,'2021-03-02 16:17:42','2021-03-02 16:17:42',0,NULL),
	(990,60,'note',NULL,'2021-03-02 16:17:42','2021-03-02 16:17:42',0,NULL),
	(991,61,'q1','1','2021-03-02 16:17:42','2021-03-02 16:17:42',0,NULL),
	(992,61,'q2_1','あっとはんど','2021-03-02 16:17:42','2021-03-02 16:17:42',0,NULL),
	(993,61,'q2_2','てすら','2021-03-02 16:17:42','2021-03-02 16:17:42',0,NULL),
	(994,61,'q2_3',NULL,'2021-03-02 16:17:42','2021-03-02 16:17:42',0,NULL),
	(995,61,'q3_1',NULL,'2021-03-02 16:17:42','2021-03-02 16:17:42',0,NULL),
	(996,61,'q3_2',NULL,'2021-03-02 16:17:42','2021-03-02 16:17:42',0,NULL),
	(997,61,'q3_3',NULL,'2021-03-02 16:17:42','2021-03-02 16:17:42',0,NULL),
	(998,61,'q3_4',NULL,'2021-03-02 16:17:42','2021-03-02 16:17:42',0,NULL),
	(999,61,'q3_5',NULL,'2021-03-02 16:17:42','2021-03-02 16:17:42',0,NULL),
	(1000,61,'q3_6','1','2021-03-02 16:17:42','2021-03-02 16:17:42',0,NULL),
	(1001,61,'q3_7',NULL,'2021-03-02 16:17:42','2021-03-02 16:17:42',0,NULL),
	(1002,61,'q4_1','1','2021-03-02 16:17:42','2021-03-02 16:17:42',0,NULL),
	(1003,61,'q4_2','1','2021-03-02 16:17:42','2021-03-02 16:17:42',0,NULL),
	(1004,61,'q4_3',NULL,'2021-03-02 16:17:42','2021-03-02 16:17:42',0,NULL),
	(1005,61,'q4_4',NULL,'2021-03-02 16:17:42','2021-03-02 16:17:42',0,NULL),
	(1006,61,'q4_5',NULL,'2021-03-02 16:17:42','2021-03-02 16:17:42',0,NULL),
	(1007,61,'q4_note',NULL,'2021-03-02 16:17:42','2021-03-02 16:17:42',0,NULL),
	(1008,61,'note',NULL,'2021-03-02 16:17:42','2021-03-02 16:17:42',0,NULL),
	(1009,62,'q1','1','2021-03-02 16:17:56','2021-03-02 16:17:56',0,NULL),
	(1010,62,'q2_1','株式会社いづよね','2021-03-02 16:17:56','2021-03-02 16:17:56',0,NULL),
	(1011,62,'q2_2','目見田商事','2021-03-02 16:17:56','2021-03-02 16:17:56',0,NULL),
	(1012,62,'q2_3','有限会社トーメー','2021-03-02 16:17:56','2021-03-02 16:17:56',0,NULL),
	(1013,62,'q3_1',NULL,'2021-03-02 16:17:56','2021-03-02 16:17:56',0,NULL),
	(1014,62,'q3_2',NULL,'2021-03-02 16:17:56','2021-03-02 16:17:56',0,NULL),
	(1015,62,'q3_3','1','2021-03-02 16:17:56','2021-03-02 16:17:56',0,NULL),
	(1016,62,'q3_4',NULL,'2021-03-02 16:17:56','2021-03-02 16:17:56',0,NULL),
	(1017,62,'q3_5',NULL,'2021-03-02 16:17:56','2021-03-02 16:17:56',0,NULL),
	(1018,62,'q3_6',NULL,'2021-03-02 16:17:56','2021-03-02 16:17:56',0,NULL),
	(1019,62,'q3_7',NULL,'2021-03-02 16:17:56','2021-03-02 16:17:56',0,NULL),
	(1020,62,'q4_1','1','2021-03-02 16:17:56','2021-03-02 16:17:56',0,NULL),
	(1021,62,'q4_2','1','2021-03-02 16:17:56','2021-03-02 16:17:56',0,NULL),
	(1022,62,'q4_3','1','2021-03-02 16:17:56','2021-03-02 16:17:56',0,NULL),
	(1023,62,'q4_4',NULL,'2021-03-02 16:17:56','2021-03-02 16:17:56',0,NULL),
	(1024,62,'q4_5',NULL,'2021-03-02 16:17:56','2021-03-02 16:17:56',0,NULL),
	(1025,62,'q4_note',NULL,'2021-03-02 16:17:56','2021-03-02 16:17:56',0,NULL),
	(1026,62,'note',NULL,'2021-03-02 16:17:56','2021-03-02 16:17:56',0,NULL),
	(1027,63,'q1','1','2021-03-02 16:18:01','2021-03-02 16:18:01',0,NULL),
	(1028,63,'q2_1','福祉','2021-03-02 16:18:01','2021-03-02 16:18:01',0,NULL),
	(1029,63,'q2_2',NULL,'2021-03-02 16:18:01','2021-03-02 16:18:01',0,NULL),
	(1030,63,'q2_3',NULL,'2021-03-02 16:18:01','2021-03-02 16:18:01',0,NULL),
	(1031,63,'q3_1',NULL,'2021-03-02 16:18:01','2021-03-02 16:18:01',0,NULL),
	(1032,63,'q3_2',NULL,'2021-03-02 16:18:01','2021-03-02 16:18:01',0,NULL),
	(1033,63,'q3_3',NULL,'2021-03-02 16:18:01','2021-03-02 16:18:01',0,NULL),
	(1034,63,'q3_4',NULL,'2021-03-02 16:18:01','2021-03-02 16:18:01',0,NULL),
	(1035,63,'q3_5','1','2021-03-02 16:18:01','2021-03-02 16:18:01',0,NULL),
	(1036,63,'q3_6',NULL,'2021-03-02 16:18:01','2021-03-02 16:18:01',0,NULL),
	(1037,63,'q3_7',NULL,'2021-03-02 16:18:01','2021-03-02 16:18:01',0,NULL),
	(1038,63,'q4_1',NULL,'2021-03-02 16:18:01','2021-03-02 16:18:01',0,NULL),
	(1039,63,'q4_2','1','2021-03-02 16:18:01','2021-03-02 16:18:01',0,NULL),
	(1040,63,'q4_3',NULL,'2021-03-02 16:18:01','2021-03-02 16:18:01',0,NULL),
	(1041,63,'q4_4',NULL,'2021-03-02 16:18:01','2021-03-02 16:18:01',0,NULL),
	(1042,63,'q4_5',NULL,'2021-03-02 16:18:01','2021-03-02 16:18:01',0,NULL),
	(1043,63,'q4_note',NULL,'2021-03-02 16:18:01','2021-03-02 16:18:01',0,NULL),
	(1044,63,'note',NULL,'2021-03-02 16:18:01','2021-03-02 16:18:01',0,NULL),
	(1045,64,'q1','1','2021-03-02 16:18:29','2021-03-02 16:18:29',0,NULL),
	(1046,64,'q2_1','三宅電気工事','2021-03-02 16:18:29','2021-03-02 16:18:29',0,NULL),
	(1047,64,'q2_2','ミユキット','2021-03-02 16:18:29','2021-03-02 16:18:29',0,NULL),
	(1048,64,'q2_3',NULL,'2021-03-02 16:18:29','2021-03-02 16:18:29',0,NULL),
	(1049,64,'q3_1',NULL,'2021-03-02 16:18:29','2021-03-02 16:18:29',0,NULL),
	(1050,64,'q3_2',NULL,'2021-03-02 16:18:29','2021-03-02 16:18:29',0,NULL),
	(1051,64,'q3_3',NULL,'2021-03-02 16:18:29','2021-03-02 16:18:29',0,NULL),
	(1052,64,'q3_4','1','2021-03-02 16:18:29','2021-03-02 16:18:29',0,NULL),
	(1053,64,'q3_5',NULL,'2021-03-02 16:18:29','2021-03-02 16:18:29',0,NULL),
	(1054,64,'q3_6',NULL,'2021-03-02 16:18:29','2021-03-02 16:18:29',0,NULL),
	(1055,64,'q3_7',NULL,'2021-03-02 16:18:29','2021-03-02 16:18:29',0,NULL),
	(1056,64,'q4_1','1','2021-03-02 16:18:29','2021-03-02 16:18:29',0,NULL),
	(1057,64,'q4_2',NULL,'2021-03-02 16:18:29','2021-03-02 16:18:29',0,NULL),
	(1058,64,'q4_3',NULL,'2021-03-02 16:18:29','2021-03-02 16:18:29',0,NULL),
	(1059,64,'q4_4',NULL,'2021-03-02 16:18:29','2021-03-02 16:18:29',0,NULL),
	(1060,64,'q4_5',NULL,'2021-03-02 16:18:29','2021-03-02 16:18:29',0,NULL),
	(1061,64,'q4_note',NULL,'2021-03-02 16:18:29','2021-03-02 16:18:29',0,NULL),
	(1062,64,'note',NULL,'2021-03-02 16:18:29','2021-03-02 16:18:29',0,NULL),
	(1063,65,'q1','1','2021-03-02 16:18:30','2021-03-02 16:18:30',0,NULL),
	(1064,65,'q2_1','大匠','2021-03-02 16:18:30','2021-03-02 16:18:30',0,NULL),
	(1065,65,'q2_2','モリエン','2021-03-02 16:18:30','2021-03-02 16:18:30',0,NULL),
	(1066,65,'q2_3','三八商会','2021-03-02 16:18:30','2021-03-02 16:18:30',0,NULL),
	(1067,65,'q3_1',NULL,'2021-03-02 16:18:30','2021-03-02 16:18:30',0,NULL),
	(1068,65,'q3_2',NULL,'2021-03-02 16:18:30','2021-03-02 16:18:30',0,NULL),
	(1069,65,'q3_3',NULL,'2021-03-02 16:18:30','2021-03-02 16:18:30',0,NULL),
	(1070,65,'q3_4',NULL,'2021-03-02 16:18:30','2021-03-02 16:18:30',0,NULL),
	(1071,65,'q3_5','1','2021-03-02 16:18:30','2021-03-02 16:18:30',0,NULL),
	(1072,65,'q3_6',NULL,'2021-03-02 16:18:30','2021-03-02 16:18:30',0,NULL),
	(1073,65,'q3_7',NULL,'2021-03-02 16:18:30','2021-03-02 16:18:30',0,NULL),
	(1074,65,'q4_1','1','2021-03-02 16:18:30','2021-03-02 16:18:30',0,NULL),
	(1075,65,'q4_2','1','2021-03-02 16:18:30','2021-03-02 16:18:30',0,NULL),
	(1076,65,'q4_3',NULL,'2021-03-02 16:18:30','2021-03-02 16:18:30',0,NULL),
	(1077,65,'q4_4',NULL,'2021-03-02 16:18:30','2021-03-02 16:18:30',0,NULL),
	(1078,65,'q4_5',NULL,'2021-03-02 16:18:30','2021-03-02 16:18:30',0,NULL),
	(1079,65,'q4_note',NULL,'2021-03-02 16:18:30','2021-03-02 16:18:30',0,NULL),
	(1080,65,'note',NULL,'2021-03-02 16:18:30','2021-03-02 16:18:30',0,NULL),
	(1081,66,'q1','0','2021-03-02 16:18:30','2021-03-02 16:18:30',0,NULL),
	(1082,66,'q2_1','ネクストページ','2021-03-02 16:18:30','2021-03-02 16:18:30',0,NULL),
	(1083,66,'q2_2',NULL,'2021-03-02 16:18:30','2021-03-02 16:18:30',0,NULL),
	(1084,66,'q2_3',NULL,'2021-03-02 16:18:30','2021-03-02 16:18:30',0,NULL),
	(1085,66,'q3_1',NULL,'2021-03-02 16:18:30','2021-03-02 16:18:30',0,NULL),
	(1086,66,'q3_2',NULL,'2021-03-02 16:18:30','2021-03-02 16:18:30',0,NULL),
	(1087,66,'q3_3',NULL,'2021-03-02 16:18:30','2021-03-02 16:18:30',0,NULL),
	(1088,66,'q3_4',NULL,'2021-03-02 16:18:30','2021-03-02 16:18:30',0,NULL),
	(1089,66,'q3_5','1','2021-03-02 16:18:30','2021-03-02 16:18:30',0,NULL),
	(1090,66,'q3_6',NULL,'2021-03-02 16:18:30','2021-03-02 16:18:30',0,NULL),
	(1091,66,'q3_7',NULL,'2021-03-02 16:18:30','2021-03-02 16:18:30',0,NULL),
	(1092,66,'q4_1',NULL,'2021-03-02 16:18:30','2021-03-02 16:18:30',0,NULL),
	(1093,66,'q4_2','1','2021-03-02 16:18:30','2021-03-02 16:18:30',0,NULL),
	(1094,66,'q4_3','1','2021-03-02 16:18:30','2021-03-02 16:18:30',0,NULL),
	(1095,66,'q4_4','1','2021-03-02 16:18:30','2021-03-02 16:18:30',0,NULL),
	(1096,66,'q4_5',NULL,'2021-03-02 16:18:30','2021-03-02 16:18:30',0,NULL),
	(1097,66,'q4_note',NULL,'2021-03-02 16:18:30','2021-03-02 16:18:30',0,NULL),
	(1098,66,'note',NULL,'2021-03-02 16:18:30','2021-03-02 16:18:30',0,NULL),
	(1099,67,'q1','1','2021-03-02 16:18:39','2021-03-02 16:18:39',0,NULL),
	(1100,67,'q2_1','淡路麺業','2021-03-02 16:18:39','2021-03-02 16:18:39',0,NULL),
	(1101,67,'q2_2',NULL,'2021-03-02 16:18:39','2021-03-02 16:18:39',0,NULL),
	(1102,67,'q2_3',NULL,'2021-03-02 16:18:39','2021-03-02 16:18:39',0,NULL),
	(1103,67,'q3_1',NULL,'2021-03-02 16:18:39','2021-03-02 16:18:39',0,NULL),
	(1104,67,'q3_2',NULL,'2021-03-02 16:18:39','2021-03-02 16:18:39',0,NULL),
	(1105,67,'q3_3',NULL,'2021-03-02 16:18:39','2021-03-02 16:18:39',0,NULL),
	(1106,67,'q3_4','1','2021-03-02 16:18:39','2021-03-02 16:18:39',0,NULL),
	(1107,67,'q3_5',NULL,'2021-03-02 16:18:39','2021-03-02 16:18:39',0,NULL),
	(1108,67,'q3_6',NULL,'2021-03-02 16:18:39','2021-03-02 16:18:39',0,NULL),
	(1109,67,'q3_7',NULL,'2021-03-02 16:18:39','2021-03-02 16:18:39',0,NULL),
	(1110,67,'q4_1','1','2021-03-02 16:18:39','2021-03-02 16:18:39',0,NULL),
	(1111,67,'q4_2',NULL,'2021-03-02 16:18:39','2021-03-02 16:18:39',0,NULL),
	(1112,67,'q4_3',NULL,'2021-03-02 16:18:39','2021-03-02 16:18:39',0,NULL),
	(1113,67,'q4_4',NULL,'2021-03-02 16:18:39','2021-03-02 16:18:39',0,NULL),
	(1114,67,'q4_5',NULL,'2021-03-02 16:18:39','2021-03-02 16:18:39',0,NULL),
	(1115,67,'q4_note',NULL,'2021-03-02 16:18:39','2021-03-02 16:18:39',0,NULL),
	(1116,67,'note',NULL,'2021-03-02 16:18:39','2021-03-02 16:18:39',0,NULL),
	(1117,68,'q1','1','2021-03-02 16:18:49','2021-03-02 16:18:49',0,NULL),
	(1118,68,'q2_1','有限会社宏稜不動産','2021-03-02 16:18:49','2021-03-02 16:18:49',0,NULL),
	(1119,68,'q2_2',NULL,'2021-03-02 16:18:49','2021-03-02 16:18:49',0,NULL),
	(1120,68,'q2_3',NULL,'2021-03-02 16:18:49','2021-03-02 16:18:49',0,NULL),
	(1121,68,'q3_1',NULL,'2021-03-02 16:18:49','2021-03-02 16:18:49',0,NULL),
	(1122,68,'q3_2',NULL,'2021-03-02 16:18:49','2021-03-02 16:18:49',0,NULL),
	(1123,68,'q3_3',NULL,'2021-03-02 16:18:49','2021-03-02 16:18:49',0,NULL),
	(1124,68,'q3_4',NULL,'2021-03-02 16:18:49','2021-03-02 16:18:49',0,NULL),
	(1125,68,'q3_5',NULL,'2021-03-02 16:18:49','2021-03-02 16:18:49',0,NULL),
	(1126,68,'q3_6',NULL,'2021-03-02 16:18:49','2021-03-02 16:18:49',0,NULL),
	(1127,68,'q3_7','1','2021-03-02 16:18:49','2021-03-02 16:18:49',0,NULL),
	(1128,68,'q4_1','1','2021-03-02 16:18:49','2021-03-02 16:18:49',0,NULL),
	(1129,68,'q4_2','1','2021-03-02 16:18:49','2021-03-02 16:18:49',0,NULL),
	(1130,68,'q4_3',NULL,'2021-03-02 16:18:49','2021-03-02 16:18:49',0,NULL),
	(1131,68,'q4_4',NULL,'2021-03-02 16:18:49','2021-03-02 16:18:49',0,NULL),
	(1132,68,'q4_5',NULL,'2021-03-02 16:18:49','2021-03-02 16:18:49',0,NULL),
	(1133,68,'q4_note',NULL,'2021-03-02 16:18:49','2021-03-02 16:18:49',0,NULL),
	(1134,68,'note','寒かったです。','2021-03-02 16:18:49','2021-03-02 16:18:49',0,NULL),
	(1135,69,'q1','1','2021-03-02 16:19:30','2021-03-02 16:19:30',0,NULL),
	(1136,69,'q2_1','DATAKIT','2021-03-02 16:19:30','2021-03-02 16:19:30',0,NULL),
	(1137,69,'q2_2',NULL,'2021-03-02 16:19:30','2021-03-02 16:19:30',0,NULL),
	(1138,69,'q2_3',NULL,'2021-03-02 16:19:30','2021-03-02 16:19:30',0,NULL),
	(1139,69,'q3_1',NULL,'2021-03-02 16:19:30','2021-03-02 16:19:30',0,NULL),
	(1140,69,'q3_2',NULL,'2021-03-02 16:19:30','2021-03-02 16:19:30',0,NULL),
	(1141,69,'q3_3',NULL,'2021-03-02 16:19:30','2021-03-02 16:19:30',0,NULL),
	(1142,69,'q3_4',NULL,'2021-03-02 16:19:30','2021-03-02 16:19:30',0,NULL),
	(1143,69,'q3_5','1','2021-03-02 16:19:30','2021-03-02 16:19:30',0,NULL),
	(1144,69,'q3_6',NULL,'2021-03-02 16:19:30','2021-03-02 16:19:30',0,NULL),
	(1145,69,'q3_7',NULL,'2021-03-02 16:19:30','2021-03-02 16:19:30',0,NULL),
	(1146,69,'q4_1',NULL,'2021-03-02 16:19:30','2021-03-02 16:19:30',0,NULL),
	(1147,69,'q4_2','1','2021-03-02 16:19:30','2021-03-02 16:19:30',0,NULL),
	(1148,69,'q4_3',NULL,'2021-03-02 16:19:30','2021-03-02 16:19:30',0,NULL),
	(1149,69,'q4_4',NULL,'2021-03-02 16:19:30','2021-03-02 16:19:30',0,NULL),
	(1150,69,'q4_5',NULL,'2021-03-02 16:19:30','2021-03-02 16:19:30',0,NULL),
	(1151,69,'q4_note',NULL,'2021-03-02 16:19:30','2021-03-02 16:19:30',0,NULL),
	(1152,69,'note',NULL,'2021-03-02 16:19:30','2021-03-02 16:19:30',0,NULL),
	(1153,70,'q1','1','2021-03-02 16:19:45','2021-03-02 16:19:45',0,NULL),
	(1154,70,'q2_1','ジィアンドジィ','2021-03-02 16:19:45','2021-03-02 16:19:45',0,NULL),
	(1155,70,'q2_2',NULL,'2021-03-02 16:19:45','2021-03-02 16:19:45',0,NULL),
	(1156,70,'q2_3',NULL,'2021-03-02 16:19:45','2021-03-02 16:19:45',0,NULL),
	(1157,70,'q3_1',NULL,'2021-03-02 16:19:45','2021-03-02 16:19:45',0,NULL),
	(1158,70,'q3_2',NULL,'2021-03-02 16:19:45','2021-03-02 16:19:45',0,NULL),
	(1159,70,'q3_3',NULL,'2021-03-02 16:19:45','2021-03-02 16:19:45',0,NULL),
	(1160,70,'q3_4',NULL,'2021-03-02 16:19:45','2021-03-02 16:19:45',0,NULL),
	(1161,70,'q3_5','1','2021-03-02 16:19:45','2021-03-02 16:19:45',0,NULL),
	(1162,70,'q3_6',NULL,'2021-03-02 16:19:45','2021-03-02 16:19:45',0,NULL),
	(1163,70,'q3_7',NULL,'2021-03-02 16:19:45','2021-03-02 16:19:45',0,NULL),
	(1164,70,'q4_1',NULL,'2021-03-02 16:19:45','2021-03-02 16:19:45',0,NULL),
	(1165,70,'q4_2','1','2021-03-02 16:19:45','2021-03-02 16:19:45',0,NULL),
	(1166,70,'q4_3',NULL,'2021-03-02 16:19:45','2021-03-02 16:19:45',0,NULL),
	(1167,70,'q4_4',NULL,'2021-03-02 16:19:45','2021-03-02 16:19:45',0,NULL),
	(1168,70,'q4_5',NULL,'2021-03-02 16:19:45','2021-03-02 16:19:45',0,NULL),
	(1169,70,'q4_note',NULL,'2021-03-02 16:19:45','2021-03-02 16:19:45',0,NULL),
	(1170,70,'note',NULL,'2021-03-02 16:19:45','2021-03-02 16:19:45',0,NULL),
	(1171,71,'q1','1','2021-03-02 16:20:02','2021-03-02 16:20:02',0,NULL),
	(1172,71,'q2_1','まいらいふ','2021-03-02 16:20:02','2021-03-02 16:20:02',0,NULL),
	(1173,71,'q2_2','黄山金属プレス工業所','2021-03-02 16:20:02','2021-03-02 16:20:02',0,NULL),
	(1174,71,'q2_3',NULL,'2021-03-02 16:20:02','2021-03-02 16:20:02',0,NULL),
	(1175,71,'q3_1',NULL,'2021-03-02 16:20:02','2021-03-02 16:20:02',0,NULL),
	(1176,71,'q3_2',NULL,'2021-03-02 16:20:02','2021-03-02 16:20:02',0,NULL),
	(1177,71,'q3_3',NULL,'2021-03-02 16:20:02','2021-03-02 16:20:02',0,NULL),
	(1178,71,'q3_4',NULL,'2021-03-02 16:20:02','2021-03-02 16:20:02',0,NULL),
	(1179,71,'q3_5','1','2021-03-02 16:20:02','2021-03-02 16:20:02',0,NULL),
	(1180,71,'q3_6',NULL,'2021-03-02 16:20:02','2021-03-02 16:20:02',0,NULL),
	(1181,71,'q3_7',NULL,'2021-03-02 16:20:02','2021-03-02 16:20:02',0,NULL),
	(1182,71,'q4_1','1','2021-03-02 16:20:02','2021-03-02 16:20:02',0,NULL),
	(1183,71,'q4_2','1','2021-03-02 16:20:02','2021-03-02 16:20:02',0,NULL),
	(1184,71,'q4_3','1','2021-03-02 16:20:02','2021-03-02 16:20:02',0,NULL),
	(1185,71,'q4_4','1','2021-03-02 16:20:02','2021-03-02 16:20:02',0,NULL),
	(1186,71,'q4_5',NULL,'2021-03-02 16:20:02','2021-03-02 16:20:02',0,NULL),
	(1187,71,'q4_note',NULL,'2021-03-02 16:20:02','2021-03-02 16:20:02',0,NULL),
	(1188,71,'note',NULL,'2021-03-02 16:20:02','2021-03-02 16:20:02',0,NULL),
	(1189,72,'q1','0','2021-03-02 16:21:03','2021-03-02 16:21:03',0,NULL),
	(1190,72,'q2_1','デジアラホールディングス','2021-03-02 16:21:03','2021-03-02 16:21:03',0,NULL),
	(1191,72,'q2_2',NULL,'2021-03-02 16:21:03','2021-03-02 16:21:03',0,NULL),
	(1192,72,'q2_3',NULL,'2021-03-02 16:21:03','2021-03-02 16:21:03',0,NULL),
	(1193,72,'q3_1',NULL,'2021-03-02 16:21:03','2021-03-02 16:21:03',0,NULL),
	(1194,72,'q3_2',NULL,'2021-03-02 16:21:03','2021-03-02 16:21:03',0,NULL),
	(1195,72,'q3_3',NULL,'2021-03-02 16:21:03','2021-03-02 16:21:03',0,NULL),
	(1196,72,'q3_4','1','2021-03-02 16:21:03','2021-03-02 16:21:03',0,NULL),
	(1197,72,'q3_5',NULL,'2021-03-02 16:21:03','2021-03-02 16:21:03',0,NULL),
	(1198,72,'q3_6',NULL,'2021-03-02 16:21:03','2021-03-02 16:21:03',0,NULL),
	(1199,72,'q3_7',NULL,'2021-03-02 16:21:03','2021-03-02 16:21:03',0,NULL),
	(1200,72,'q4_1','1','2021-03-02 16:21:03','2021-03-02 16:21:03',0,NULL),
	(1201,72,'q4_2',NULL,'2021-03-02 16:21:03','2021-03-02 16:21:03',0,NULL),
	(1202,72,'q4_3','1','2021-03-02 16:21:03','2021-03-02 16:21:03',0,NULL),
	(1203,72,'q4_4','1','2021-03-02 16:21:03','2021-03-02 16:21:03',0,NULL),
	(1204,72,'q4_5',NULL,'2021-03-02 16:21:03','2021-03-02 16:21:03',0,NULL),
	(1205,72,'q4_note',NULL,'2021-03-02 16:21:03','2021-03-02 16:21:03',0,NULL),
	(1206,72,'note',NULL,'2021-03-02 16:21:03','2021-03-02 16:21:03',0,NULL),
	(1207,73,'q1','1','2021-03-02 16:22:14','2021-03-02 16:22:14',0,NULL),
	(1208,73,'q2_1','モリエン','2021-03-02 16:22:14','2021-03-02 16:22:14',0,NULL),
	(1209,73,'q2_2','目見田','2021-03-02 16:22:14','2021-03-02 16:22:14',0,NULL),
	(1210,73,'q2_3','ファシネート','2021-03-02 16:22:14','2021-03-02 16:22:14',0,NULL),
	(1211,73,'q3_1','1','2021-03-02 16:22:14','2021-03-02 16:22:14',0,NULL),
	(1212,73,'q3_2',NULL,'2021-03-02 16:22:14','2021-03-02 16:22:14',0,NULL),
	(1213,73,'q3_3','1','2021-03-02 16:22:14','2021-03-02 16:22:14',0,NULL),
	(1214,73,'q3_4',NULL,'2021-03-02 16:22:14','2021-03-02 16:22:14',0,NULL),
	(1215,73,'q3_5',NULL,'2021-03-02 16:22:14','2021-03-02 16:22:14',0,NULL),
	(1216,73,'q3_6',NULL,'2021-03-02 16:22:14','2021-03-02 16:22:14',0,NULL),
	(1217,73,'q3_7',NULL,'2021-03-02 16:22:14','2021-03-02 16:22:14',0,NULL),
	(1218,73,'q4_1','1','2021-03-02 16:22:14','2021-03-02 16:22:14',0,NULL),
	(1219,73,'q4_2','1','2021-03-02 16:22:14','2021-03-02 16:22:14',0,NULL),
	(1220,73,'q4_3','1','2021-03-02 16:22:14','2021-03-02 16:22:14',0,NULL),
	(1221,73,'q4_4','1','2021-03-02 16:22:14','2021-03-02 16:22:14',0,NULL),
	(1222,73,'q4_5',NULL,'2021-03-02 16:22:14','2021-03-02 16:22:14',0,NULL),
	(1223,73,'q4_note',NULL,'2021-03-02 16:22:14','2021-03-02 16:22:14',0,NULL),
	(1224,73,'note',NULL,'2021-03-02 16:22:14','2021-03-02 16:22:14',0,NULL),
	(1225,74,'q1','1','2021-03-02 16:22:44','2021-03-02 16:22:44',0,NULL),
	(1226,74,'q2_1','トーメー','2021-03-02 16:22:44','2021-03-02 16:22:44',0,NULL),
	(1227,74,'q2_2','三宅電気工事','2021-03-02 16:22:44','2021-03-02 16:22:44',0,NULL),
	(1228,74,'q2_3','日本ワイコ','2021-03-02 16:22:44','2021-03-02 16:22:44',0,NULL),
	(1229,74,'q3_1',NULL,'2021-03-02 16:22:44','2021-03-02 16:22:44',0,NULL),
	(1230,74,'q3_2',NULL,'2021-03-02 16:22:44','2021-03-02 16:22:44',0,NULL),
	(1231,74,'q3_3','1','2021-03-02 16:22:44','2021-03-02 16:22:44',0,NULL),
	(1232,74,'q3_4',NULL,'2021-03-02 16:22:44','2021-03-02 16:22:44',0,NULL),
	(1233,74,'q3_5',NULL,'2021-03-02 16:22:44','2021-03-02 16:22:44',0,NULL),
	(1234,74,'q3_6',NULL,'2021-03-02 16:22:44','2021-03-02 16:22:44',0,NULL),
	(1235,74,'q3_7',NULL,'2021-03-02 16:22:44','2021-03-02 16:22:44',0,NULL),
	(1236,74,'q4_1','1','2021-03-02 16:22:44','2021-03-02 16:22:44',0,NULL),
	(1237,74,'q4_2',NULL,'2021-03-02 16:22:44','2021-03-02 16:22:44',0,NULL),
	(1238,74,'q4_3',NULL,'2021-03-02 16:22:44','2021-03-02 16:22:44',0,NULL),
	(1239,74,'q4_4',NULL,'2021-03-02 16:22:44','2021-03-02 16:22:44',0,NULL),
	(1240,74,'q4_5',NULL,'2021-03-02 16:22:44','2021-03-02 16:22:44',0,NULL),
	(1241,74,'q4_note',NULL,'2021-03-02 16:22:44','2021-03-02 16:22:44',0,NULL),
	(1242,74,'note',NULL,'2021-03-02 16:22:44','2021-03-02 16:22:44',0,NULL),
	(1243,75,'q1','2','2021-03-02 16:22:55','2021-03-02 16:22:55',0,NULL),
	(1244,75,'q2_1','なし','2021-03-02 16:22:55','2021-03-02 16:22:55',0,NULL),
	(1245,75,'q2_2','なし','2021-03-02 16:22:55','2021-03-02 16:22:55',0,NULL),
	(1246,75,'q2_3','なし','2021-03-02 16:22:55','2021-03-02 16:22:55',0,NULL),
	(1247,75,'q3_1',NULL,'2021-03-02 16:22:55','2021-03-02 16:22:55',0,NULL),
	(1248,75,'q3_2','1','2021-03-02 16:22:55','2021-03-02 16:22:55',0,NULL),
	(1249,75,'q3_3',NULL,'2021-03-02 16:22:55','2021-03-02 16:22:55',0,NULL),
	(1250,75,'q3_4',NULL,'2021-03-02 16:22:55','2021-03-02 16:22:55',0,NULL),
	(1251,75,'q3_5',NULL,'2021-03-02 16:22:55','2021-03-02 16:22:55',0,NULL),
	(1252,75,'q3_6',NULL,'2021-03-02 16:22:55','2021-03-02 16:22:55',0,NULL),
	(1253,75,'q3_7',NULL,'2021-03-02 16:22:55','2021-03-02 16:22:55',0,NULL),
	(1254,75,'q4_1',NULL,'2021-03-02 16:22:55','2021-03-02 16:22:55',0,NULL),
	(1255,75,'q4_2','1','2021-03-02 16:22:55','2021-03-02 16:22:55',0,NULL),
	(1256,75,'q4_3',NULL,'2021-03-02 16:22:55','2021-03-02 16:22:55',0,NULL),
	(1257,75,'q4_4',NULL,'2021-03-02 16:22:55','2021-03-02 16:22:55',0,NULL),
	(1258,75,'q4_5',NULL,'2021-03-02 16:22:55','2021-03-02 16:22:55',0,NULL),
	(1259,75,'q4_note',NULL,'2021-03-02 16:22:55','2021-03-02 16:22:55',0,NULL),
	(1260,75,'note',NULL,'2021-03-02 16:22:55','2021-03-02 16:22:55',0,NULL),
	(1261,76,'q1','1','2021-03-02 16:23:10','2021-03-02 16:23:10',0,NULL),
	(1262,77,'q1','1','2021-03-02 16:23:10','2021-03-02 16:23:10',0,NULL),
	(1263,76,'q2_1','大匠','2021-03-02 16:23:10','2021-03-02 16:23:10',0,NULL),
	(1264,77,'q2_1','大匠','2021-03-02 16:23:10','2021-03-02 16:23:10',0,NULL),
	(1265,76,'q2_2','k&Group','2021-03-02 16:23:10','2021-03-02 16:23:10',0,NULL),
	(1266,77,'q2_2','k&Group','2021-03-02 16:23:10','2021-03-02 16:23:10',0,NULL),
	(1267,76,'q2_3',NULL,'2021-03-02 16:23:10','2021-03-02 16:23:10',0,NULL),
	(1268,77,'q2_3',NULL,'2021-03-02 16:23:10','2021-03-02 16:23:10',0,NULL),
	(1269,76,'q3_1',NULL,'2021-03-02 16:23:10','2021-03-02 16:23:10',0,NULL),
	(1270,77,'q3_1',NULL,'2021-03-02 16:23:10','2021-03-02 16:23:10',0,NULL),
	(1271,76,'q3_2',NULL,'2021-03-02 16:23:10','2021-03-02 16:23:10',0,NULL),
	(1272,77,'q3_2',NULL,'2021-03-02 16:23:10','2021-03-02 16:23:10',0,NULL),
	(1273,76,'q3_3',NULL,'2021-03-02 16:23:10','2021-03-02 16:23:10',0,NULL),
	(1274,77,'q3_3',NULL,'2021-03-02 16:23:10','2021-03-02 16:23:10',0,NULL),
	(1275,76,'q3_4',NULL,'2021-03-02 16:23:10','2021-03-02 16:23:10',0,NULL),
	(1276,77,'q3_4',NULL,'2021-03-02 16:23:10','2021-03-02 16:23:10',0,NULL),
	(1277,76,'q3_5',NULL,'2021-03-02 16:23:10','2021-03-02 16:23:10',0,NULL),
	(1278,77,'q3_5',NULL,'2021-03-02 16:23:10','2021-03-02 16:23:10',0,NULL),
	(1279,77,'q3_6','1','2021-03-02 16:23:10','2021-03-02 16:23:10',0,NULL),
	(1280,76,'q3_6','1','2021-03-02 16:23:10','2021-03-02 16:23:10',0,NULL),
	(1281,77,'q3_7',NULL,'2021-03-02 16:23:10','2021-03-02 16:23:10',0,NULL),
	(1282,76,'q3_7',NULL,'2021-03-02 16:23:10','2021-03-02 16:23:10',0,NULL),
	(1283,77,'q4_1','1','2021-03-02 16:23:10','2021-03-02 16:23:10',0,NULL),
	(1284,76,'q4_1','1','2021-03-02 16:23:10','2021-03-02 16:23:10',0,NULL),
	(1285,77,'q4_2','1','2021-03-02 16:23:10','2021-03-02 16:23:10',0,NULL),
	(1286,76,'q4_2','1','2021-03-02 16:23:10','2021-03-02 16:23:10',0,NULL),
	(1287,77,'q4_3','1','2021-03-02 16:23:10','2021-03-02 16:23:10',0,NULL),
	(1288,76,'q4_3','1','2021-03-02 16:23:10','2021-03-02 16:23:10',0,NULL),
	(1289,77,'q4_4',NULL,'2021-03-02 16:23:10','2021-03-02 16:23:10',0,NULL),
	(1290,76,'q4_4',NULL,'2021-03-02 16:23:10','2021-03-02 16:23:10',0,NULL),
	(1291,77,'q4_5',NULL,'2021-03-02 16:23:10','2021-03-02 16:23:10',0,NULL),
	(1292,76,'q4_5',NULL,'2021-03-02 16:23:10','2021-03-02 16:23:10',0,NULL),
	(1293,77,'q4_note',NULL,'2021-03-02 16:23:10','2021-03-02 16:23:10',0,NULL),
	(1294,76,'q4_note',NULL,'2021-03-02 16:23:10','2021-03-02 16:23:10',0,NULL),
	(1295,77,'note',NULL,'2021-03-02 16:23:10','2021-03-02 16:23:10',0,NULL),
	(1296,76,'note',NULL,'2021-03-02 16:23:10','2021-03-02 16:23:10',0,NULL),
	(1297,78,'q1','1','2021-03-02 16:23:11','2021-03-02 16:23:11',0,NULL),
	(1298,78,'q2_1','Earthink','2021-03-02 16:23:11','2021-03-02 16:23:11',0,NULL),
	(1299,78,'q2_2','大匠','2021-03-02 16:23:11','2021-03-02 16:23:11',0,NULL),
	(1300,78,'q2_3','K&L Gloup','2021-03-02 16:23:11','2021-03-02 16:23:11',0,NULL),
	(1301,78,'q3_1',NULL,'2021-03-02 16:23:11','2021-03-02 16:23:11',0,NULL),
	(1302,78,'q3_2',NULL,'2021-03-02 16:23:11','2021-03-02 16:23:11',0,NULL),
	(1303,78,'q3_3',NULL,'2021-03-02 16:23:11','2021-03-02 16:23:11',0,NULL),
	(1304,78,'q3_4',NULL,'2021-03-02 16:23:11','2021-03-02 16:23:11',0,NULL),
	(1305,78,'q3_5',NULL,'2021-03-02 16:23:11','2021-03-02 16:23:11',0,NULL),
	(1306,78,'q3_6','1','2021-03-02 16:23:11','2021-03-02 16:23:11',0,NULL),
	(1307,78,'q3_7',NULL,'2021-03-02 16:23:11','2021-03-02 16:23:11',0,NULL),
	(1308,78,'q4_1',NULL,'2021-03-02 16:23:11','2021-03-02 16:23:11',0,NULL),
	(1309,78,'q4_2','1','2021-03-02 16:23:11','2021-03-02 16:23:11',0,NULL),
	(1310,78,'q4_3','1','2021-03-02 16:23:11','2021-03-02 16:23:11',0,NULL),
	(1311,78,'q4_4',NULL,'2021-03-02 16:23:11','2021-03-02 16:23:11',0,NULL),
	(1312,78,'q4_5',NULL,'2021-03-02 16:23:11','2021-03-02 16:23:11',0,NULL),
	(1313,78,'q4_note',NULL,'2021-03-02 16:23:11','2021-03-02 16:23:11',0,NULL),
	(1314,78,'note',NULL,'2021-03-02 16:23:11','2021-03-02 16:23:11',0,NULL),
	(1315,79,'q1','1','2021-03-02 16:23:27','2021-03-02 16:23:27',0,NULL),
	(1316,79,'q2_1','フロンティア福祉会','2021-03-02 16:23:27','2021-03-02 16:23:27',0,NULL),
	(1317,79,'q2_2',NULL,'2021-03-02 16:23:27','2021-03-02 16:23:27',0,NULL),
	(1318,79,'q2_3',NULL,'2021-03-02 16:23:27','2021-03-02 16:23:27',0,NULL),
	(1319,79,'q3_1','1','2021-03-02 16:23:27','2021-03-02 16:23:27',0,NULL),
	(1320,79,'q3_2',NULL,'2021-03-02 16:23:27','2021-03-02 16:23:27',0,NULL),
	(1321,79,'q3_3',NULL,'2021-03-02 16:23:27','2021-03-02 16:23:27',0,NULL),
	(1322,79,'q3_4',NULL,'2021-03-02 16:23:27','2021-03-02 16:23:27',0,NULL),
	(1323,79,'q3_5',NULL,'2021-03-02 16:23:27','2021-03-02 16:23:27',0,NULL),
	(1324,79,'q3_6',NULL,'2021-03-02 16:23:27','2021-03-02 16:23:27',0,NULL),
	(1325,79,'q3_7',NULL,'2021-03-02 16:23:27','2021-03-02 16:23:27',0,NULL),
	(1326,79,'q4_1','1','2021-03-02 16:23:27','2021-03-02 16:23:27',0,NULL),
	(1327,79,'q4_2',NULL,'2021-03-02 16:23:27','2021-03-02 16:23:27',0,NULL),
	(1328,79,'q4_3',NULL,'2021-03-02 16:23:27','2021-03-02 16:23:27',0,NULL),
	(1329,79,'q4_4',NULL,'2021-03-02 16:23:27','2021-03-02 16:23:27',0,NULL),
	(1330,79,'q4_5',NULL,'2021-03-02 16:23:27','2021-03-02 16:23:27',0,NULL),
	(1331,79,'q4_note',NULL,'2021-03-02 16:23:27','2021-03-02 16:23:27',0,NULL),
	(1332,79,'note',NULL,'2021-03-02 16:23:27','2021-03-02 16:23:27',0,NULL),
	(1333,80,'q1','0','2021-03-02 16:24:14','2021-03-02 16:24:14',0,NULL),
	(1334,80,'q2_1','(株)モリエン','2021-03-02 16:24:14','2021-03-02 16:24:14',0,NULL),
	(1335,80,'q2_2','(株)ミラク','2021-03-02 16:24:14','2021-03-02 16:24:14',0,NULL),
	(1336,80,'q2_3','(株)河野製鉄所','2021-03-02 16:24:14','2021-03-02 16:24:14',0,NULL),
	(1337,80,'q3_1',NULL,'2021-03-02 16:24:14','2021-03-02 16:24:14',0,NULL),
	(1338,80,'q3_2',NULL,'2021-03-02 16:24:14','2021-03-02 16:24:14',0,NULL),
	(1339,80,'q3_3',NULL,'2021-03-02 16:24:14','2021-03-02 16:24:14',0,NULL),
	(1340,80,'q3_4',NULL,'2021-03-02 16:24:14','2021-03-02 16:24:14',0,NULL),
	(1341,80,'q3_5',NULL,'2021-03-02 16:24:14','2021-03-02 16:24:14',0,NULL),
	(1342,80,'q3_6','1','2021-03-02 16:24:14','2021-03-02 16:24:14',0,NULL),
	(1343,80,'q3_7',NULL,'2021-03-02 16:24:14','2021-03-02 16:24:14',0,NULL),
	(1344,80,'q4_1','1','2021-03-02 16:24:14','2021-03-02 16:24:14',0,NULL),
	(1345,80,'q4_2',NULL,'2021-03-02 16:24:14','2021-03-02 16:24:14',0,NULL),
	(1346,80,'q4_3',NULL,'2021-03-02 16:24:14','2021-03-02 16:24:14',0,NULL),
	(1347,80,'q4_4','1','2021-03-02 16:24:14','2021-03-02 16:24:14',0,NULL),
	(1348,80,'q4_5',NULL,'2021-03-02 16:24:14','2021-03-02 16:24:14',0,NULL),
	(1349,80,'q4_note',NULL,'2021-03-02 16:24:14','2021-03-02 16:24:14',0,NULL),
	(1350,80,'note','本日はありがとうございました。','2021-03-02 16:24:14','2021-03-02 16:24:14',0,NULL),
	(1351,81,'q1','0','2021-03-02 16:24:16','2021-03-02 16:24:16',0,NULL),
	(1352,81,'q2_1','三宅電気工事','2021-03-02 16:24:16','2021-03-02 16:24:16',0,NULL),
	(1353,81,'q2_2',NULL,'2021-03-02 16:24:16','2021-03-02 16:24:16',0,NULL),
	(1354,81,'q2_3',NULL,'2021-03-02 16:24:16','2021-03-02 16:24:16',0,NULL),
	(1355,81,'q3_1',NULL,'2021-03-02 16:24:16','2021-03-02 16:24:16',0,NULL),
	(1356,81,'q3_2',NULL,'2021-03-02 16:24:16','2021-03-02 16:24:16',0,NULL),
	(1357,81,'q3_3',NULL,'2021-03-02 16:24:16','2021-03-02 16:24:16',0,NULL),
	(1358,81,'q3_4',NULL,'2021-03-02 16:24:16','2021-03-02 16:24:16',0,NULL),
	(1359,81,'q3_5','1','2021-03-02 16:24:16','2021-03-02 16:24:16',0,NULL),
	(1360,81,'q3_6',NULL,'2021-03-02 16:24:16','2021-03-02 16:24:16',0,NULL),
	(1361,81,'q3_7',NULL,'2021-03-02 16:24:16','2021-03-02 16:24:16',0,NULL),
	(1362,81,'q4_1',NULL,'2021-03-02 16:24:16','2021-03-02 16:24:16',0,NULL),
	(1363,81,'q4_2','1','2021-03-02 16:24:16','2021-03-02 16:24:16',0,NULL),
	(1364,81,'q4_3',NULL,'2021-03-02 16:24:16','2021-03-02 16:24:16',0,NULL),
	(1365,81,'q4_4',NULL,'2021-03-02 16:24:16','2021-03-02 16:24:16',0,NULL),
	(1366,81,'q4_5',NULL,'2021-03-02 16:24:16','2021-03-02 16:24:16',0,NULL),
	(1367,81,'q4_note',NULL,'2021-03-02 16:24:16','2021-03-02 16:24:16',0,NULL),
	(1368,81,'note',NULL,'2021-03-02 16:24:16','2021-03-02 16:24:16',0,NULL),
	(1369,82,'q1','1','2021-03-02 16:24:23','2021-03-02 16:24:23',0,NULL),
	(1370,82,'q2_1','earthink','2021-03-02 16:24:23','2021-03-02 16:24:23',0,NULL),
	(1371,82,'q2_2','いづよね','2021-03-02 16:24:23','2021-03-02 16:24:23',0,NULL),
	(1372,82,'q2_3','デジアラホールディングス','2021-03-02 16:24:23','2021-03-02 16:24:23',0,NULL),
	(1373,82,'q3_1',NULL,'2021-03-02 16:24:23','2021-03-02 16:24:23',0,NULL),
	(1374,82,'q3_2',NULL,'2021-03-02 16:24:23','2021-03-02 16:24:23',0,NULL),
	(1375,82,'q3_3',NULL,'2021-03-02 16:24:23','2021-03-02 16:24:23',0,NULL),
	(1376,82,'q3_4',NULL,'2021-03-02 16:24:23','2021-03-02 16:24:23',0,NULL),
	(1377,82,'q3_5','1','2021-03-02 16:24:23','2021-03-02 16:24:23',0,NULL),
	(1378,82,'q3_6','1','2021-03-02 16:24:23','2021-03-02 16:24:23',0,NULL),
	(1379,82,'q3_7',NULL,'2021-03-02 16:24:23','2021-03-02 16:24:23',0,NULL),
	(1380,82,'q4_1','1','2021-03-02 16:24:23','2021-03-02 16:24:23',0,NULL),
	(1381,82,'q4_2',NULL,'2021-03-02 16:24:23','2021-03-02 16:24:23',0,NULL),
	(1382,82,'q4_3','1','2021-03-02 16:24:23','2021-03-02 16:24:23',0,NULL),
	(1383,82,'q4_4',NULL,'2021-03-02 16:24:23','2021-03-02 16:24:23',0,NULL),
	(1384,82,'q4_5',NULL,'2021-03-02 16:24:23','2021-03-02 16:24:23',0,NULL),
	(1385,82,'q4_note',NULL,'2021-03-02 16:24:23','2021-03-02 16:24:23',0,NULL),
	(1386,82,'note',NULL,'2021-03-02 16:24:23','2021-03-02 16:24:23',0,NULL),
	(1387,83,'q1','1','2021-03-02 16:24:27','2021-03-02 16:24:27',0,NULL),
	(1388,83,'q2_1','ドアズ','2021-03-02 16:24:27','2021-03-02 16:24:27',0,NULL),
	(1389,83,'q2_2',NULL,'2021-03-02 16:24:27','2021-03-02 16:24:27',0,NULL),
	(1390,83,'q2_3',NULL,'2021-03-02 16:24:27','2021-03-02 16:24:27',0,NULL),
	(1391,83,'q3_1',NULL,'2021-03-02 16:24:27','2021-03-02 16:24:27',0,NULL),
	(1392,83,'q3_2','1','2021-03-02 16:24:27','2021-03-02 16:24:27',0,NULL),
	(1393,83,'q3_3',NULL,'2021-03-02 16:24:27','2021-03-02 16:24:27',0,NULL),
	(1394,83,'q3_4',NULL,'2021-03-02 16:24:27','2021-03-02 16:24:27',0,NULL),
	(1395,83,'q3_5',NULL,'2021-03-02 16:24:27','2021-03-02 16:24:27',0,NULL),
	(1396,83,'q3_6',NULL,'2021-03-02 16:24:27','2021-03-02 16:24:27',0,NULL),
	(1397,83,'q3_7',NULL,'2021-03-02 16:24:27','2021-03-02 16:24:27',0,NULL),
	(1398,83,'q4_1','1','2021-03-02 16:24:27','2021-03-02 16:24:27',0,NULL),
	(1399,83,'q4_2',NULL,'2021-03-02 16:24:27','2021-03-02 16:24:27',0,NULL),
	(1400,83,'q4_3','1','2021-03-02 16:24:27','2021-03-02 16:24:27',0,NULL),
	(1401,83,'q4_4',NULL,'2021-03-02 16:24:27','2021-03-02 16:24:27',0,NULL),
	(1402,83,'q4_5',NULL,'2021-03-02 16:24:27','2021-03-02 16:24:27',0,NULL),
	(1403,83,'q4_note',NULL,'2021-03-02 16:24:27','2021-03-02 16:24:27',0,NULL),
	(1404,83,'note',NULL,'2021-03-02 16:24:27','2021-03-02 16:24:27',0,NULL),
	(1405,84,'q1','1','2021-03-02 16:24:30','2021-03-02 16:24:30',0,NULL),
	(1406,84,'q2_1','いづよね','2021-03-02 16:24:30','2021-03-02 16:24:30',0,NULL),
	(1407,84,'q2_2','デジアラホールディングス','2021-03-02 16:24:30','2021-03-02 16:24:30',0,NULL),
	(1408,84,'q2_3',NULL,'2021-03-02 16:24:30','2021-03-02 16:24:30',0,NULL),
	(1409,84,'q3_1',NULL,'2021-03-02 16:24:30','2021-03-02 16:24:30',0,NULL),
	(1410,84,'q3_2',NULL,'2021-03-02 16:24:30','2021-03-02 16:24:30',0,NULL),
	(1411,84,'q3_3',NULL,'2021-03-02 16:24:30','2021-03-02 16:24:30',0,NULL),
	(1412,84,'q3_4',NULL,'2021-03-02 16:24:30','2021-03-02 16:24:30',0,NULL),
	(1413,84,'q3_5','1','2021-03-02 16:24:30','2021-03-02 16:24:30',0,NULL),
	(1414,84,'q3_6',NULL,'2021-03-02 16:24:30','2021-03-02 16:24:30',0,NULL),
	(1415,84,'q3_7',NULL,'2021-03-02 16:24:30','2021-03-02 16:24:30',0,NULL),
	(1416,84,'q4_1','1','2021-03-02 16:24:30','2021-03-02 16:24:30',0,NULL),
	(1417,84,'q4_2',NULL,'2021-03-02 16:24:30','2021-03-02 16:24:30',0,NULL),
	(1418,84,'q4_3','1','2021-03-02 16:24:30','2021-03-02 16:24:30',0,NULL),
	(1419,84,'q4_4',NULL,'2021-03-02 16:24:30','2021-03-02 16:24:30',0,NULL),
	(1420,84,'q4_5',NULL,'2021-03-02 16:24:30','2021-03-02 16:24:30',0,NULL),
	(1421,84,'q4_note',NULL,'2021-03-02 16:24:30','2021-03-02 16:24:30',0,NULL),
	(1422,84,'note',NULL,'2021-03-02 16:24:30','2021-03-02 16:24:30',0,NULL),
	(1423,85,'q1','1','2021-03-02 16:25:35','2021-03-02 16:25:35',0,NULL),
	(1424,85,'q2_1','モリエン','2021-03-02 16:25:35','2021-03-02 16:25:35',0,NULL),
	(1425,85,'q2_2','神戸設計ルーム','2021-03-02 16:25:35','2021-03-02 16:25:35',0,NULL),
	(1426,85,'q2_3','三祐木材','2021-03-02 16:25:35','2021-03-02 16:25:35',0,NULL),
	(1427,85,'q3_1',NULL,'2021-03-02 16:25:35','2021-03-02 16:25:35',0,NULL),
	(1428,85,'q3_2',NULL,'2021-03-02 16:25:35','2021-03-02 16:25:35',0,NULL),
	(1429,85,'q3_3',NULL,'2021-03-02 16:25:35','2021-03-02 16:25:35',0,NULL),
	(1430,85,'q3_4',NULL,'2021-03-02 16:25:35','2021-03-02 16:25:35',0,NULL),
	(1431,85,'q3_5',NULL,'2021-03-02 16:25:35','2021-03-02 16:25:35',0,NULL),
	(1432,85,'q3_6',NULL,'2021-03-02 16:25:35','2021-03-02 16:25:35',0,NULL),
	(1433,85,'q3_7','1','2021-03-02 16:25:35','2021-03-02 16:25:35',0,NULL),
	(1434,85,'q4_1','1','2021-03-02 16:25:35','2021-03-02 16:25:35',0,NULL),
	(1435,85,'q4_2','1','2021-03-02 16:25:35','2021-03-02 16:25:35',0,NULL),
	(1436,85,'q4_3','1','2021-03-02 16:25:35','2021-03-02 16:25:35',0,NULL),
	(1437,85,'q4_4','1','2021-03-02 16:25:35','2021-03-02 16:25:35',0,NULL),
	(1438,85,'q4_5',NULL,'2021-03-02 16:25:35','2021-03-02 16:25:35',0,NULL),
	(1439,85,'q4_note',NULL,'2021-03-02 16:25:35','2021-03-02 16:25:35',0,NULL),
	(1440,85,'note',NULL,'2021-03-02 16:25:35','2021-03-02 16:25:35',0,NULL),
	(1441,86,'q1','1','2021-03-02 16:25:39','2021-03-02 16:25:39',0,NULL),
	(1442,86,'q2_1','ジィ・アンド・ジィ','2021-03-02 16:25:39','2021-03-02 16:25:39',0,NULL),
	(1443,86,'q2_2',NULL,'2021-03-02 16:25:39','2021-03-02 16:25:39',0,NULL),
	(1444,86,'q2_3',NULL,'2021-03-02 16:25:39','2021-03-02 16:25:39',0,NULL),
	(1445,86,'q3_1',NULL,'2021-03-02 16:25:39','2021-03-02 16:25:39',0,NULL),
	(1446,86,'q3_2',NULL,'2021-03-02 16:25:39','2021-03-02 16:25:39',0,NULL),
	(1447,86,'q3_3',NULL,'2021-03-02 16:25:39','2021-03-02 16:25:39',0,NULL),
	(1448,86,'q3_4',NULL,'2021-03-02 16:25:39','2021-03-02 16:25:39',0,NULL),
	(1449,86,'q3_5','1','2021-03-02 16:25:39','2021-03-02 16:25:39',0,NULL),
	(1450,86,'q3_6',NULL,'2021-03-02 16:25:39','2021-03-02 16:25:39',0,NULL),
	(1451,86,'q3_7',NULL,'2021-03-02 16:25:39','2021-03-02 16:25:39',0,NULL),
	(1452,86,'q4_1',NULL,'2021-03-02 16:25:39','2021-03-02 16:25:39',0,NULL),
	(1453,86,'q4_2','1','2021-03-02 16:25:39','2021-03-02 16:25:39',0,NULL),
	(1454,86,'q4_3',NULL,'2021-03-02 16:25:39','2021-03-02 16:25:39',0,NULL),
	(1455,86,'q4_4',NULL,'2021-03-02 16:25:39','2021-03-02 16:25:39',0,NULL),
	(1456,86,'q4_5',NULL,'2021-03-02 16:25:39','2021-03-02 16:25:39',0,NULL),
	(1457,86,'q4_note',NULL,'2021-03-02 16:25:39','2021-03-02 16:25:39',0,NULL),
	(1458,86,'note',NULL,'2021-03-02 16:25:39','2021-03-02 16:25:39',0,NULL),
	(1459,87,'q1','1','2021-03-02 16:25:51','2021-03-02 16:25:51',0,NULL),
	(1460,87,'q2_1','be love company','2021-03-02 16:25:51','2021-03-02 16:25:51',0,NULL),
	(1461,87,'q2_2','デジアラホールディングス','2021-03-02 16:25:51','2021-03-02 16:25:51',0,NULL),
	(1462,87,'q2_3','ジィ・アンド・ジィ','2021-03-02 16:25:51','2021-03-02 16:25:51',0,NULL),
	(1463,87,'q3_1',NULL,'2021-03-02 16:25:51','2021-03-02 16:25:51',0,NULL),
	(1464,87,'q3_2',NULL,'2021-03-02 16:25:51','2021-03-02 16:25:51',0,NULL),
	(1465,87,'q3_3',NULL,'2021-03-02 16:25:51','2021-03-02 16:25:51',0,NULL),
	(1466,87,'q3_4',NULL,'2021-03-02 16:25:51','2021-03-02 16:25:51',0,NULL),
	(1467,87,'q3_5','1','2021-03-02 16:25:51','2021-03-02 16:25:51',0,NULL),
	(1468,87,'q3_6',NULL,'2021-03-02 16:25:51','2021-03-02 16:25:51',0,NULL),
	(1469,87,'q3_7',NULL,'2021-03-02 16:25:51','2021-03-02 16:25:51',0,NULL),
	(1470,87,'q4_1',NULL,'2021-03-02 16:25:51','2021-03-02 16:25:51',0,NULL),
	(1471,87,'q4_2','1','2021-03-02 16:25:51','2021-03-02 16:25:51',0,NULL),
	(1472,87,'q4_3','1','2021-03-02 16:25:51','2021-03-02 16:25:51',0,NULL),
	(1473,87,'q4_4',NULL,'2021-03-02 16:25:51','2021-03-02 16:25:51',0,NULL),
	(1474,87,'q4_5',NULL,'2021-03-02 16:25:51','2021-03-02 16:25:51',0,NULL),
	(1475,87,'q4_note',NULL,'2021-03-02 16:25:51','2021-03-02 16:25:51',0,NULL),
	(1476,87,'note',NULL,'2021-03-02 16:25:51','2021-03-02 16:25:51',0,NULL),
	(1477,88,'q1','0','2021-03-02 16:25:54','2021-03-02 16:25:54',0,NULL),
	(1478,88,'q2_1','(株)DATA KIT','2021-03-02 16:25:54','2021-03-02 16:25:54',0,NULL),
	(1479,88,'q2_2','ジィ・アンド・ジィ(株)','2021-03-02 16:25:54','2021-03-02 16:25:54',0,NULL),
	(1480,88,'q2_3','(株)ミユキット','2021-03-02 16:25:54','2021-03-02 16:25:54',0,NULL),
	(1481,88,'q3_1',NULL,'2021-03-02 16:25:54','2021-03-02 16:25:54',0,NULL),
	(1482,88,'q3_2',NULL,'2021-03-02 16:25:54','2021-03-02 16:25:54',0,NULL),
	(1483,88,'q3_3',NULL,'2021-03-02 16:25:54','2021-03-02 16:25:54',0,NULL),
	(1484,88,'q3_4',NULL,'2021-03-02 16:25:54','2021-03-02 16:25:54',0,NULL),
	(1485,88,'q3_5','1','2021-03-02 16:25:54','2021-03-02 16:25:54',0,NULL),
	(1486,88,'q3_6',NULL,'2021-03-02 16:25:54','2021-03-02 16:25:54',0,NULL),
	(1487,88,'q3_7',NULL,'2021-03-02 16:25:54','2021-03-02 16:25:54',0,NULL),
	(1488,88,'q4_1',NULL,'2021-03-02 16:25:54','2021-03-02 16:25:54',0,NULL),
	(1489,88,'q4_2','1','2021-03-02 16:25:54','2021-03-02 16:25:54',0,NULL),
	(1490,88,'q4_3',NULL,'2021-03-02 16:25:54','2021-03-02 16:25:54',0,NULL),
	(1491,88,'q4_4',NULL,'2021-03-02 16:25:54','2021-03-02 16:25:54',0,NULL),
	(1492,88,'q4_5',NULL,'2021-03-02 16:25:54','2021-03-02 16:25:54',0,NULL),
	(1493,88,'q4_note',NULL,'2021-03-02 16:25:54','2021-03-02 16:25:54',0,NULL),
	(1494,88,'note',NULL,'2021-03-02 16:25:54','2021-03-02 16:25:54',0,NULL),
	(1495,89,'q1','1','2021-03-02 16:26:34','2021-03-02 16:26:34',0,NULL),
	(1496,89,'q2_1','ネクストステージ','2021-03-02 16:26:34','2021-03-02 16:26:34',0,NULL),
	(1497,89,'q2_2','イーエスプランニング','2021-03-02 16:26:34','2021-03-02 16:26:34',0,NULL),
	(1498,89,'q2_3','DATA KIT','2021-03-02 16:26:34','2021-03-02 16:26:34',0,NULL),
	(1499,89,'q3_1',NULL,'2021-03-02 16:26:34','2021-03-02 16:26:34',0,NULL),
	(1500,89,'q3_2',NULL,'2021-03-02 16:26:34','2021-03-02 16:26:34',0,NULL),
	(1501,89,'q3_3',NULL,'2021-03-02 16:26:34','2021-03-02 16:26:34',0,NULL),
	(1502,89,'q3_4',NULL,'2021-03-02 16:26:34','2021-03-02 16:26:34',0,NULL),
	(1503,89,'q3_5',NULL,'2021-03-02 16:26:34','2021-03-02 16:26:34',0,NULL),
	(1504,89,'q3_6',NULL,'2021-03-02 16:26:34','2021-03-02 16:26:34',0,NULL),
	(1505,89,'q3_7','1','2021-03-02 16:26:34','2021-03-02 16:26:34',0,NULL),
	(1506,89,'q4_1','1','2021-03-02 16:26:34','2021-03-02 16:26:34',0,NULL),
	(1507,89,'q4_2','1','2021-03-02 16:26:34','2021-03-02 16:26:34',0,NULL),
	(1508,89,'q4_3','1','2021-03-02 16:26:34','2021-03-02 16:26:34',0,NULL),
	(1509,89,'q4_4','1','2021-03-02 16:26:34','2021-03-02 16:26:34',0,NULL),
	(1510,89,'q4_5',NULL,'2021-03-02 16:26:34','2021-03-02 16:26:34',0,NULL),
	(1511,89,'q4_note',NULL,'2021-03-02 16:26:34','2021-03-02 16:26:34',0,NULL),
	(1512,89,'note',NULL,'2021-03-02 16:26:34','2021-03-02 16:26:34',0,NULL),
	(1513,90,'q1','0','2021-03-02 16:26:37','2021-03-02 16:26:37',0,NULL),
	(1514,90,'q2_1','山佑木材株式会社','2021-03-02 16:26:37','2021-03-02 16:26:37',0,NULL),
	(1515,90,'q2_2',NULL,'2021-03-02 16:26:37','2021-03-02 16:26:37',0,NULL),
	(1516,90,'q2_3',NULL,'2021-03-02 16:26:37','2021-03-02 16:26:37',0,NULL),
	(1517,90,'q3_1',NULL,'2021-03-02 16:26:37','2021-03-02 16:26:37',0,NULL),
	(1518,90,'q3_2',NULL,'2021-03-02 16:26:37','2021-03-02 16:26:37',0,NULL),
	(1519,90,'q3_3',NULL,'2021-03-02 16:26:37','2021-03-02 16:26:37',0,NULL),
	(1520,90,'q3_4',NULL,'2021-03-02 16:26:37','2021-03-02 16:26:37',0,NULL),
	(1521,90,'q3_5','1','2021-03-02 16:26:37','2021-03-02 16:26:37',0,NULL),
	(1522,90,'q3_6',NULL,'2021-03-02 16:26:37','2021-03-02 16:26:37',0,NULL),
	(1523,90,'q3_7',NULL,'2021-03-02 16:26:37','2021-03-02 16:26:37',0,NULL),
	(1524,90,'q4_1','1','2021-03-02 16:26:37','2021-03-02 16:26:37',0,NULL),
	(1525,90,'q4_2',NULL,'2021-03-02 16:26:37','2021-03-02 16:26:37',0,NULL),
	(1526,90,'q4_3',NULL,'2021-03-02 16:26:37','2021-03-02 16:26:37',0,NULL),
	(1527,90,'q4_4',NULL,'2021-03-02 16:26:37','2021-03-02 16:26:37',0,NULL),
	(1528,90,'q4_5',NULL,'2021-03-02 16:26:37','2021-03-02 16:26:37',0,NULL),
	(1529,90,'q4_note',NULL,'2021-03-02 16:26:37','2021-03-02 16:26:37',0,NULL),
	(1530,90,'note',NULL,'2021-03-02 16:26:37','2021-03-02 16:26:37',0,NULL),
	(1531,91,'q1','1','2021-03-02 16:31:30','2021-03-02 16:31:30',0,NULL),
	(1532,91,'q2_1','(株)be love company','2021-03-02 16:31:30','2021-03-02 16:31:30',0,NULL),
	(1533,91,'q2_2','(株)ニッセイ機工','2021-03-02 16:31:30','2021-03-02 16:31:30',0,NULL),
	(1534,91,'q2_3','(株)高山商店','2021-03-02 16:31:30','2021-03-02 16:31:30',0,NULL),
	(1535,91,'q3_1',NULL,'2021-03-02 16:31:30','2021-03-02 16:31:30',0,NULL),
	(1536,91,'q3_2',NULL,'2021-03-02 16:31:30','2021-03-02 16:31:30',0,NULL),
	(1537,91,'q3_3',NULL,'2021-03-02 16:31:30','2021-03-02 16:31:30',0,NULL),
	(1538,91,'q3_4',NULL,'2021-03-02 16:31:30','2021-03-02 16:31:30',0,NULL),
	(1539,91,'q3_5',NULL,'2021-03-02 16:31:30','2021-03-02 16:31:30',0,NULL),
	(1540,91,'q3_6',NULL,'2021-03-02 16:31:30','2021-03-02 16:31:30',0,NULL),
	(1541,91,'q3_7','1','2021-03-02 16:31:30','2021-03-02 16:31:30',0,NULL),
	(1542,91,'q4_1','1','2021-03-02 16:31:30','2021-03-02 16:31:30',0,NULL),
	(1543,91,'q4_2',NULL,'2021-03-02 16:31:30','2021-03-02 16:31:30',0,NULL),
	(1544,91,'q4_3',NULL,'2021-03-02 16:31:30','2021-03-02 16:31:30',0,NULL),
	(1545,91,'q4_4',NULL,'2021-03-02 16:31:30','2021-03-02 16:31:30',0,NULL),
	(1546,91,'q4_5',NULL,'2021-03-02 16:31:30','2021-03-02 16:31:30',0,NULL),
	(1547,91,'q4_note',NULL,'2021-03-02 16:31:30','2021-03-02 16:31:30',0,NULL),
	(1548,91,'note',NULL,'2021-03-02 16:31:30','2021-03-02 16:31:30',0,NULL),
	(1549,92,'q1','1','2021-03-02 16:40:04','2021-03-02 16:40:04',0,NULL),
	(1550,92,'q2_1','株式会社まいらいふ','2021-03-02 16:40:04','2021-03-02 16:40:04',0,NULL),
	(1551,92,'q2_2','有限会社目見田商事','2021-03-02 16:40:04','2021-03-02 16:40:04',0,NULL),
	(1552,92,'q2_3','有限会社黄山金属プレス工業所','2021-03-02 16:40:04','2021-03-02 16:40:04',0,NULL),
	(1553,92,'q3_1',NULL,'2021-03-02 16:40:04','2021-03-02 16:40:04',0,NULL),
	(1554,92,'q3_2',NULL,'2021-03-02 16:40:04','2021-03-02 16:40:04',0,NULL),
	(1555,92,'q3_3','1','2021-03-02 16:40:04','2021-03-02 16:40:04',0,NULL),
	(1556,92,'q3_4',NULL,'2021-03-02 16:40:04','2021-03-02 16:40:04',0,NULL),
	(1557,92,'q3_5',NULL,'2021-03-02 16:40:04','2021-03-02 16:40:04',0,NULL),
	(1558,92,'q3_6',NULL,'2021-03-02 16:40:04','2021-03-02 16:40:04',0,NULL),
	(1559,92,'q3_7','1','2021-03-02 16:40:04','2021-03-02 16:40:04',0,NULL),
	(1560,92,'q4_1','1','2021-03-02 16:40:04','2021-03-02 16:40:04',0,NULL),
	(1561,92,'q4_2','1','2021-03-02 16:40:04','2021-03-02 16:40:04',0,NULL),
	(1562,92,'q4_3','1','2021-03-02 16:40:04','2021-03-02 16:40:04',0,NULL),
	(1563,92,'q4_4',NULL,'2021-03-02 16:40:04','2021-03-02 16:40:04',0,NULL),
	(1564,92,'q4_5',NULL,'2021-03-02 16:40:04','2021-03-02 16:40:04',0,NULL),
	(1565,92,'q4_note',NULL,'2021-03-02 16:40:04','2021-03-02 16:40:04',0,NULL),
	(1566,92,'note','様々な特色のある企業の方々とお会いさせていただく機会をいただき、ありがとうございました。\r\n仕事に対しての向き合い方を学ばせて頂きました。\r\nまた、就活セミナーに関しましても、役立つ情報ばかりを学ばせていただきました。\r\n今後へと活かしていけるよう努力致します。\r\n本日は誠にありがとうございました。','2021-03-02 16:40:04','2021-03-02 16:40:04',0,NULL),
	(1567,97,'q1','1','2022-03-04 06:54:01','2022-03-04 06:54:01',0,NULL),
	(1568,97,'q2_1','テスト','2022-03-04 06:54:01','2022-03-04 06:54:01',0,NULL),
	(1569,97,'q2_2',NULL,'2022-03-04 06:54:02','2022-03-04 06:54:02',0,NULL),
	(1570,97,'q2_3',NULL,'2022-03-04 06:54:02','2022-03-04 06:54:02',0,NULL),
	(1571,97,'q3_1',NULL,'2022-03-04 06:54:02','2022-03-04 06:54:02',0,NULL),
	(1572,97,'q3_2',NULL,'2022-03-04 06:54:02','2022-03-04 06:54:02',0,NULL),
	(1573,97,'q3_3',NULL,'2022-03-04 06:54:02','2022-03-04 06:54:02',0,NULL),
	(1574,97,'q3_4',NULL,'2022-03-04 06:54:02','2022-03-04 06:54:02',0,NULL),
	(1575,97,'q3_5',NULL,'2022-03-04 06:54:02','2022-03-04 06:54:02',0,NULL),
	(1576,97,'q3_6',NULL,'2022-03-04 06:54:02','2022-03-04 06:54:02',0,NULL),
	(1577,97,'q3_7',NULL,'2022-03-04 06:54:02','2022-03-04 06:54:02',0,NULL),
	(1578,97,'q3_8','1','2022-03-04 06:54:02','2022-03-04 06:54:02',0,NULL),
	(1579,97,'q4_1','1','2022-03-04 06:54:02','2022-03-04 06:54:02',0,NULL),
	(1580,97,'q4_2',NULL,'2022-03-04 06:54:02','2022-03-04 06:54:02',0,NULL),
	(1581,97,'q4_3',NULL,'2022-03-04 06:54:02','2022-03-04 06:54:02',0,NULL),
	(1582,97,'q4_4',NULL,'2022-03-04 06:54:02','2022-03-04 06:54:02',0,NULL),
	(1583,97,'q4_5',NULL,'2022-03-04 06:54:02','2022-03-04 06:54:02',0,NULL),
	(1584,97,'q4_note',NULL,'2022-03-04 06:54:02','2022-03-04 06:54:02',0,NULL),
	(1585,97,'note',NULL,'2022-03-04 06:54:02','2022-03-04 06:54:02',0,NULL);

/*!40000 ALTER TABLE `questionnaire_detail` ENABLE KEYS */;
UNLOCK TABLES;


# テーブルのダンプ reception
# ------------------------------------------------------------

DROP TABLE IF EXISTS `reception`;

CREATE TABLE `reception` (
  `id` bigint(20) unsigned NOT NULL AUTO_INCREMENT,
  `entry_id` bigint(20) unsigned NOT NULL COMMENT 'エントリーID',
  `event_id` bigint(20) unsigned NOT NULL COMMENT 'イベントID',
  `enter_at` datetime DEFAULT NULL COMMENT '入場日時',
  `exit_at` datetime DEFAULT NULL COMMENT '退場日時',
  `created_at` datetime NOT NULL DEFAULT CURRENT_TIMESTAMP COMMENT '作成日時',
  `updated_at` datetime NOT NULL DEFAULT CURRENT_TIMESTAMP COMMENT '更新日時',
  `is_deleted` tinyint(1) NOT NULL DEFAULT '0' COMMENT '削除フラグ',
  `deleted_at` datetime DEFAULT NULL COMMENT '削除日時',
  PRIMARY KEY (`id`),
  KEY `entry_id` (`entry_id`),
  KEY `event_id` (`event_id`),
  CONSTRAINT `reception_ibfk_1` FOREIGN KEY (`entry_id`) REFERENCES `entry` (`id`),
  CONSTRAINT `reception_ibfk_2` FOREIGN KEY (`event_id`) REFERENCES `events` (`id`)
) ENGINE=InnoDB DEFAULT CHARSET=utf8 COMMENT='イベント受付情報';

LOCK TABLES `reception` WRITE;
/*!40000 ALTER TABLE `reception` DISABLE KEYS */;

INSERT INTO `reception` (`id`, `entry_id`, `event_id`, `enter_at`, `exit_at`, `created_at`, `updated_at`, `is_deleted`, `deleted_at`)
VALUES
	(2,2,1,'2021-03-02 12:43:56','2021-03-02 16:31:20','2021-03-02 11:11:58','2021-03-02 16:31:20',0,NULL),
	(3,3,1,'2021-03-02 12:12:25','2021-03-02 13:19:04','2021-03-02 11:11:58','2021-03-02 13:19:04',0,NULL),
	(4,4,1,'2021-03-02 12:42:42','2021-03-02 16:19:20','2021-03-02 11:11:58','2021-03-02 16:19:20',0,NULL),
	(5,5,1,NULL,NULL,'2021-03-02 11:11:59','2021-03-02 11:11:59',0,NULL),
	(6,6,1,NULL,NULL,'2021-03-02 11:11:59','2021-03-02 11:11:59',0,NULL),
	(7,7,1,'2021-03-02 12:40:24','2021-03-02 16:26:01','2021-03-02 11:12:00','2021-03-02 16:26:01',0,NULL),
	(8,8,1,NULL,NULL,'2021-03-02 11:12:00','2021-03-02 11:12:00',0,NULL),
	(9,9,1,'2021-03-02 12:26:09','2021-03-02 13:46:35','2021-03-02 11:12:01','2021-03-02 13:46:35',0,NULL),
	(10,10,1,'2021-03-02 15:07:58','2021-03-02 15:08:09','2021-03-02 11:12:01','2021-03-02 15:08:09',0,NULL),
	(11,11,1,NULL,NULL,'2021-03-02 11:12:02','2021-03-02 11:12:02',0,NULL),
	(12,12,1,'2021-03-02 13:31:53','2021-03-02 15:27:43','2021-03-02 11:12:02','2021-03-02 15:27:43',0,NULL),
	(13,13,1,'2021-03-02 12:39:00','2021-03-02 16:00:00','2021-03-02 11:12:03','2021-03-02 16:42:29',0,NULL),
	(14,14,1,NULL,NULL,'2021-03-02 11:12:03','2021-03-02 11:12:03',0,NULL),
	(15,15,1,'2021-03-02 12:15:40','2021-03-02 15:53:06','2021-03-02 11:12:04','2021-03-02 15:53:06',0,NULL),
	(16,16,1,'2021-03-02 12:23:04','2021-03-02 13:26:37','2021-03-02 11:12:04','2021-03-02 13:26:37',0,NULL),
	(17,17,1,'2021-03-02 12:59:00','2021-03-02 14:45:03','2021-03-02 11:12:04','2021-03-02 14:45:03',0,NULL),
	(18,18,1,'2021-03-02 12:05:42','2021-03-02 16:23:46','2021-03-02 11:12:05','2021-03-02 16:23:46',0,NULL),
	(19,19,1,'2021-03-02 12:05:07','2021-03-02 16:18:08','2021-03-02 11:12:05','2021-03-02 16:18:08',0,NULL),
	(20,20,1,'2021-03-02 12:06:19','2021-03-02 16:22:56','2021-03-02 11:12:06','2021-03-02 16:22:56',0,NULL),
	(21,21,1,'2021-03-02 12:30:29','2021-03-02 16:27:46','2021-03-02 11:12:06','2021-03-02 16:27:46',0,NULL),
	(22,22,1,'2021-03-02 12:29:52','2021-03-02 16:27:52','2021-03-02 11:12:07','2021-03-02 16:27:52',0,NULL),
	(23,23,1,'2021-03-02 13:44:33','2021-03-02 16:22:26','2021-03-02 11:12:07','2021-03-02 16:22:26',0,NULL),
	(24,24,1,'2021-03-02 12:18:43','2021-03-02 16:26:18','2021-03-02 11:12:08','2021-03-02 16:26:18',0,NULL),
	(25,25,1,'2021-03-02 12:15:00','2021-03-02 15:01:00','2021-03-02 11:12:08','2021-03-02 15:01:00',0,NULL),
	(26,26,1,'2021-03-02 12:42:09','2021-03-02 16:18:09','2021-03-02 11:12:09','2021-03-02 16:18:09',0,NULL),
	(27,27,1,NULL,NULL,'2021-03-02 11:12:09','2021-03-02 11:12:09',0,NULL),
	(28,28,1,NULL,NULL,'2021-03-02 11:12:09','2021-03-02 11:12:09',0,NULL),
	(29,29,1,'2021-03-02 12:02:57','2021-03-02 15:31:10','2021-03-02 11:12:10','2021-03-02 15:31:10',0,NULL),
	(30,30,1,'2021-03-02 12:41:51','2021-03-02 15:26:55','2021-03-02 11:12:10','2021-03-02 15:26:55',0,NULL),
	(31,31,1,'2021-03-02 12:10:27','2021-03-02 15:11:35','2021-03-02 11:12:11','2021-03-02 15:11:35',0,NULL),
	(32,32,1,NULL,NULL,'2021-03-02 11:12:11','2021-03-02 11:12:11',0,NULL),
	(33,33,1,NULL,NULL,'2021-03-02 11:12:12','2021-03-02 11:12:12',0,NULL),
	(34,34,1,'2021-03-02 12:02:18','2021-03-02 15:31:41','2021-03-02 11:12:12','2021-03-02 15:31:41',0,NULL),
	(35,35,1,'2021-03-02 12:38:09','2021-03-02 15:53:59','2021-03-02 11:12:13','2021-03-02 15:53:59',0,NULL),
	(36,36,1,'2021-03-02 13:33:14','2021-03-02 16:12:02','2021-03-02 11:12:13','2021-03-02 16:12:02',0,NULL),
	(37,37,1,'2021-03-02 12:37:00','2021-03-02 16:40:20','2021-03-02 11:12:14','2021-03-02 16:40:20',0,NULL),
	(38,38,1,'2021-03-02 12:18:04','2021-03-02 15:28:07','2021-03-02 11:12:14','2021-03-02 15:28:07',0,NULL),
	(39,39,1,NULL,NULL,'2021-03-02 11:12:15','2021-03-02 11:12:15',0,NULL),
	(40,40,1,'2021-03-02 12:37:38','2021-03-02 15:35:11','2021-03-02 11:12:15','2021-03-02 15:35:11',0,NULL),
	(41,41,1,NULL,NULL,'2021-03-02 11:12:16','2021-03-02 11:12:16',0,NULL),
	(42,42,1,'2021-03-02 12:23:47','2021-03-02 16:17:07','2021-03-02 11:12:16','2021-03-02 16:17:07',0,NULL),
	(43,43,1,'2021-03-02 12:35:00','2021-03-02 16:00:00','2021-03-02 11:12:16','2021-03-02 16:42:20',0,NULL),
	(44,44,1,'2021-03-02 12:25:35','2021-03-02 13:46:12','2021-03-02 11:12:17','2021-03-02 13:46:12',0,NULL),
	(45,45,1,'2021-03-02 13:44:22','2021-03-02 16:19:01','2021-03-02 11:12:17','2021-03-02 16:19:01',0,NULL),
	(46,46,1,NULL,NULL,'2021-03-02 11:12:18','2021-03-02 11:12:18',0,NULL),
	(47,47,1,'2021-03-02 12:31:14','2021-03-02 15:10:07','2021-03-02 11:12:18','2021-03-02 15:10:07',0,NULL),
	(48,48,1,'2021-03-02 11:58:35','2021-03-02 15:09:10','2021-03-02 11:12:19','2021-03-02 15:09:10',0,NULL),
	(49,49,1,'2021-03-02 12:31:43','2021-03-02 15:09:27','2021-03-02 11:12:19','2021-03-02 15:09:27',0,NULL),
	(50,50,1,NULL,NULL,'2021-03-02 11:12:20','2021-03-02 11:12:20',0,NULL),
	(51,51,1,'2021-03-02 12:09:07','2021-03-02 16:02:14','2021-03-02 11:12:20','2021-03-02 16:02:14',0,NULL),
	(52,52,1,'2021-03-02 12:07:22','2021-03-02 15:59:05','2021-03-02 11:12:21','2021-03-02 15:59:05',0,NULL),
	(53,53,1,'2021-03-02 12:04:11','2021-03-02 15:42:08','2021-03-02 11:12:21','2021-03-02 15:42:08',0,NULL),
	(54,54,1,'2021-03-02 12:07:56','2021-03-02 13:20:55','2021-03-02 11:12:22','2021-03-02 13:20:55',0,NULL),
	(55,55,1,'2021-03-02 12:44:50','2021-03-02 16:29:35','2021-03-02 11:12:22','2021-03-02 16:29:35',0,NULL),
	(56,56,1,'2021-03-02 12:39:19','2021-03-02 16:23:19','2021-03-02 11:12:23','2021-03-02 16:23:19',0,NULL),
	(57,57,1,'2021-03-02 12:16:41','2021-03-02 15:30:50','2021-03-02 11:12:23','2021-03-02 15:30:50',0,NULL),
	(58,58,1,'2021-03-02 12:01:40','2021-03-02 16:31:41','2021-03-02 11:12:24','2021-03-02 16:31:41',0,NULL),
	(59,59,1,'2021-03-02 12:09:55','2021-03-02 15:11:49','2021-03-02 11:12:24','2021-03-02 15:11:49',0,NULL),
	(60,60,1,NULL,NULL,'2021-03-02 11:12:25','2021-03-02 11:12:25',0,NULL),
	(61,61,1,NULL,NULL,'2021-03-02 11:12:25','2021-03-02 11:12:25',0,NULL),
	(62,62,1,'2021-03-02 15:04:19','2021-03-02 15:04:32','2021-03-02 11:12:26','2021-03-02 15:04:32',0,NULL),
	(63,63,1,'2021-03-02 15:03:53','2021-03-02 15:04:05','2021-03-02 11:12:26','2021-03-02 15:04:05',0,NULL),
	(64,64,1,'2021-03-02 12:24:24','2021-03-02 16:18:42','2021-03-02 11:12:27','2021-03-02 16:18:42',0,NULL),
	(65,65,1,NULL,NULL,'2021-03-02 11:12:27','2021-03-02 11:12:27',0,NULL),
	(66,66,1,'2021-03-02 12:17:14','2021-03-02 16:24:54','2021-03-02 11:12:28','2021-03-02 16:24:54',0,NULL),
	(67,1,1,NULL,NULL,'2021-03-02 11:12:52','2021-03-02 11:12:52',0,NULL),
	(68,67,1,NULL,NULL,'2021-03-02 11:14:47','2021-03-02 11:14:47',0,NULL),
	(69,68,1,NULL,NULL,'2021-03-02 11:14:47','2021-03-02 11:14:47',0,NULL),
	(70,69,1,'2021-03-02 12:36:37','2021-03-02 15:08:13','2021-03-02 11:14:48','2021-03-02 15:08:13',0,NULL),
	(71,70,1,NULL,NULL,'2021-03-02 11:14:48','2021-03-02 11:14:48',0,NULL),
	(72,71,1,NULL,NULL,'2021-03-02 11:14:49','2021-03-02 11:14:49',0,NULL),
	(73,72,1,'2021-03-02 12:33:56','2021-03-02 13:49:38','2021-03-02 11:14:49','2021-03-02 13:49:38',0,NULL),
	(74,73,1,NULL,NULL,'2021-03-02 11:14:50','2021-03-02 11:14:50',0,NULL),
	(75,74,1,'2021-03-02 12:38:47','2021-03-02 16:21:04','2021-03-02 11:14:50','2021-03-02 16:21:04',0,NULL),
	(76,75,1,NULL,NULL,'2021-03-02 11:14:51','2021-03-02 11:14:51',0,NULL),
	(77,76,1,NULL,NULL,'2021-03-02 11:14:51','2021-03-02 11:14:51',0,NULL),
	(78,77,1,'2021-03-02 14:09:56','2021-03-02 15:54:36','2021-03-02 11:14:52','2021-03-02 15:54:36',0,NULL),
	(79,78,1,NULL,NULL,'2021-03-02 11:14:52','2021-03-02 11:14:52',0,NULL),
	(80,79,1,'2021-03-02 13:45:04','2021-03-02 16:29:04','2021-03-02 11:14:52','2021-03-02 16:29:04',0,NULL),
	(81,80,1,NULL,NULL,'2021-03-02 11:14:53','2021-03-02 11:14:53',0,NULL),
	(82,81,1,'2021-03-02 14:45:40','2021-03-02 14:45:52','2021-03-02 11:14:53','2021-03-02 14:45:52',0,NULL),
	(83,82,1,NULL,NULL,'2021-03-02 11:14:54','2021-03-02 11:14:54',0,NULL),
	(84,83,1,NULL,NULL,'2021-03-02 11:14:54','2021-03-02 11:14:54',0,NULL),
	(85,84,1,NULL,NULL,'2021-03-02 11:14:55','2021-03-02 11:14:55',0,NULL),
	(86,85,1,'2021-03-02 12:25:02','2021-03-02 15:50:33','2021-03-02 11:14:55','2021-03-02 15:50:33',0,NULL),
	(87,86,1,'2021-03-02 12:00:38','2021-03-02 15:49:30','2021-03-02 11:14:56','2021-03-02 15:49:30',0,NULL),
	(88,87,1,'2021-03-02 12:14:26','2021-03-02 15:06:55','2021-03-02 11:14:56','2021-03-02 15:06:55',0,NULL),
	(89,88,1,NULL,NULL,'2021-03-02 11:14:57','2021-03-02 11:14:57',0,NULL),
	(90,89,1,NULL,NULL,'2021-03-02 11:14:57','2021-03-02 11:14:57',0,NULL),
	(91,90,1,'2021-03-02 12:27:36','2021-03-02 15:52:52','2021-03-02 11:14:57','2021-03-02 15:52:52',0,NULL),
	(92,91,1,'2021-03-02 12:27:05','2021-03-02 15:52:08','2021-03-02 11:14:58','2021-03-02 15:52:08',0,NULL),
	(93,92,1,'2021-03-02 12:22:07','2021-03-02 14:19:32','2021-03-02 11:14:58','2021-03-02 14:19:32',0,NULL),
	(94,93,1,'2021-03-02 11:59:33','2021-03-02 13:25:08','2021-03-02 11:14:59','2021-03-02 13:25:08',0,NULL),
	(95,94,1,NULL,NULL,'2021-03-02 11:14:59','2021-03-02 11:14:59',0,NULL),
	(96,95,1,'2021-03-02 11:52:49','2021-03-02 16:21:21','2021-03-02 11:15:00','2021-03-02 16:21:21',0,NULL),
	(97,96,1,'2021-03-02 12:33:25','2021-03-02 16:26:43','2021-03-02 11:15:00','2021-03-02 16:26:43',0,NULL),
	(98,97,1,NULL,NULL,'2021-03-02 11:15:01','2021-03-02 11:15:01',0,NULL),
	(99,98,1,NULL,NULL,'2021-03-02 11:15:01','2021-03-02 11:15:01',0,NULL),
	(100,99,1,'2021-03-02 13:24:00','2021-03-02 16:00:00','2021-03-02 11:15:02','2021-03-02 16:41:36',0,NULL),
	(101,100,1,'2021-03-02 11:56:49','2021-03-02 14:17:11','2021-03-02 11:15:02','2021-03-02 14:17:11',0,NULL),
	(102,101,1,NULL,NULL,'2021-03-02 11:15:02','2021-03-02 11:15:02',0,NULL),
	(103,102,1,'2021-03-02 12:46:09','2021-03-02 15:59:24','2021-03-02 11:15:03','2021-03-02 15:59:24',0,NULL),
	(104,103,1,'2021-03-02 12:34:42','2021-03-02 13:49:06','2021-03-02 11:15:03','2021-03-02 13:49:06',0,NULL),
	(105,104,1,NULL,NULL,'2021-03-02 11:15:04','2021-03-02 11:15:04',0,NULL),
	(106,105,1,NULL,NULL,'2021-03-02 11:15:04','2021-03-02 11:15:04',0,NULL),
	(107,106,1,'2021-03-02 12:32:44','2021-03-02 16:19:38','2021-03-02 11:15:05','2021-03-02 16:19:38',0,NULL),
	(108,107,1,NULL,NULL,'2021-03-02 11:15:05','2021-03-02 11:15:05',0,NULL),
	(109,108,1,'2021-03-02 12:44:10','2021-03-02 15:58:10','2021-03-02 11:15:06','2021-03-02 15:58:10',0,NULL),
	(110,109,1,'2021-03-02 16:27:18','2021-03-02 16:27:28','2021-03-02 11:15:06','2021-03-02 16:27:28',0,NULL),
	(111,110,1,NULL,NULL,'2021-03-02 11:15:07','2021-03-02 11:15:07',0,NULL),
	(112,111,1,NULL,NULL,'2021-03-02 11:15:07','2021-03-02 11:15:07',0,NULL),
	(113,112,1,NULL,NULL,'2021-03-02 11:15:08','2021-03-02 11:15:08',0,NULL),
	(114,113,1,NULL,NULL,'2021-03-02 11:15:08','2021-03-02 11:15:08',0,NULL),
	(115,114,1,NULL,NULL,'2021-03-02 11:15:09','2021-03-02 11:15:09',0,NULL),
	(116,115,1,'2021-03-02 12:28:46','2021-03-02 14:44:54','2021-03-02 11:15:09','2021-03-02 14:44:54',0,NULL),
	(117,116,1,'2021-03-02 12:45:59','2021-03-02 16:20:48','2021-03-02 11:15:10','2021-03-02 16:20:48',0,NULL),
	(118,117,1,'2021-03-02 12:45:13','2021-03-02 16:20:34','2021-03-02 11:15:10','2021-03-02 16:20:34',0,NULL),
	(119,118,1,'2021-03-02 11:55:25','2021-03-02 16:28:31','2021-03-02 11:15:10','2021-03-02 16:28:31',0,NULL),
	(120,119,1,NULL,NULL,'2021-03-02 11:15:11','2021-03-02 11:15:11',0,NULL),
	(121,120,1,'2021-03-02 12:40:53','2021-03-02 15:34:19','2021-03-02 11:15:11','2021-03-02 15:34:19',0,NULL),
	(122,121,1,'2021-03-02 12:29:18','2021-03-02 14:44:47','2021-03-02 11:15:12','2021-03-02 14:44:47',0,NULL),
	(123,122,1,NULL,NULL,'2021-03-02 11:15:12','2021-03-02 11:15:12',0,NULL),
	(124,123,1,NULL,NULL,'2021-03-02 11:15:13','2021-03-02 11:15:13',0,NULL),
	(125,124,1,'2021-03-02 12:35:15','2021-03-02 16:20:11','2021-03-02 11:15:13','2021-03-02 16:20:11',0,NULL),
	(126,125,1,'2021-03-02 11:53:30','2021-03-02 13:50:13','2021-03-02 11:15:13','2021-03-02 13:50:13',0,NULL),
	(127,126,1,'2021-03-02 11:54:11','2021-03-02 13:53:11','2021-03-02 11:15:14','2021-03-02 13:53:11',0,NULL),
	(128,127,1,NULL,NULL,'2021-03-02 11:15:14','2021-03-02 11:15:14',0,NULL),
	(129,128,1,'2021-03-02 12:11:05','2021-03-02 15:56:53','2021-03-02 11:15:15','2021-03-02 15:56:53',0,NULL),
	(130,129,1,NULL,NULL,'2021-03-02 11:15:15','2021-03-02 11:15:15',0,NULL),
	(131,130,1,'2021-03-02 13:24:49','2021-03-02 16:24:28','2021-03-02 11:15:16','2021-03-02 16:24:28',0,NULL),
	(132,131,1,NULL,NULL,'2021-03-02 11:15:16','2021-03-02 11:15:16',0,NULL),
	(133,132,1,'2021-03-02 12:41:15','2021-03-02 15:34:16','2021-03-02 11:15:17','2021-03-02 15:34:16',0,NULL),
	(199,198,1,'2021-03-02 11:55:55','2021-03-02 15:02:56','2021-03-02 11:40:29','2021-03-02 15:02:56',0,NULL),
	(200,199,1,'2021-03-02 12:21:45','2021-03-02 15:23:15','2021-03-02 11:40:30','2021-03-02 15:23:15',0,NULL),
	(201,200,1,'2021-03-02 12:28:18','2021-03-02 16:14:45','2021-03-02 12:04:57','2021-03-02 16:14:45',0,NULL),
	(202,201,1,'2021-03-02 16:25:21','2021-03-02 16:25:32','2021-03-02 12:13:23','2021-03-02 16:25:32',0,NULL),
	(203,202,1,'2021-03-02 15:26:12','2021-03-02 15:26:23','2021-03-02 13:06:37','2021-03-02 15:26:23',0,NULL),
	(204,203,1,'2021-03-02 15:19:37','2021-03-02 16:22:00','2021-03-02 15:18:18','2021-03-02 16:22:00',0,NULL),
	(205,205,1,NULL,NULL,'2021-10-14 18:00:57','2021-10-14 18:00:57',0,NULL),
	(206,205,2,'2022-03-02 23:00:00',NULL,'2021-10-15 16:56:18','2022-03-02 22:37:05',0,NULL),
	(207,208,1,NULL,NULL,'2021-10-17 10:29:00','2021-10-17 10:29:00',0,NULL),
	(208,209,1,NULL,NULL,'2021-10-17 10:52:16','2021-10-17 10:52:16',0,NULL),
	(209,210,1,NULL,NULL,'2021-10-17 11:02:33','2021-10-17 11:02:33',0,NULL),
	(210,211,1,NULL,NULL,'2021-10-17 11:53:21','2021-10-17 11:53:21',0,NULL),
	(211,211,2,NULL,NULL,'2021-10-17 13:44:19','2021-10-17 13:44:40',0,NULL),
	(212,212,2,NULL,NULL,'2021-10-20 16:06:34','2021-10-20 16:06:34',0,NULL),
	(213,213,2,NULL,NULL,'2021-10-20 16:06:53','2021-10-20 16:06:53',0,NULL),
	(214,214,2,NULL,NULL,'2021-10-20 16:08:26','2021-10-20 16:43:23',1,'2021-10-20 16:43:23'),
	(215,215,2,NULL,NULL,'2021-10-20 16:10:01','2021-10-20 16:10:01',0,NULL),
	(216,216,2,NULL,NULL,'2021-10-20 16:10:43','2021-10-20 16:10:43',0,NULL),
	(217,217,2,NULL,NULL,'2021-10-20 16:10:53','2021-10-20 16:10:53',0,NULL),
	(218,218,2,NULL,NULL,'2021-10-20 16:14:17','2021-10-20 16:14:17',0,NULL),
	(219,219,2,NULL,NULL,'2021-10-20 16:15:51','2021-10-20 16:15:51',0,NULL),
	(220,220,2,NULL,NULL,'2021-10-20 16:16:49','2021-10-20 16:16:49',0,NULL),
	(221,221,2,NULL,NULL,'2021-10-20 16:17:55','2021-10-20 16:17:55',0,NULL),
	(222,222,2,NULL,NULL,'2021-10-20 16:21:06','2021-10-20 16:21:06',0,NULL),
	(223,223,2,NULL,NULL,'2021-10-20 16:23:27','2021-10-20 16:23:27',0,NULL),
	(224,224,2,NULL,NULL,'2021-10-20 19:21:41','2021-10-20 19:21:41',0,NULL),
	(225,225,2,NULL,NULL,'2022-01-24 22:00:38','2022-01-24 22:00:38',0,NULL),
	(226,226,2,NULL,NULL,'2022-01-24 22:07:43','2022-01-24 22:07:43',0,NULL),
	(227,227,2,NULL,NULL,'2022-02-19 14:23:39','2022-02-19 14:23:39',0,NULL),
	(228,2,3,NULL,NULL,'2022-08-19 11:35:52','2022-08-19 11:35:52',0,NULL),
	(229,3,3,NULL,NULL,'2022-08-19 11:37:01','2022-08-19 11:37:01',0,NULL),
	(230,4,3,NULL,NULL,'2022-08-19 11:45:02','2022-08-19 11:45:02',0,NULL),
	(231,5,3,NULL,NULL,'2022-08-19 11:46:57','2022-08-19 11:46:57',0,NULL),
	(232,6,3,NULL,NULL,'2022-08-19 11:49:21','2022-08-19 11:49:21',0,NULL),
	(233,7,3,NULL,NULL,'2022-08-19 13:21:11','2022-08-19 13:21:11',0,NULL);

/*!40000 ALTER TABLE `reception` ENABLE KEYS */;
UNLOCK TABLES;


# テーブルのダンプ users
# ------------------------------------------------------------

DROP TABLE IF EXISTS `users`;

CREATE TABLE `users` (
  `id` bigint(20) unsigned NOT NULL AUTO_INCREMENT COMMENT 'ユーザーID',
  `is_authority` int(11) NOT NULL COMMENT '権限（１：管理者、２：イベンター、３：出展企業担当、４：ユーザー）',
  `categories_id` bigint(20) unsigned DEFAULT NULL COMMENT 'カテゴリーID',
  `code` varchar(7) COLLATE utf8mb4_unicode_ci NOT NULL DEFAULT '' COMMENT 'ユーザーコード',
  `uuid` varchar(255) COLLATE utf8mb4_unicode_ci NOT NULL DEFAULT '' COMMENT 'UUID',
  `name` varchar(255) COLLATE utf8mb4_unicode_ci NOT NULL DEFAULT '' COMMENT '氏名',
  `email` varchar(255) COLLATE utf8mb4_unicode_ci DEFAULT NULL COMMENT 'メールアドレス',
  `email_verified_at` timestamp NULL DEFAULT NULL COMMENT 'メールアドレス確認',
  `password` varchar(255) COLLATE utf8mb4_unicode_ci NOT NULL DEFAULT '' COMMENT 'パスワード',
  `remember_token` varchar(100) COLLATE utf8mb4_unicode_ci DEFAULT NULL COMMENT 'トークンキー',
  `created_at` timestamp NULL DEFAULT NULL COMMENT '削除日時',
  `updated_at` timestamp NULL DEFAULT NULL COMMENT '更新日時',
  `is_deleted` tinyint(1) NOT NULL DEFAULT '0' COMMENT '削除フラグ',
  `deleted_at` datetime DEFAULT NULL COMMENT '削除日時',
  PRIMARY KEY (`id`),
  UNIQUE KEY `code` (`code`),
  KEY `categories_id` (`categories_id`),
  CONSTRAINT `users_ibfk_1` FOREIGN KEY (`categories_id`) REFERENCES `categories` (`id`)
) ENGINE=InnoDB DEFAULT CHARSET=utf8mb4 COLLATE=utf8mb4_unicode_ci;

LOCK TABLES `users` WRITE;
/*!40000 ALTER TABLE `users` DISABLE KEYS */;

INSERT INTO `users` (`id`, `is_authority`, `categories_id`, `code`, `uuid`, `name`, `email`, `email_verified_at`, `password`, `remember_token`, `created_at`, `updated_at`, `is_deleted`, `deleted_at`)
VALUES
	(1,20,NULL,'SMILE','7e6dfa44-77ce-11eb-bd9d-0242c0a89002','スマイルヴィジョン','server@smilevision.co.jp',NULL,'$2y$10$2N2Wt7iGKichzMasHr7r/.89CWnXISg4MtoS9L.6DlZ0CPvNNBPmS',NULL,'2021-02-28 21:34:41','2021-09-14 10:42:47',0,NULL),
	(2,40,NULL,'TLQ3184','b0a9f2bc-c6eb-4ad0-93c9-00e5c6c3a987','大阪太郎','test002@bitlabo.jp',NULL,'$2y$10$2N2Wt7iGKichzMasHr7r/.89CWnXISg4MtoS9L.6DlZ0CPvNNBPmS',NULL,'2021-02-28 21:47:31','2021-03-01 21:51:34',0,NULL),
	(3,30,NULL,'TSH1264','4d735b15-46e2-4bc0-8217-088873f623ad','株式会社モリエン','saiyou@morien.com',NULL,'$2y$10$2N2Wt7iGKichzMasHr7r/.89CWnXISg4MtoS9L.6DlZ0CPvNNBPmS',NULL,'2021-02-28 21:53:04','2021-02-28 21:53:04',0,NULL),
	(4,30,NULL,'OWE7581','3f8703f8-0832-4198-86ec-927c530841ab','株式会社いづよね','info@yonezou.com',NULL,'$2y$10$NaETsdNNgzZlwaw9lNgd..Spmw1ufHchaSZgVMG5CQ9DCrmcXl4j.',NULL,'2021-03-01 03:23:06','2021-03-01 03:27:09',0,NULL),
	(5,30,NULL,'WFE2019','e4bc254f-6e8e-42d2-a493-a1596eb7330b','株式会社スマイルヴィジョン','info@smilevision.co.jp',NULL,'$2y$10$7Y0Ydl0dkLLkV4Oe.7DBneqnyWObpd3ZjBpUIwuyXtQfAPwv/2tg.',NULL,'2021-03-01 03:28:06','2021-03-01 03:28:06',0,NULL),
	(6,30,NULL,'VTJ1698','4f6a087d-f0b4-404a-8f7f-92f02a79dfe6','三祐木材株式会社','miura@sanyumokuzai.co.jp',NULL,'$2y$10$C4xQWWqHh0ov.AhbqCJaX.Td4fS6vQhxn3O.1n0KyPZU5YJNvuwaS',NULL,'2021-03-01 03:32:29','2021-03-01 03:32:29',0,NULL),
	(7,30,NULL,'OVA5146','762dccbd-50a0-4b77-86ac-e3f02278b66d','有限会社宮崎電工','info@miya-den.sakura.ne.jp',NULL,'$2y$10$KHiNRYtByFE3O61skXDNveZqtk5ET/snF0yNUImR5PRYCM6JeYLZi',NULL,'2021-03-01 03:33:55','2021-03-01 03:33:55',0,NULL),
	(8,30,NULL,'GPU3964','fd87fe19-2e88-4a83-9a43-74a9015ce3b4','株式会社ニッセイ機工','fujimoto@nkw.co.jp',NULL,'$2y$10$uekiF.EkhRefULvbG8GzNOF0E5j762fzm6f4YUGQovIXnsyDinjkS',NULL,'2021-03-01 03:35:45','2021-03-01 03:35:45',0,NULL),
	(9,30,NULL,'OLT3782','8ac32b72-9bfa-49e7-8b48-8dd6922b0ae6','株式会社ミラク','info@miraku-corp.co.jp',NULL,'$2y$10$u34Z6UmPqx7h7gfpdrkjSOPXMxnl.1l/7kkPpmi2xBU.X9g/EISW2',NULL,'2021-03-01 03:37:07','2021-03-01 03:37:07',0,NULL),
	(10,30,NULL,'OCG4837','2a24c374-6e84-42da-ab5b-52fc0a0b8718','株式会社三宅電気工事','seiji_miyake@miyakedenki.co.jp',NULL,'$2y$10$FeX5VhfsSIUZMUJ2wMPy8OQIEkr/GhFHCkE0iFoALbWfhiyDJ1v5C',NULL,'2021-03-01 03:39:09','2021-03-01 03:39:09',0,NULL),
	(11,30,NULL,'FNK0587','543662df-1102-4520-b803-bcdaaa30a6be','株式会社てらす','info@terasu-y.co.jp',NULL,'$2y$10$lYsNNB8BrnJi6/r6LvieZ.wX8u5LVv/9IUOEUi/iINrAQyITSkXIO',NULL,'2021-03-01 03:41:17','2021-03-01 03:41:17',0,NULL),
	(12,30,NULL,'BZQ4258','38b43a37-9d3c-43ee-94bc-54fe443db4c6','株式会社ダイレクト','info@direct-site.com',NULL,'$2y$10$NbpZkOIVPv5KMs1UyLiu6.yQpaOfimmALxhhvQrlZGQyVjRwcWQq2',NULL,'2021-03-01 03:43:31','2021-03-01 03:43:31',0,NULL),
	(13,30,NULL,'CNV2140','39e8919a-e3c1-429e-a884-9089d1e4af91','株式会社大匠','info@daisho.link',NULL,'$2y$10$8Uw/M9C6D7FInD4ZZTkwkOR0AmsnqBNd4dEsUEGFtyEcQ4XisgvYy',NULL,'2021-03-01 03:44:31','2021-03-01 03:44:31',0,NULL),
	(14,30,NULL,'ZKI6879','62eaaf30-d4d3-4e61-89be-44679ae67c6c','淡路麺業株式会社','fujimoto@namapasta.net',NULL,'$2y$10$2IC3WsgQCCEdEQk1Ap6YquwSmRgt.JLCDnWE3jrxjdMvEU/KzHTsa',NULL,'2021-03-01 03:45:26','2021-03-02 02:55:57',0,NULL),
	(15,30,NULL,'OJP8709','b1db8212-21a7-49ac-9aaf-3ed3ccf3d697','株式会社神戸設計ルーム','jinji@kobe-sekkei.com',NULL,'$2y$10$a9wWniR0dGGRMuesxAl5Se4WCAifmFpzEDMD2zllthHffZghe.4f6',NULL,'2021-03-01 03:46:31','2021-03-01 03:46:31',0,NULL),
	(16,30,NULL,'QGZ2603','607ed3b0-0982-4b2c-84c9-b0601849566e','株式会社あっと・はんど','kaigo@at-hand.info',NULL,'$2y$10$ftS/s3H6hfBWcS20rOibge7R17jy2Tt8U5w8k/B.t01e1LGgHZCgu',NULL,'2021-03-01 03:48:36','2021-03-01 03:48:36',0,NULL),
	(17,30,NULL,'NGH0697','277aec34-30f9-40c6-8115-48d8cc94855f','株式会社K＆L Group','klg.kubota@gmail.com',NULL,'$2y$10$xBUROpcoe99Uu9RJvuQ7FeKLqiHnBJvkaMRz8s..jqIKG.vW4y5hC',NULL,'2021-03-01 03:49:52','2021-03-01 03:49:52',0,NULL),
	(18,30,NULL,'GFO2839','e81caaac-dbed-45fd-8e02-1541135e627c','有限会社宏稜不動産','info@kouryou.net',NULL,'$2y$10$TZ2lGvKTVRp0m/Be4.92yumjNiqt/P8klqkeUP.R9f9A4c6BnjGVK',NULL,'2021-03-01 03:51:06','2021-03-01 03:51:06',0,NULL),
	(19,30,NULL,'LCS1648','56d9c3a2-7601-4457-b4fa-13f6bc24fe10','株式会社ナカキ','y-nakahara@ffs-nakaki.co.jp',NULL,'$2y$10$nGZUAf.ncg7zcY1eoOnji.euDD76noMSkpoiFBiE4zjcdnBG4O.3i',NULL,'2021-03-01 03:52:28','2021-03-01 03:52:28',0,NULL),
	(20,30,NULL,'JNT4653','c435918a-9ecb-4a75-8166-63feb0da337c','株式会社ネクストページ','recruit@nxpg.net',NULL,'$2y$10$u2FforwzqjWIgsKODkAD2eDcgGiUlneuYkmJj2RiXHZV9Fv1broAi',NULL,'2021-03-01 03:53:45','2021-03-01 03:53:45',0,NULL),
	(21,30,NULL,'SZE3097','e3105ef4-63ac-4fff-a06f-f1434dff3f21','有限会社まいらいふ','hirayama@k-mylife.com',NULL,'$2y$10$g3lpIWwKV6zih7hMJZ0va.Uf5wQ6cLkfAUC2Y9lBY5vSzA8TPD/AS',NULL,'2021-03-01 03:54:51','2021-03-01 03:54:51',0,NULL),
	(22,30,NULL,'OPE5619','0501162b-6086-447e-96aa-bfff19f4dd47','株式会社DATAKIT','info@datakit.co.jp',NULL,'$2y$10$aPJTLpSHKzbWZzkoKxj9WOOYJEvK6Qvtyr1Ggos6PX01dQGVRnfaC',NULL,'2021-03-01 03:56:06','2021-03-01 03:56:06',0,NULL),
	(23,30,NULL,'OCV4950','583091e0-ad0e-405d-90aa-c696ea71671c','株式会社河野鉄工所','k-iw@k-iw.com',NULL,'$2y$10$QcsWDX2sRz4agaKT27.R0OFCRNJTwlOmE4YMHOjp5b4VC0CKQa4.2',NULL,'2021-03-01 03:59:23','2021-03-01 03:59:23',0,NULL),
	(24,30,NULL,'AQC7843','0335b3c4-36a5-4a60-a612-1e43a0f12fec','Ｅａｒｔｈｉｎｋ株式会社','info@asianlife.co.jp',NULL,'$2y$10$kFtLF89OqkjhwvNk7J4D3Owr9y4hZfL5c/3FkIcpDIJ1Sg68dJXqi',NULL,'2021-03-01 04:01:05','2021-03-01 04:01:05',0,NULL),
	(25,30,NULL,'XYH6034','12ef8d54-a189-4ace-966b-c25a00f132e6','有限会社ニシムラサービス','info@nishimura-s.net',NULL,'$2y$10$oafWPbZvr4tLnlCYdCr5iejTE4/KpkfbBBTHyjl2Vt.r8bP9/MCiy',NULL,'2021-03-01 04:02:09','2021-03-01 04:02:09',0,NULL),
	(26,30,NULL,'JGM5893','6c7de236-b63c-42a1-9886-3869537c9a0b','株式会社be love company','infosan@belove.co.jp',NULL,'$2y$10$gDVGukQj/EQQx/gNmxkBtuL87EjGEjdwp/t5eKOgP8cI2U/37BdGe',NULL,'2021-03-01 04:04:10','2021-03-01 04:04:10',0,NULL),
	(27,30,NULL,'ZRN0936','7b4fcdd5-945a-402f-9e3a-8e999d481478','株式会社ドアズ','info@dis.ne.jp',NULL,'$2y$10$JU4ijf/yiNaS51b.GwporuYL1r7i1AlhszZQJofe.WLgMjK6hOk0.',NULL,'2021-03-01 04:05:36','2021-03-01 04:05:36',0,NULL),
	(28,30,NULL,'RMW0354','88f7d3dd-411a-49da-a019-9d326d737ab5','有限会社トーメー','h.toumei@beito1ban.com',NULL,'$2y$10$xEyqKIn2ooFGpuMfnWUqJeiCgRQOY7DsZ2GIaPBNkGqu.Isi7Il7u',NULL,'2021-03-01 04:06:46','2021-03-01 04:08:57',0,NULL),
	(29,30,NULL,'IHB4806','479bfe6e-9a85-4509-9fe2-21c5861fda49','株式会社東和電機','office@towa-electric.co.jp',NULL,'$2y$10$56JW4SBTYj6tnYOKDsH1/enMu0gS.SGFqG5qEOAp5WtX/h011ZkDm',NULL,'2021-03-01 04:10:00','2021-03-01 04:10:00',0,NULL),
	(30,30,NULL,'ZIW7634','83db9d12-81f8-4b77-babc-9112db6c6c7c','日本ワヰコ株式会社','connrod@wico.jp',NULL,'$2y$10$E.CX0mdSObWnKA0ynzlVHOZ0n1MJEC5kViQxnHKnKXfgm.gMemla2',NULL,'2021-03-01 04:12:17','2021-03-01 04:12:17',0,NULL),
	(31,30,NULL,'YID1948','d1e6d1cc-9e52-4250-b300-b499ff6fc939','有限会社目見田商事','info@himawari-ss.com',NULL,'$2y$10$XyOb3lYlg5O1jUwra69TB.CfgWO.UljXQc5nSRkRjMiQZByEfzTem',NULL,'2021-03-01 04:13:09','2021-03-01 04:13:09',0,NULL),
	(32,30,NULL,'BJF8532','f5e1ef81-0265-4f7f-8d08-2ef2257ddf62','株式会社新興商運','shinko-shoun@gaia.eonet.ne.jp',NULL,'$2y$10$r/GgUfeOjL34ERZR7CQmP.4dzK5tl3pnZgXvnJnm2rv26XzWmSdG6',NULL,'2021-03-01 04:15:00','2021-03-01 04:15:00',0,NULL),
	(33,30,NULL,'NIK0793','692bd940-dae7-44a4-9c52-2c6d0e73ae4c','株式会社安福冷暖','reidan@bea.hi-ho.ne.jp',NULL,'$2y$10$uKA9lSKV/p6CJy4l1KhrM.cLLQAIyz11e/Vh9Dk8m0wF5JIfpoMWq',NULL,'2021-03-01 04:15:54','2021-03-01 04:15:54',0,NULL),
	(34,30,NULL,'BMC9687','cc5b5c39-a3e9-48b8-b6b5-e1d2f2b9809e','株式会社三八商会','sanpachi-saiyo@kk38.co.jp',NULL,'$2y$10$3Vg5vTi1D3PIcrfd.ah4S.DUcA1rYQX/zMDU3Ls2n09epjoBWEYKG',NULL,'2021-03-01 04:16:58','2021-03-01 04:16:58',0,NULL),
	(35,30,NULL,'DYC6327','d73e7666-4192-47b9-9e16-a10a9c007b53','株式会社ミユキット','saiyou@miucuit.jp',NULL,'$2y$10$IGjj3Vu.P9OxLcqTop.SPOmm9c93rahA0mhvA8bhB1GEY4dZnK4NS',NULL,'2021-03-01 04:17:47','2021-03-01 04:17:47',0,NULL),
	(36,30,NULL,'OZP5140','be9f37a6-0bec-430e-a50f-d63a6c5d2f02','株式会社イーエスプランニング','info@esplanning.co.jp',NULL,'$2y$10$8OoHoOnqSVn1CE.2sF4iCes2OXX.xYibKhNrUMbOeCXOPvko3BOvm',NULL,'2021-03-01 04:18:38','2021-03-01 04:18:38',0,NULL),
	(37,30,NULL,'IUQ6709','3a68463a-2821-430a-aee5-61f56cf8bc07','株式会社デジアラホールディングス','recruit@d-a.co.jp',NULL,'$2y$10$1Mp/ZiITmMLkvgUf/QnjrOEw3l86lads42F4.T0I8eukaDjn2dSPW',NULL,'2021-03-01 04:19:35','2021-03-01 04:19:35',0,NULL),
	(38,30,NULL,'YWZ9341','f744828a-2aaa-41b2-a51b-80c5acd33fd5','ジィ・アンド・ジィ株式会社','ggsaiyo@GandG.co.jp',NULL,'$2y$10$3JUnbqPVin2C5gdfkUK2k.Zx83NMXk7V2xG7rh5iiB6IvNco3nSLe',NULL,'2021-03-01 04:20:45','2021-03-01 04:20:45',0,NULL),
	(39,30,NULL,'MXJ9501','bf2c15fa-7957-41b8-90fe-9a08876a4479','株式会社ファシネートジャパン','info@fascinate-japan.co.jp',NULL,'$2y$10$n8XgpDdED6mvZEkVf5qoCe.8mKsVWnPpQhl2Jas0tZuRhxW.JntR2',NULL,'2021-03-01 04:21:36','2021-03-01 04:21:36',0,NULL),
	(40,30,NULL,'WLO8206','71f4d0e7-982d-4329-ba67-34874b1cd298','株式会社マリーコーポレーション','info@niki-ya.sakura.ne.jp',NULL,'$2y$10$oQvPge/yVyAq1E3.ni2V8.6SwAFWvbEJfgVTQ54qEQ89ScYwEb.32',NULL,'2021-03-01 04:22:36','2021-03-01 04:22:36',0,NULL),
	(41,30,NULL,'OJA8762','02077b96-e99e-448b-acf1-f8841e95731a','有限会社黄山金属プレス工業所','takuma@kiyama-mb.jp',NULL,'$2y$10$gC06Yv1uSlQeMZawOAI34eN839UhmZ8bVzuejSjfslbClXau7/83.',NULL,'2021-03-01 04:23:26','2021-03-01 04:23:26',0,NULL),
	(42,30,NULL,'ZBH4569','f6ba0335-27ac-4844-945c-8c58cd867e90','社会福祉法人フロンティア福祉会','inquiry_frontier@frontier-kobe.jp',NULL,'$2y$10$1R9JAsdOSK.Nq5pUyyniReKqjk1D6ZlDRES6VqLtPK1gj1x5VQ7Vm',NULL,'2021-03-01 04:24:22','2021-03-01 04:24:22',0,NULL),
	(43,30,NULL,'TYI7406','af5a344f-a0fd-4acc-8ca4-a189d0446317','株式会社高山商店','info@takayamashoten.co.jp',NULL,'$2y$10$WT0s3JecPFbBg8Ey.gxEUObtB5iie6OLcIuY5vFPOpAeUzchKahxK',NULL,'2021-03-01 04:25:14','2021-03-01 04:25:14',0,NULL),
	(44,40,NULL,'AIJ5831','b96148cf-13a0-4500-9846-2e1a50b6a44b','沼田 裕紀子','yukiko.numata.189@gmail.com',NULL,'$2y$10$/ggDLEkubOH95d3em51E8OTfyhaHT2US0qZYOvevqutgk6FCw0iiy',NULL,'2021-03-02 02:11:58','2021-03-02 02:11:58',0,NULL),
	(45,40,NULL,'JCM4582','954cb250-4fe4-4d36-9ca0-b0d99d8639f8','徳岡 奏美','tokuoka0416@icloud.com',NULL,'$2y$10$41SPpsyKT4AclI2g/I2l7.rO2FNhGwdgo61oPMjZ6nQ7pNdN/zjpK',NULL,'2021-03-02 02:11:58','2021-03-02 02:11:58',0,NULL),
	(46,40,NULL,'UQY0587','08addbec-5f4a-4bad-9a4e-2e12d33e6e1e','佐山真雅','zw18112a@otemae.ac.jp',NULL,'$2y$10$Qvi7t7QJOb.jp6i6fOx6weyrewg0r9V.U2OgytkJ86ZaQPx8waHzC',NULL,'2021-03-02 02:11:58','2021-03-02 02:11:58',0,NULL),
	(47,40,NULL,'ZCV2546','bbd3febb-074e-4925-ba93-442fe9b04ef0','村上真梨子','mario21200@gmail.com',NULL,'$2y$10$YkDawZyhzfdwqaVSZYRzA.uexKmho.M/Ztt0CnZwQ0ZKanMfastQS',NULL,'2021-03-02 02:11:59','2022-03-02 13:40:25',0,NULL),
	(48,40,NULL,'JVC7458','1bac65fc-8ce7-4758-a951-990d4cc5e46b','山口　健太','yanki_dori@icloud.com',NULL,'$2y$10$ykz1oCvEgKY9FljHiDA7o.LC.d0eufj6ohl6/pp1hJEJCkkT6a73e',NULL,'2021-03-02 02:11:59','2021-03-02 02:11:59',0,NULL),
	(49,40,NULL,'BXL6750','3aa33754-ce09-488c-8dd2-4276d233536a','石崎翔大','saki1430@icloud.con',NULL,'$2y$10$iw.FHpeBPENve4ve4xSzP.OVv1CRpWNfiJrygVPbWMgpyoSz9T2H6',NULL,'2021-03-02 02:12:00','2021-03-02 02:12:00',0,NULL),
	(50,40,NULL,'RJH4189','ebde6a57-465a-418e-8887-0d2d8f2e73eb','能津 帆乃花','a1418036@kuins.ac.jp',NULL,'$2y$10$57RBTYBKnVZFSgokj/VVWex5kyiKw/aZcxu6Nw.ZvUCkeVYNBsBeW',NULL,'2021-03-02 02:12:00','2021-03-02 02:12:00',0,NULL),
	(51,40,NULL,'CXE2850','c7a7cd92-7d8a-4f10-ac76-ba999a484296','武内仁志','takeuchi0125@icloud.com',NULL,'$2y$10$43X9PNIMqY0DK7xSlojo9.RG2nqHenT3o9BDRzJ2QVU3U9BfqHexO',NULL,'2021-03-02 02:12:01','2021-03-02 02:12:01',0,NULL),
	(52,40,NULL,'WJT6472','1363f2a8-ec29-47d1-8fec-a1dc42d3c28b','森重　雄大','lttpu246@s.kobegakuin.ac.jp',NULL,'$2y$10$WdpRJBcBP1Ylo1L8OzWZAuj/zEkfvv8eM5XDFYjNSKVIThDlyO8iS',NULL,'2021-03-02 02:12:01','2021-03-02 02:12:01',0,NULL),
	(53,40,NULL,'LWA2854','0310a1a9-fc89-45e0-a203-f7080e136b38','山根直也','ht18a106@oecu.jp',NULL,'$2y$10$tFtbVhrb4FQ1o6o5oBjCWuXSLDasQhr4nbdt/slHtN6N1PDXPDG0y',NULL,'2021-03-02 02:12:02','2021-03-02 02:12:02',0,NULL),
	(54,40,NULL,'HTB7632','0828b6d0-827c-4650-95ce-b958cd95f99b','増田綾乃','maho_120227@yahoo.co.jp',NULL,'$2y$10$ezgzRkfyLgPQ9XRmBCN1yuqTwydErlQ5krVp6t2byllmd9vJqXCby',NULL,'2021-03-02 02:12:02','2021-03-02 02:12:02',0,NULL),
	(55,40,NULL,'EXK0841','8cc0b090-790f-45dd-8e43-d8dcd7692ea2','木寅尚','ktrsama.313@gmail.com',NULL,'$2y$10$HXgZ4ni.JSH.bupEoY5.yeXuqRwlqiVYgeDTN0yV7nYo.OaDQfQOu',NULL,'2021-03-02 02:12:03','2021-03-02 02:12:03',0,NULL),
	(56,40,NULL,'VSQ5349','67ef614f-51eb-43f5-ba29-e9b588170a21','谷口 萌','ssttm135@s.kobegakuin.ac.jp',NULL,'$2y$10$h.MOcdgpM8TKfQcUWYLOnObRzcQHXrW4MNGjwW63r59s9K54GiLqe',NULL,'2021-03-02 02:12:03','2021-03-02 02:12:03',0,NULL),
	(57,40,NULL,'ZGP5476','807ab59a-49f4-41ba-87d6-95315bed706b','松本 昂士','g1843690@cc.kyoto-su.ac.jp',NULL,'$2y$10$tnrdgt/w6v1QmdkaZ776l.swG4g/EVdK2gxRPzxSNSEl6pRQcRREu',NULL,'2021-03-02 02:12:04','2021-03-02 02:12:04',0,NULL),
	(58,40,NULL,'TBY3918','6854a159-9fd7-4b5c-9fbb-162fa60f97be','黒岩華','nissyyy2424@gmail.com',NULL,'$2y$10$oV2AbRwbA9TV0KgBTKhoVuUU4AfaF2cC3XuX/VtiCNmlKxLiPhHFm',NULL,'2021-03-02 02:12:04','2021-03-02 02:12:04',0,NULL),
	(59,40,NULL,'JCP4273','6e22ea14-a2eb-4b38-a1eb-d36472bf84b1','玉利 彩夏','kd1289928@st.kobedenshi.ac.jp',NULL,'$2y$10$nw38eYaSuGFb9dSI8bcxj.yBKpuQCoJkzF4pHFvyrZfpVSNRvmGxy',NULL,'2021-03-02 02:12:04','2021-03-02 02:12:04',0,NULL),
	(60,40,NULL,'XWH3285','ae53c264-1165-4a58-b706-e3a4c81080ce','太田　開斗','s18z006ok@ous.jp',NULL,'$2y$10$Fur/zlOHo4.twPTTRO.pz.Q1zTwi07DgIDPZUqjMGzOZ46cIEziZq',NULL,'2021-03-02 02:12:05','2021-03-02 02:12:05',0,NULL),
	(61,40,NULL,'PFN4065','757b7d68-cc46-4c84-a0fc-a833819084d6','秋田航希','bissya7pqrs@gmail.com',NULL,'$2y$10$FQpDkHZXshuSE7JJgfhB3O8EZYZ3285cyrNSL.r1OM15SZgCiFrgO',NULL,'2021-03-02 02:12:05','2021-03-02 02:12:05',0,NULL),
	(62,40,NULL,'AZP3298','2600f4d4-883a-4534-a319-dd573e73e56a','芦田智哉','clear2019fina@gmail.com',NULL,'$2y$10$Gvac262DgB8DAQM5ZqV0me8NI2wxedLuS8cM3sShuJi2C24FqoG5y',NULL,'2021-03-02 02:12:06','2021-03-02 02:12:06',0,NULL),
	(63,40,NULL,'JDN5437','a2d75a20-2fa6-45ad-815a-1bd6ef5baf46','八村大稀','taiki.12125@icloud.com',NULL,'$2y$10$GF5pQGzv09fxLt8p8DCvpOKGPXHChceb6VIuBiFf8oy8xbwZDRK5G',NULL,'2021-03-02 02:12:06','2021-03-02 02:12:06',0,NULL),
	(64,40,NULL,'CLH5260','d42e9240-feaf-4eb5-807a-0a2a04cd8ea8','工藤　海翔','m7f8cb7fd7jcm@softbank.ne.jp',NULL,'$2y$10$Q9/3yHwtHmWAysAibBCA1.LmTBTDagC2JNGKdXAmb.oxdzWihrIoi',NULL,'2021-03-02 02:12:07','2021-03-02 02:12:07',0,NULL),
	(65,40,NULL,'ILT3120','0556aa7b-f7e7-470e-8abb-4a997d11a78b','楠瀬拓磨','takuma1213k@icloud.com',NULL,'$2y$10$EVvMhG9pcWGDEH3zQxk14ePlrFT/6v3mZaIR0aQ/TvRfzpsUfdbni',NULL,'2021-03-02 02:12:07','2021-03-02 02:12:07',0,NULL),
	(66,40,NULL,'FNJ4278','0b75c6fd-d663-44b4-b71d-0f2de4155090','原 悠馬','hayu.1207.spark@gmail.com',NULL,'$2y$10$mLRV7wK8KLadyYVfQN8JOO3CRmAIfAPsStF0VsTjNdg.oqufV8ERq',NULL,'2021-03-02 02:12:08','2021-03-02 02:12:08',0,NULL),
	(67,40,NULL,'FNE2738','b2f5ac06-d456-478c-90f5-82dcd5768145','野亀誠斗','makoto33181811@icloud.com',NULL,'$2y$10$InsV.nF8nrSmUpNg1dhUguiTfQRl8vOrlzBXwE5X/9VmO/7oHBleK',NULL,'2021-03-02 02:12:08','2021-03-02 02:12:08',0,NULL),
	(68,40,NULL,'HMS4831','f469046b-70fb-479e-875c-e744c5ebdea7','執行 茜','a1318034@kobe-yamate.ac.jp',NULL,'$2y$10$PORiFZzeeuu8uaWvM96GFuahEDxfc/.o/kinGlrj/mcmL6celrW2G',NULL,'2021-03-02 02:12:09','2021-03-02 02:12:09',0,NULL),
	(69,40,NULL,'UOB6805','5f43dd73-3c83-48b2-8333-61d0f3ab1df5','松本朱里','s1891035@s.konan-u.ac.jp',NULL,'$2y$10$mpr6ZPsrZATmp8f/HUHRZ.5AmqKBvWnaELbNrGOWTy4ZlsBnQsyjq',NULL,'2021-03-02 02:12:09','2021-03-02 02:12:09',0,NULL),
	(70,40,NULL,'OSQ0271','7f7cb54c-a1a8-4bb0-89ac-3ed37cc7ffa4','坂口優','1823302@mwu.jp',NULL,'$2y$10$bWcjuPXfKp8gY74aKMT7pO.dstTBHS0r.NBa1EVXy6XGCOkYhOIVG',NULL,'2021-03-02 02:12:09','2021-03-02 02:12:09',0,NULL),
	(71,40,NULL,'PFN8964','12fb586c-eb9b-4dcf-bfa2-a281d7980d96','田中花林','karin-0227@i.softbank.jp',NULL,'$2y$10$skyzGqrmwOP.TtYm5tuTAed..tm.db0.LKP24ewchJqRDg/GhFbGq',NULL,'2021-03-02 02:12:10','2021-03-02 02:12:10',0,NULL),
	(72,40,NULL,'AMQ1329','5b5a3f8a-0d2b-478b-aa79-ad8eff90031f','海渕　夢大','uchi_saikyu@yahoo.co.jp',NULL,'$2y$10$ZyzywA1u5r2fZBKxSc8FK.xJWybafpzBgrV6kMi4pjSRqDV3bNU8a',NULL,'2021-03-02 02:12:10','2021-03-02 02:12:10',0,NULL),
	(73,40,NULL,'JMG1859','b09d8576-acf7-48b6-bf64-799daf2cbb57','山田大貴','taiki-baseball-1219@docomo.ne.jp',NULL,'$2y$10$pktlnifkS3.ccoeOIRlFaOW9Tu57jm9XmfC2elAIE9ASbiGCLcnnK',NULL,'2021-03-02 02:12:11','2021-03-02 02:12:11',0,NULL),
	(74,40,NULL,'FVU0346','4c8ae231-91c5-4c94-a69a-c9648fa5d394','島田　梨花','rinka486978@gmail.com',NULL,'$2y$10$HURNggCcRl2iA8Sop1D4PuWBZ7gwf1O9iW3vGnK9QjYcM7O.D8VvW',NULL,'2021-03-02 02:12:11','2021-03-02 02:12:11',0,NULL),
	(75,40,NULL,'UXE8041','e9101c5a-f631-40f9-9278-6007436e5d9b','駒谷 渚乃','181180274d@kindai.ac.jp',NULL,'$2y$10$O9Pky1cIps3WxqqTIPvaHeb0Kzlagiy6ihV7R2CbVXLKKps4NTMEu',NULL,'2021-03-02 02:12:12','2021-03-02 02:12:12',0,NULL),
	(76,40,NULL,'AMO9342','c7d24247-4027-4944-8606-e6654bba713f','上村　明日夏','a1318024@kuins.ac.jp',NULL,'$2y$10$dJrmhIesNQaW6fyVZjh4OueZJ4ukspwdqKBt0zqjusRW2PI8Bqm5S',NULL,'2021-03-02 02:12:12','2021-03-02 02:12:12',0,NULL),
	(77,40,NULL,'GLK8594','0ed749aa-e529-4766-873b-6906fdba96b5','黒木　雄司','2secicpo@gmail.com',NULL,'$2y$10$3cs2LHInhBzCSl0RJ5smKu2b6S5LcInQd18WA4ZBJtwRaFax.agtG',NULL,'2021-03-02 02:12:13','2021-03-02 02:12:13',0,NULL),
	(78,40,NULL,'HZJ9268','bb0ec2a5-6ab3-4420-a72c-30cd22392f40','高見麗奈','1814257@mwu.jp',NULL,'$2y$10$wZVzLzAM5k.C3mUI7hrhyOqhosInABoSiLZCXpzgu0amwqwPDjkLG',NULL,'2021-03-02 02:12:13','2021-03-02 02:12:13',0,NULL),
	(79,40,NULL,'RWS3547','e20f1791-74fe-4ed5-919c-db82003782dc','寺田 駿哉','skt.shunya2022@gmail.com',NULL,'$2y$10$Nw3c18AjnrI9MWfUkJuBFuwd9jzOWPDdEkVlsWcmeC4ww/URucqx.',NULL,'2021-03-02 02:12:14','2021-03-02 02:12:14',0,NULL),
	(80,40,NULL,'MIK5397','8f1ab73c-1994-4315-88ff-1dc99de947ef','中山　優奈','yuna-n.oct05@ezweb.ne.jp',NULL,'$2y$10$NtF2uYr/h8DvGg/kOfwI..TDZUz43jwi9xXz50JoVd/hfleHSlU2.',NULL,'2021-03-02 02:12:14','2021-03-02 02:12:14',0,NULL),
	(81,40,NULL,'OFR3981','386cc6cc-e753-4cf4-9ecc-753a509403a6','増田綾乃','18v0065@kobe-du.ac.jp',NULL,'$2y$10$kJEqoyltThbXEi6qfieUb.DlbrQrnb9d7m4j1FYOML4ZRSQFQFDIO',NULL,'2021-03-02 02:12:15','2021-03-02 02:12:15',0,NULL),
	(82,40,NULL,'QLO4893','49ce2eb2-2ab2-4286-8c7f-f4b4c7ff0f3e','黒木　愛彩','k.ayakkuma1018@gmail.com',NULL,'$2y$10$fwwCydY14NBNRRQIw3H8L.ssgVKRiboIWe/I8MCwFRDkpIl7m9ixO',NULL,'2021-03-02 02:12:15','2021-03-02 02:12:15',0,NULL),
	(83,40,NULL,'SAL0693','feb5ad46-c3f9-4791-a8a8-1cdef876061c','大橋梨沙','zw18041t@otemae.ac.jp',NULL,'$2y$10$CtlzigKtaFJm0xJLgVxAbOtcqclhDbQXAw9kBmP3U9BPK5XI86JYG',NULL,'2021-03-02 02:12:16','2021-03-02 02:12:16',0,NULL),
	(84,40,NULL,'PHZ0847','039bb49a-7ad8-4bfd-b0d5-bcce956db092','武岡奈々','1807943@mwu.jp',NULL,'$2y$10$M6wkBYdC/KLGrVfeq03pCeietQPaz9/b2SsUWpm0vA5uH91fZHoHS',NULL,'2021-03-02 02:12:16','2021-03-02 02:12:16',0,NULL),
	(85,40,NULL,'XWD0187','4b332d97-7429-4a4f-ac23-b3bb5ed74193','木村　朝陽','s1881509@s.konan-u.ac.jp',NULL,'$2y$10$zd9WsFjQEiA3gHTvBW0PLuQoc6namgaDX.dGzC31Jv6rW90gykJWi',NULL,'2021-03-02 02:12:16','2021-03-02 02:12:16',0,NULL),
	(86,40,NULL,'ZBD8612','e1d83c8a-540e-48b5-8021-fab4a83a0db1','鎌谷佳輝','kamatyosu76@icloud.com',NULL,'$2y$10$rszFHX4bEj1VNj2E3tQYze1CZENMvUy2.44F3xFWgxQBK3D3FiQMG',NULL,'2021-03-02 02:12:17','2021-03-02 02:12:17',0,NULL),
	(87,40,NULL,'NFV3296','8ff11eb2-6ffe-405d-8379-88a46a595cef','中村穂花','1808842@mwu.jp',NULL,'$2y$10$JVawABv9bt./Rk2.Z6Lpf.9MFTmdmWil7OABiafhOsYSfB56aST9G',NULL,'2021-03-02 02:12:17','2021-03-02 02:12:17',0,NULL),
	(88,40,NULL,'JGQ8791','50ff47e6-faa3-41a7-8fe2-203aefb3506d','泉海俊弥泉海','01231048izmi@gmail.com',NULL,'$2y$10$/ufwcl2gmS7r7ke1TgCXH.tW0koQVOnVbQiHYkW8U/knS6mOGBG5S',NULL,'2021-03-02 02:12:18','2021-03-02 02:12:18',0,NULL),
	(89,40,NULL,'VGS4187','9b7e039a-3188-43e7-9d16-6c704e1f8bfd','西野　昌汰','baske520@icloud.com',NULL,'$2y$10$sVTeMuixsON2rS3bmbySXevX.reakCkGXIg2I/0GJmRkPU1JVoPcm',NULL,'2021-03-02 02:12:18','2021-03-02 02:12:18',0,NULL),
	(90,40,NULL,'DGE8541','6edfbe0c-1be4-4371-9124-cb4a10353981','礒川　航希','koki.i7000@icloud.com',NULL,'$2y$10$naTXEtSDL3TUBgfkJt8ZnOm1Kju4C9tA60mQnvWDVjFP3nNYsky5S',NULL,'2021-03-02 02:12:19','2021-03-02 02:12:19',0,NULL),
	(91,40,NULL,'HYN1953','17bb7cf7-348a-4ac6-91df-b9cdcd8b7f29','久保輝和','ketuboon@icloud.com',NULL,'$2y$10$URiL2Rjke9yVjSbTjYqy8uOjV0W0CjMT8Un7JAw/fAGvD5tV49ORC',NULL,'2021-03-02 02:12:19','2021-03-02 02:12:19',0,NULL),
	(92,40,NULL,'XVW3604','a0453e57-b2d7-4027-812c-5534d4467baa','水上紗佑里','sayuriii.063@gmail.com',NULL,'$2y$10$DQEr/L2wI2Sw6oOjW/F8Jeq.B4Tu/zBGSghi0s4Wyu3qmDhbbq0V.',NULL,'2021-03-02 02:12:20','2021-03-02 02:12:20',0,NULL),
	(93,40,NULL,'JEP7043','d18523ac-543d-4e7a-b2b0-8bb0fc2931c5','泉海俊弥','01231048izmi@gmail.com',NULL,'$2y$10$7WRaKN4kiamN7xhRV7ZU6OzjVOwwCehIzSEnvnyhPn.3ONksLs/cG',NULL,'2021-03-02 02:12:20','2021-03-02 02:12:20',0,NULL),
	(94,40,NULL,'CVY4690','67c80092-4b62-49d9-870c-4a1c58223aad','宮北恵果','miyakita_3318238@red.umds.ac.jp',NULL,'$2y$10$/DOUdPyxJzBm4i8y1G5UiOMGz7w4nU3TAMx7TxqzH3L.jtnTN0VUG',NULL,'2021-03-02 02:12:21','2021-03-02 02:12:21',0,NULL),
	(95,40,NULL,'NOT9716','1816ae29-cd27-4c0e-9622-f787625a2cd0','富永彩瑛','tominaga.sae783@gmail.com',NULL,'$2y$10$M1Q7cyoZSyJ.KckwuNXlr.CT3Tx9x5oKGqsFaWUSJ6kyJRMuJY7DS',NULL,'2021-03-02 02:12:21','2021-03-02 02:12:21',0,NULL),
	(96,40,NULL,'ONU2510','037799ad-f1bd-452a-b862-c59aa3028f2e','神谷　日向子','futurediver00@gmail.com',NULL,'$2y$10$t3D/g6rXYV42Kl/Ht8iI9urfV.OQbkBoilRTV8aLFNT6bEH4X17Dm',NULL,'2021-03-02 02:12:22','2021-03-02 02:12:22',0,NULL),
	(97,40,NULL,'GYF6597','09c88bb0-1c5e-4cd0-b6b1-181d15b4d27e','岩蕗　優作','s1831049@s.konan-u.ac.jp',NULL,'$2y$10$w1YnS6Dlt246yrcjPaSQEue7IR/kSLXxL7ynb4zUR03HoNMnsHrRG',NULL,'2021-03-02 02:12:22','2021-03-02 02:12:22',0,NULL),
	(98,40,NULL,'JGO2593','1357cf30-d5c6-432c-a2bc-6c79bf38eaf2','志垣 怜','lianzhiyuan91@gmail.com',NULL,'$2y$10$isaf7dm98rc2wksijBPhK.7csTOp0IjSWnbDi2XSH.WKg2bylb.Dy',NULL,'2021-03-02 02:12:23','2021-03-02 02:12:23',0,NULL),
	(99,40,NULL,'QSO9457','b6c9380a-bcfb-4bfd-9d56-f8d22b7de3e3','賀本 奈々','nana.smile.0224@icloud.com',NULL,'$2y$10$YwQyFxo4GDTT7WHt1EJ5g.LeD7r3xjH98nZp/9m4L6iQl.ZPOB.MK',NULL,'2021-03-02 02:12:23','2021-03-02 02:12:23',0,NULL),
	(100,40,NULL,'VNA7598','3533eef8-1cf2-4873-a78f-32c3c9dae2e3','是石　はるか','zb18068n@otemae.ac.jp',NULL,'$2y$10$eeAFZOpPDwFxtU1xzCJEPOQbnpK4ItpnQqa1ToN1Y49dt7mGSolTq',NULL,'2021-03-02 02:12:24','2021-03-02 02:12:24',0,NULL),
	(101,40,NULL,'ARS1852','47910f67-0673-4801-a28b-803d3f46cd70','飯尾　将吾','syogo-srddk1013@ezweb.ne.jp',NULL,'$2y$10$lOV3YUldm.DzsCs04MGI6.6JLKmW9Y4DuBem8ln6eur7Fz12bozcK',NULL,'2021-03-02 02:12:24','2021-03-02 02:12:24',0,NULL),
	(102,40,NULL,'YOQ5380','25e54928-2be3-4b94-b413-f9174c84359f','石田篤弥','atsuya1999618@icloud.com',NULL,'$2y$10$j4Xq4X.kVcHa5EPPf3j7U.0RhtuZaNY/vDWo/i.p.Puq0GG/6dL4m',NULL,'2021-03-02 02:12:25','2021-03-02 02:12:25',0,NULL),
	(103,40,NULL,'YLK7589','ba7133e5-a832-41d9-a253-03d44b901416','千秋　麟','r3i7n_tkrzk.f@docomo.ne.jp',NULL,'$2y$10$IWG02k1PoUvkWLRHVvqQeuPyrYUYo4Aix10Qi5Nqrn7X3fgvFllRa',NULL,'2021-03-02 02:12:25','2021-03-02 02:12:25',0,NULL),
	(104,40,NULL,'GCL0374','66bf24e3-04d4-4b73-9918-c4cb2f9859e4','沼津奈々','nana-piko-0916@docomo.ne.jp',NULL,'$2y$10$GJZmOH1KUQq.DdQpI8MY1u.YhogfMdrIMOCVuRN2CEZFqCO60YTLa',NULL,'2021-03-02 02:12:26','2021-03-02 02:12:26',0,NULL),
	(105,40,NULL,'MET0324','8df3ad81-18d4-4146-8bd7-722d729db076','植村梨花子','postive.mr1197@gmail.com',NULL,'$2y$10$NgVFn7WLUU/vb/qWeBHQ0eovQMZsLA02YFUaXbBfjCh9WqW8/FYBm',NULL,'2021-03-02 02:12:26','2021-03-02 02:12:26',0,NULL),
	(106,40,NULL,'XBO4623','14753181-1367-4607-a77d-bc4e7d52c664','岡田 菜緒','u.know.1173@gmail.com',NULL,'$2y$10$NKQ8HgAGcz1frxs7yhMv0O/Y54EgtoWuG/o5Eh7XLaQUeIQWdc56G',NULL,'2021-03-02 02:12:27','2021-03-02 02:12:27',0,NULL),
	(107,40,NULL,'QOF5619','39524823-30e5-4cc7-8622-bb39abbce904','在原圭佑','ariharaytmk@icloud.com',NULL,'$2y$10$v9d8BMyby0NON0NKFvwIbOF0c5DaskOYvHhrcOl9DstvfdEmfUTVS',NULL,'2021-03-02 02:12:27','2021-03-02 02:12:27',0,NULL),
	(108,40,NULL,'CAM8561','adddfabc-660a-40fd-8219-d69b575a70da','柏野喜郁','s2820021dc@shujitsu.ac.jp',NULL,'$2y$10$NZpRfXt0sW7u6e8LInW9A.71vhEhtzBvHbmpVHnMD1zoVId4CqGCq',NULL,'2021-03-02 02:12:28','2021-03-02 02:12:28',0,NULL),
	(109,40,NULL,'OLU5184','a0e657ea-176b-468d-9b48-03a6d98156d0','赤尾祐紀','sumile.0325@docomo.ne.jp',NULL,'$2y$10$8evBIlPfv0mlvS/VMCMgFuLakEoFBAl7XvUom5fQrDXlm1SnayG3W',NULL,'2021-03-02 02:14:47','2021-03-02 02:14:47',0,NULL),
	(110,40,NULL,'SUL4016','94d201d8-ffbb-4bc5-95d2-074a74b2a0eb','執行 茜','akane0351@gmail.com',NULL,'$2y$10$BJ9UDn0xL0w/50.fuuNqLO0kI04A7HtMgoDoaK5GUIB5Vq/Aqxmbu',NULL,'2021-03-02 02:14:47','2021-03-02 02:14:47',0,NULL),
	(111,40,NULL,'OLG4185','765b0fc2-cc04-44de-9b71-5742578d691c','松本智恵','chie-baton1214@docomo.ne.jp',NULL,'$2y$10$/7.EpRlmAPtEln4c2KZDHOPqZwgB1LyHD6xK2UIIhpOltAewa7Ida',NULL,'2021-03-02 02:14:48','2021-03-02 02:14:48',0,NULL),
	(112,40,NULL,'ZHV2765','85ace3d9-1307-4982-a609-21f9b50ac89c','浦　拓郎','dmtpu004@outlook.jp',NULL,'$2y$10$JaV5x8WbGtStdaoHQCwpA.vNOK/.4jDHPt7NaGkpR4o6RbFEB.xzC',NULL,'2021-03-02 02:14:48','2021-03-02 02:14:48',0,NULL),
	(113,40,NULL,'BWM6893','9795c252-1c3c-411f-93bd-8d8ae5dacb14','木島 慧子','stk.ksm0730@icloud.com',NULL,'$2y$10$P9JkxJY0kuKBdJ0TsqSIhuqZkOBbLR8ae.vHmDuTpVjtxIk1QjLUu',NULL,'2021-03-02 02:14:49','2021-03-02 02:14:49',0,NULL),
	(114,40,NULL,'WNQ8560','9424fd47-207e-48cd-ab94-a91c8e60f660','成田萌恵','2000512@mwu.jp',NULL,'$2y$10$g4Be9jEHeoDEvUXsZN1kx.nVqvgyQfoUfumT.mV6x.AXGGi8pvUWK',NULL,'2021-03-02 02:14:49','2021-03-02 02:14:49',0,NULL),
	(115,40,NULL,'UAT7540','ee3d18f6-b2de-4fb2-b86a-fe47751d34d1','山下 将嵩','zw18246m@otemae.ac.jp',NULL,'$2y$10$i39GJm7jzWwhujjQ8SHZbO8d0sw6FpB2W8bk0pQ5SGLpFxuL1ja7q',NULL,'2021-03-02 02:14:50','2021-03-02 02:14:50',0,NULL),
	(116,40,NULL,'UTS0387','394af333-7768-4615-9d3f-0b0f6c347b85','小林 愛海','xiaolinaihai1011@gmail.com',NULL,'$2y$10$xB2/ke/uMWRrT5ChUxcCYuaBQD5si9pZwsR19n93jpKRZU0YOPamC',NULL,'2021-03-02 02:14:50','2021-03-02 02:14:50',0,NULL),
	(117,40,NULL,'FHA3951','5f09f41a-8ff9-4876-b014-e7534484adfe','畑　翔一朗','johnsnow27@icloud.com',NULL,'$2y$10$SQDE7ENOXMjQpTdyjR/d6.IL.jScktVJ7jDo0OhFr5hQg6xN3SZ4m',NULL,'2021-03-02 02:14:51','2021-03-02 02:14:51',0,NULL),
	(118,40,NULL,'MEK2567','17a050ac-0408-4715-a8ae-073e47745199','小林 愛海','s1841145@s.konan-u.ac.jp',NULL,'$2y$10$kS2secr0MENFbeTGX2g4hOr.fuW0OHY3hHt013fDSVlwsIko3vFAi',NULL,'2021-03-02 02:14:51','2021-03-02 02:14:51',0,NULL),
	(119,40,NULL,'JAN6453','feb0b1b1-cec8-40ff-b95d-da007e4c6cac','中野克海','nmrnk311@icloud.com',NULL,'$2y$10$iC9bvS9faKgO35OwENygoOxaRrLXE3pOau7WPxNOsmPpk1XbG7kmm',NULL,'2021-03-02 02:14:52','2021-03-02 02:14:52',0,NULL),
	(120,40,NULL,'TBD0548','f93b1253-0651-413e-8bd1-32cae1d49750','森重　雄大','lttpu246@s.kobegakuin.ac.jp',NULL,'$2y$10$XdzDSolaWmBr2rFoq1fs3ujhantLi7M5pJQL75CssfsHDPFVhWsaW',NULL,'2021-03-02 02:14:52','2021-03-02 02:14:52',0,NULL),
	(121,40,NULL,'OPC4790','bd84cb40-0a30-44d2-8d24-3709a56bd30f','上田樹','ueda1017conan@docomo.ne.jp',NULL,'$2y$10$Sz6PfBDrwvjVNEAnuepTxellzIE4SCrcHckML2vEXUFTs2LrcyC..',NULL,'2021-03-02 02:14:52','2021-03-02 02:14:52',0,NULL),
	(122,40,NULL,'ION4068','32985e23-6959-44fb-985c-a4f31ae73e98','島川 櫻子','saaa_soos.ars@au.com',NULL,'$2y$10$xxJP.73aynSqGQCmYy4nAO9Z/Fa5TiRvcXpqWFSBZAWF4PVZFskaS',NULL,'2021-03-02 02:14:53','2021-03-02 02:14:53',0,NULL),
	(123,40,NULL,'FMC3246','66c35b6a-0e57-4280-a2f2-414218fd650f','松浪藍子','zb18154j@otemae.ac.jp',NULL,'$2y$10$KCVw47sKVoVf06dhaweoWeYjcIRU.aIwTRAmAi2VAR3o8IVPwoZA6',NULL,'2021-03-02 02:14:53','2021-03-02 02:14:53',0,NULL),
	(124,40,NULL,'GRA5864','c5d5d4f6-77ae-449c-9062-9c1c7e4fad1d','鬼城　遼','0.6.1.9.r.y.o.o.2@gmail.com',NULL,'$2y$10$qQAjDwA5BSphA.UrUZObuubvEymeosbyZTdEYYUhFU/x5AEMOPwra',NULL,'2021-03-02 02:14:54','2021-03-02 02:14:54',0,NULL),
	(125,40,NULL,'OSK7368','25984d3e-0851-47e3-b46f-623d4445ef6a','村岡　花菜','87love1d@gmail.com',NULL,'$2y$10$6CcpoR57bcwSDSSE0908Cuij2X/SNTk/UILFz885bqxt9ToxzlmbS',NULL,'2021-03-02 02:14:54','2021-03-02 02:14:54',0,NULL),
	(126,40,NULL,'TDI0573','e63d6c94-5619-405c-bf02-e1432188d004','田中 花林','a1318042@kuins.ac.jp',NULL,'$2y$10$JIFcvopUu4qa7jcarqUg0u5KimpR7dIeegl87QD3esxdNXah4b2TK',NULL,'2021-03-02 02:14:55','2021-03-02 02:14:55',0,NULL),
	(127,40,NULL,'ZAI1835','a810dd34-3144-4a52-924c-27838185c074','古川　瑞稀','fyinananana@gmail.com',NULL,'$2y$10$XO7hv0Z.YOTzX7CgZhQTaulbQmrGue.i8i9d4w5RKd0iUscqQuI7G',NULL,'2021-03-02 02:14:55','2021-03-02 02:14:55',0,NULL),
	(128,40,NULL,'VWI9518','bc8660f3-a93a-49e7-87a3-01d83a507903','森分龍一','a1418052@kuins.ac.jp',NULL,'$2y$10$vnHRc32BsqhpzIenblFwmeWiDEELkkzyH6XDL6r38AU.F8MKi2NcW',NULL,'2021-03-02 02:14:56','2021-03-02 02:14:56',0,NULL),
	(129,40,NULL,'QWC5618','45ea1584-b9d0-4572-9b18-3eb0b8b6982f','長井 桃香','momokanagai249@gmail.com',NULL,'$2y$10$WJa2hfvM1pxlmwCXUsp3kuI6nVB0Ht9e5SI0JTc0dCJ572b87z4yG',NULL,'2021-03-02 02:14:56','2021-03-02 02:14:56',0,NULL),
	(130,40,NULL,'GCF6859','46830cea-ffdf-4e7b-b071-1ea171976bd0','平田紗理','sari1006@icloud.com',NULL,'$2y$10$B2cBvPFcF4/Dkqd6os/Yie9bQTVopjPQN6t6Pr9PVzJI75CFd5XLW',NULL,'2021-03-02 02:14:57','2021-03-02 02:14:57',0,NULL),
	(131,40,NULL,'PRX7569','fa62957d-b488-405d-bd09-8a5ccbf1a33a','清水 万由花','nw.green0409@gmail.com',NULL,'$2y$10$0j8XFFqNS/W2clKaqUt2U.yog.WEZMv44cd2JEhkfqZDc7aDZ5Th.',NULL,'2021-03-02 02:14:57','2021-03-02 02:14:57',0,NULL),
	(132,40,NULL,'HXZ7461','c1821b69-86cf-413e-9891-f913154f6d5d','吉田 麻華','s7658f5fd7xdbE05SE@softbank.ne.jp',NULL,'$2y$10$Fgiv.BOqZP5FW1uboobKqur5dU0c813aWvkF5B.BxKxeJoBC7NnKW',NULL,'2021-03-02 02:14:57','2021-03-02 02:14:57',0,NULL),
	(133,40,NULL,'LIE2457','69dd0e4b-6717-4c4a-a040-7c46b6f5fe2b','吉田 柚希','f4f787aed7yl73E05SE@softbank.ne.jp',NULL,'$2y$10$XxDDvty8RnFWTypDm8mnruGY6kpY32SeLhsT180iguBcYEqxPsqQ.',NULL,'2021-03-02 02:14:58','2021-03-02 02:14:58',0,NULL),
	(134,40,NULL,'ZFV0719','928d593b-2f6d-442d-be95-5f14c5f856b1','岩永 成美','b2181006@ed.hyogo-dai.ac.jp',NULL,'$2y$10$lSUp8hB8oHP5Cq3FXEmYaOqFVRyHVDQVdZTbVFwofmFmtrPOeSDvu',NULL,'2021-03-02 02:14:58','2021-03-02 02:14:58',0,NULL),
	(135,40,NULL,'GZN6159','ae495ac8-d55d-44ca-bbfd-0e1632c596df','篠澤 由奈','s.yuna.amnos0323@gmail.com',NULL,'$2y$10$qi/4GzaLhErhSbUdLlP9w.EMSxmuK7.YBFJYd2F27NAuxxKTAo916',NULL,'2021-03-02 02:14:59','2021-03-02 02:14:59',0,NULL),
	(136,40,NULL,'DRU1469','77c679ce-bda8-469f-8def-4f7909448cee','置村彩花','ayacancho37@icloud.com',NULL,'$2y$10$jEeSNPjozhqKc9KgdSVM2O71YgZNMI5g2vtpYZJYKr1AeSmR0jHYO',NULL,'2021-03-02 02:14:59','2021-03-02 02:14:59',0,NULL),
	(137,40,NULL,'CQF3609','ae5b8a76-4c7d-412f-8712-99c5a17bc4d6','東　樹里','h11a8ei8@docomo.ne.jp',NULL,'$2y$10$C5C2iN4vI9Zeh9NtkzNjc.mBEBiM1bgWohQ/34cuOhbZSbbhzhnxa',NULL,'2021-03-02 02:15:00','2021-03-02 02:15:00',0,NULL),
	(138,40,NULL,'PDF4381','42acc21e-1bf2-4fcd-ae40-7c19f8a60db6','伊達まい','s1813050@s.konan-u.ac.jp',NULL,'$2y$10$djya6GTvQRPST87jAP0W0.HO4Zv9hzBMOfU8kL3w5U7kG4QC6eue6',NULL,'2021-03-02 02:15:00','2021-03-02 02:15:00',0,NULL),
	(139,40,NULL,'VJW7539','b535119f-5342-4ea6-868d-96428a9c438f','山木優也','e3118362@s.kobegakuin.ac.jp',NULL,'$2y$10$J.u3Xz3mCm7YFQnIi/fnoOugOt.JytON/6Cz8qHs/N.TN3iS7deOq',NULL,'2021-03-02 02:15:01','2021-03-02 02:15:01',0,NULL),
	(140,40,NULL,'NYX6105','250c8522-3a25-4178-89e7-6078331581ca','NGUYENVANKHANH','khanhhero755@gmail.com',NULL,'$2y$10$hXyClj/xUXVeDUpTLDHCCOBJ4/SVz32H0lCXV8m.DsjE99WTq9KmC',NULL,'2021-03-02 02:15:01','2021-03-02 02:15:01',0,NULL),
	(141,40,NULL,'VTA7836','b6a8ab32-abce-4bfb-af75-050a63b48e0a','楠　一真','ultrak.3721@ezweb.ne.jp',NULL,'$2y$10$btakAEqvXSPouIzBIR4uFug5zQN/UlNtzeQbNBaFcvhFcX7idggcu',NULL,'2021-03-02 02:15:02','2021-03-02 02:15:02',0,NULL),
	(142,40,NULL,'TPU7640','2a741158-6cf9-44b8-99dc-a8207d821c24','中村真衣','ma17nmch@gmail.com',NULL,'$2y$10$pNuyN311GETPUPP0e/KNveIKBI5QCOzoPZ7ynpgbHnox.lF/Pc0qW',NULL,'2021-03-02 02:15:02','2021-03-02 02:15:02',0,NULL),
	(143,40,NULL,'PST0145','08451a2a-b516-4590-9a74-dcb67ed92c81','木下 実咲','misamisa032325@gmail.com',NULL,'$2y$10$DTT84YtgjI6pNo/gsRboNO/ZPawICy07vNwO./4LLkvoSS49HRXjq',NULL,'2021-03-02 02:15:02','2021-03-02 02:15:02',0,NULL),
	(144,40,NULL,'OEB5914','1d714fb0-71ae-47cb-9061-edf9a1f7b23d','田林　佳純','tbk_1202@outlook.jp',NULL,'$2y$10$vBRU71voAqAqmYnlMlOK8eDVDO9UPDa9CNJQnVIQHFeuSuZ2Tn6bm',NULL,'2021-03-02 02:15:03','2021-03-02 02:15:03',0,NULL),
	(145,40,NULL,'LSV5147','4f5c0063-b4fc-4d88-b94d-550b043eb648','田坂 楓','kaede.tasaka35@gmail.com',NULL,'$2y$10$/UeUjT4L75KEJGXYO1W0De2hiSKwSPdqMyRKFBCkD5yGym7zffkNO',NULL,'2021-03-02 02:15:03','2021-03-02 02:15:03',0,NULL),
	(146,40,NULL,'HKV7923','f890bf18-2f25-4e99-aa06-573b0e3cda95','大屋敷裕介','gk2nsirz@i.softbank.jp',NULL,'$2y$10$F1GR.u/RQAN96c/qHI4ZwejBfUV3Hr8B3R03hcUQtMWmCyhrPYQy2',NULL,'2021-03-02 02:15:04','2021-03-02 02:15:04',0,NULL),
	(147,40,NULL,'AHI1296','3cdc111f-98a1-4245-8593-9e1480284054','佐々木こずえ','k0129_s3@icloud.com',NULL,'$2y$10$5nOCs2Be5dI2qKAZyydXducfTUuqkmVPDC.yghfBzFces/EVYpsPu',NULL,'2021-03-02 02:15:04','2021-03-02 02:15:04',0,NULL),
	(148,40,NULL,'KLZ6451','cac15439-c47c-4d88-ad03-d9d333d76ef7','南千裕','minamichihiro0629@gmail.com',NULL,'$2y$10$VQFi1YQ96z9qf8iUAjqnlO6wSH7KqxcZurjrElF3IFAnZ9nzBzaqq',NULL,'2021-03-02 02:15:05','2021-03-02 02:15:05',0,NULL),
	(149,40,NULL,'FRG4062','bfd0d61f-9282-4f9d-8685-dcbc058c714a','鳥山　真歩','toriyama.maho@gmail.com',NULL,'$2y$10$RRuSVMoXOnmD.CuVC8mm7O87eb4..I4o2ttuDhzxI4Yj9xt1bVzl.',NULL,'2021-03-02 02:15:05','2021-03-02 02:15:05',0,NULL),
	(150,40,NULL,'CTY4582','834f85e9-1904-43f0-87f2-7d26404ddb04','山根 直也','ret.834rig@gmail.com',NULL,'$2y$10$kgVrzo37TmIIizpEZLSuTeLUiipHiL.tKrBmJ8GDyNV2xGNcadEGS',NULL,'2021-03-02 02:15:06','2021-03-02 02:15:06',0,NULL),
	(151,40,NULL,'QVO3951','12501127-2768-4ce8-b665-f1c7a4b54b7f','金城 早希','kd1277939@st.kobedenshi.ac.jp',NULL,'$2y$10$c0ZzFj0G7.sHxidzPVrPi.P/SemX4IoebSrdpVlvf1GsKGzEzpHwm',NULL,'2021-03-02 02:15:06','2021-03-02 02:15:06',0,NULL),
	(152,40,NULL,'OAY2473','facca86f-b8f7-45d9-8b01-f5ec52853c20','森　弥優','morinizi0703@icloud.com',NULL,'$2y$10$Cn2hY2e4FssQrwTid0ABCebvlzInTVHR5L3znZn64cbEVOzfGFrKO',NULL,'2021-03-02 02:15:07','2021-03-02 02:15:07',0,NULL),
	(153,40,NULL,'GLS5790','2137aa9a-a9bc-4614-8abc-53a8a1157871','有角　康太','k.a.0919@icloud.com',NULL,'$2y$10$4tw.LO3QeWNy3Q93/tBJJ..4VasmbE77DFNi.rgtPM3HZmvOlFnuC',NULL,'2021-03-02 02:15:07','2021-03-02 02:15:07',0,NULL),
	(154,40,NULL,'PVD4106','bc5ffb54-085e-4802-9dca-c2d6dbcb0861','津川 美里','misaaaa575@gmail.com',NULL,'$2y$10$AZ2Rdlh7Ajuo477mkPo7peCLKZwoulT6S9fMa43KgY7ICZULLCvvW',NULL,'2021-03-02 02:15:08','2021-03-02 02:15:08',0,NULL),
	(155,40,NULL,'IBP4952','4b45a530-4189-4df7-a4e5-23427aab13eb','村上真梨子','marim0.21200@gmail.com',NULL,'$2y$10$IzpPenoWYU.K/iC.Rs6Qbuwd4auugumVEYSWdUBYH15sjVoKTWozu',NULL,'2021-03-02 02:15:08','2021-03-02 02:15:08',0,NULL),
	(156,40,NULL,'PJL3642','902108ee-5f8b-4060-bd7f-faa1b92a5723','北山 楓大','k1tayama.futa@gmail.com',NULL,'$2y$10$Ghb.CovwM6RTTwp7t2Z6h.rHJxFhS0kcYHy3vG/Q5/CFkiYm42V3e',NULL,'2021-03-02 02:15:09','2021-03-02 02:15:09',0,NULL),
	(157,40,NULL,'QKT9763','dedc57e6-ea00-4c80-bfd6-89677383d48f','山崎 真優子','myk0706ymsk@gmail.com',NULL,'$2y$10$luD42.q26gPaMzmvGOVg3u5yzEI0aXYNmtxCHJrr.YFVgCbhZVoRC',NULL,'2021-03-02 02:15:09','2021-03-02 02:15:09',0,NULL),
	(158,40,NULL,'INZ3296','eb356d06-a078-4552-8408-864b3b8b8b63','武内遥香','smile.2525.uchi@gmail.com',NULL,'$2y$10$vtWjAhh/TnSzr8GJtGsRL.mqZdAlEjOoGKBYNlogYrwvA6kzSbIkK',NULL,'2021-03-02 02:15:10','2021-03-02 02:15:10',0,NULL),
	(159,40,NULL,'CPR4279','19a2e19c-9a7c-4864-b12e-d4f587025df5','前田弥夕','sakura.love.0401.kinomoto@gmail.com',NULL,'$2y$10$gdZBBdZdc03YVtwX16x1Y.lDYf62n31dNUNdmquQNmL4mbnaETBom',NULL,'2021-03-02 02:15:10','2021-03-02 02:15:10',0,NULL),
	(160,40,NULL,'AIC8194','f1f350c5-f543-4d82-b868-af6a517dcc32','志摩映里花','erika110507@yahoo.co.jp',NULL,'$2y$10$qJjenX4XfWQHUcP7JQOwpevC04BGRzCOEKi.dYB.m6yhrDvsHKufq',NULL,'2021-03-02 02:15:10','2021-03-02 02:15:10',0,NULL),
	(161,40,NULL,'PXH0658','78a03b94-e8da-4383-8d05-f6ad26ea4537','清水　雄絃','wetyz028@s.kobegakuin.ac.jp',NULL,'$2y$10$us5zoRoESQmrAO7Vp5Uo6uk6IGY7G2DM/oojEuTe3gFCsZoCX5Bry',NULL,'2021-03-02 02:15:11','2021-03-02 02:15:11',0,NULL),
	(162,40,NULL,'ZYN4901','f890e1e0-7628-4162-8ab4-d814f288a912','清水大喬','hiro.ilovejudo0614@icloud.com',NULL,'$2y$10$bGvj7sjdK/reSdhY.w9Soeb52bVAPVd1/UHszAJMUeo/4VeuXY45u',NULL,'2021-03-02 02:15:11','2021-03-02 02:15:11',0,NULL),
	(163,40,NULL,'IOV6587','cd6fcac1-b806-48b7-be45-c4e3a1da25e7','阪本いずみ','btgdt378@s.kobegakuin.ac.jp',NULL,'$2y$10$5/T1v0wMSS.5AEyOYnu5W.yJLXdtZL25v065Nn3/6CEUox85XEQZm',NULL,'2021-03-02 02:15:12','2021-03-02 02:15:12',0,NULL),
	(164,40,NULL,'QMO5139','33f7d907-9521-4a82-af2b-70978f05a94a','岡本 裕樹','hiroki.giants2015@gmail.com',NULL,'$2y$10$2H9r7DDTPib1ujm0gtrGU.i71JxMGnA0bo/pjHlDDlqH9ocWkMXLO',NULL,'2021-03-02 02:15:12','2021-03-02 02:15:12',0,NULL),
	(165,40,NULL,'FGR7549','80c96070-4df5-4949-97bd-ac45bc85eaed','谷口　萌','ssttm135@s.kobegakuin.ac.jp',NULL,'$2y$10$R9RiwufBYJAoI2z8ZWeSl.RQpnsljvTcDHboc.8lTGzcPsU0/gGIC',NULL,'2021-03-02 02:15:13','2021-03-02 02:15:13',0,NULL),
	(166,40,NULL,'ECG3047','8636d6f3-d1db-45bd-808a-4daccc2a678b','温　祖児','buuqc300@s.kobegakuin.ac.jp',NULL,'$2y$10$iUCazO6smOwtEYyJQ6wizuOy4p7B7CesLZiS5Ns9KLv2XfdW8RCDq',NULL,'2021-03-02 02:15:13','2021-03-02 02:15:13',0,NULL),
	(167,40,NULL,'TBI0237','9fc6c4ee-0d63-44bd-9f81-7390790eef68','松尾 胡美','hitaro.1125@i.softbank.jp',NULL,'$2y$10$D267bCBrCng1RJRRp9c4hOZ4OEileQnrfQvrWBIxQZrY8qG/wYWtG',NULL,'2021-03-02 02:15:13','2021-03-02 02:15:13',0,NULL),
	(168,40,NULL,'ENK3872','cd65b961-2cd0-436d-afe9-194bc0733845','川邑綾','0103ryo.k0103@gmail.com',NULL,'$2y$10$mT3QRxfBZTR0hL1vLf1ubuXVBNN3SQuvziNcaqlcC0SxFIinJgedy',NULL,'2021-03-02 02:15:14','2021-03-02 02:15:14',0,NULL),
	(169,40,NULL,'JUP7231','645564d4-56f0-450d-a510-f72c7c55b8a4','芦田　優','yu-peace-yu@docomo.ne.jp',NULL,'$2y$10$T75gwoRbmFSV1Ju3hxa5H.KK6BUDG9CLGC3cP9/j1z.VVLYTB1N5u',NULL,'2021-03-02 02:15:14','2021-03-02 02:15:14',0,NULL),
	(170,40,NULL,'FBT9235','37898314-6fce-4bee-8c57-94f4c7a19ab2','吉岡摩美','zw18259t@otemae.ac.jp',NULL,'$2y$10$zP71/Aq54YDMsQ65PM48Wee6AUlhaY2bFx6JqvXeEVi1jIr2XCQdG',NULL,'2021-03-02 02:15:15','2021-03-02 02:15:15',0,NULL),
	(171,40,NULL,'IUK6501','795cd749-60a8-4e28-a688-93f3a0f1a84e','海尾宜司','umiotakashi7856@gmail.com',NULL,'$2y$10$IogXJkfastuFpyQ0mmq7ZOADVvntS6RL58HEHDqrE2lFhYF42wQt2',NULL,'2021-03-02 02:15:15','2021-03-02 02:15:15',0,NULL),
	(172,40,NULL,'SAF9683','fd3c5059-2859-4a45-afa7-c9500f72c0d3','河野　紘平','kkhand1027@i.softbank.jp',NULL,'$2y$10$UAKQpF2L358rEsgNYC6UWO0KpajaZvDelwe/uV1cbKRTac0b9Tk.a',NULL,'2021-03-02 02:15:16','2021-03-02 02:15:16',0,NULL),
	(173,40,NULL,'LBD9361','0d7d0d7b-8ef7-43cb-b8a1-0cadc02180f3','檜垣朱慧','a__hk17.2ume2gar1net_@softbank.ne.jp',NULL,'$2y$10$R5i9dA0ugNXX9x.sxREH9.iftQ5Uigk9SJpXh4/8CkZ/dFPc4hS.W',NULL,'2021-03-02 02:15:16','2021-03-02 02:15:16',0,NULL),
	(174,40,NULL,'DAL9347','a9a0f7c0-fd32-4e37-bdad-b03b4592ddad','丹下勝海','katsumi-0414@au.com',NULL,'$2y$10$nQ66rDxzGC195Y0JteRos.tOUt2ZOgY/zYZwKKGG1xDsVKv2rxG7C',NULL,'2021-03-02 02:15:17','2021-03-02 02:15:17',0,NULL),
	(240,30,NULL,'HMK0867','871c46bb-dffb-4bfe-8eb0-367f70a47b42','株式会社オフィスビギン','ron0204kt@yahoo.co.jp',NULL,'$2y$10$VvQMGy30LpG6wi7KlqR6Je7O46pJP0xYDi9j3ZiFgx8IQNTbxNKKm',NULL,'2021-03-02 02:32:41','2021-03-02 02:32:41',0,NULL),
	(241,40,NULL,'JUL0798','23363991-7dc7-491e-bb96-884bb7425828','今中渚月','inside0323@outlook.jp',NULL,'$2y$10$HopV3lIXQdpOAZLCbMBS9u0n2Ld85acNQCZlO9UI8.KxTsY7e4AEO',NULL,'2021-03-02 02:40:29','2021-03-02 02:40:29',0,NULL),
	(242,40,NULL,'TEN0194','dde8c9d4-5144-45fc-ac47-58cb0bfe39b3','竹内 梨緒','',NULL,'$2y$10$U5RWOvoPYURg4fxp/rd24epL9tX06kYfD8SjSPo7wFJiVBbQhDrWK',NULL,'2021-03-02 02:40:30','2021-03-02 02:40:30',0,NULL),
	(243,40,NULL,'DIG1058','847e0139-7e71-46fd-9e75-7c208868a1a3','太田志穂','15shiho18@gmail.com',NULL,'$2y$10$QwbdL/fSFbw/13Sz7PjBuO3HxGYiX/hkFPkW9ZVnD4DFZ6/qcJXNK',NULL,'2021-03-02 03:04:57','2021-03-02 03:04:57',0,NULL),
	(244,40,NULL,'XUC6740','d99e27c4-386e-4c13-a08c-f5f027dcee7a','曹千一','buulo210@s.kobegakuin.ac.jp',NULL,'$2y$10$.HGrgwmhBrH3anwllmq7/enPc2EHJ.R0vlYbOypQxAn5dIBx2lUyW',NULL,'2021-03-02 03:13:23','2021-03-02 03:13:23',0,NULL),
	(245,40,NULL,'HRS1074','5d15f713-4aae-4e58-aa7a-5d04854bf93a','金口隼之','cb7ozx9aew@gmail.com',NULL,'$2y$10$E9TiysjdpGmM79yLNsdXneNqF8tTQUZdjdsyLJEgC2nfD27rg/2Cy',NULL,'2021-03-02 04:06:37','2021-03-02 04:06:37',0,NULL),
	(246,40,NULL,'FQI1357','af2380b7-2455-459c-b3ef-3f784fd8012a','山元拓弥','hb18a111@oecu.jp',NULL,'$2y$10$HzcW5hCQTvjsa70FSwLmZ.BN504z8b7n4tlLEkIxOXUCc1TtKwMJO',NULL,'2021-03-02 06:18:18','2021-03-02 06:18:18',0,NULL),
	(247,30,NULL,'GKD9175','1cb1205f-3da3-4f08-998b-e8fe3412509f','BitLabo','akusuhara@bitlabo.jp',NULL,'$2y$10$2N2Wt7iGKichzMasHr7r/.89CWnXISg4MtoS9L.6DlZ0CPvNNBPmS',NULL,'2021-09-18 13:56:21','2021-09-18 13:56:21',0,NULL),
	(249,40,NULL,'YXO8270','c19d5366-7365-439f-9df5-1133d86401c1','楠原 淳範','akusuhara@bitlabo.jp',NULL,'$2y$10$2N2Wt7iGKichzMasHr7r/.89CWnXISg4MtoS9L.6DlZ0CPvNNBPmS',NULL,'2021-10-14 18:00:57','2021-10-14 18:00:57',0,NULL),
	(250,40,NULL,'SGH7682','4261dbde-0510-42e7-a3df-7af20477dce6','大阪太郎','akusuhara@bitlabo.jp',NULL,'$2y$10$KemWguzXkmmYBRyK/k0pwe5GSFLIehIrj.GxzdTWFCosBcXPOBWvm',NULL,'2021-10-17 10:29:00','2021-10-17 10:29:00',0,NULL),
	(251,40,NULL,'XFJ0924','18b2bbe1-ad8f-4135-8937-3023ae7e9937','大阪花子','test001@bitlabo.jp',NULL,'$2y$10$ZcG1kU6OQUBbSCmI7ex19ucE3FtHjjDQ94Xzbg4bp1eM1JnhYE./y',NULL,'2021-10-17 10:52:16','2021-10-17 10:52:16',0,NULL),
	(252,40,NULL,'TYK1693','94755c1e-dc54-4f5c-b222-feec713217ad','神戸太郎','test002@bitlabo.jp',NULL,'$2y$10$NavVWEJhG.QI5ZBcmDX1X.cV/dFNZ43YxCaul9/XcZGx4SuticdNO',NULL,'2021-10-17 11:02:33','2021-10-17 11:02:33',0,NULL),
	(253,40,NULL,'NIP7869','2de3f3e3-0eed-46cd-ad95-62c88731bd99','大阪二郎','test003@bitlabo.jp',NULL,'$2y$10$0zSgTybJVRmyiDBx4At4su/Xp..JxOVgejx7KTCf3Q2QjUkiB6bRa',NULL,'2021-10-17 11:53:21','2021-10-17 11:53:21',0,NULL),
	(254,40,NULL,'SXA9470','08345bc7-4157-43b6-8594-675cf463841f','大阪たろう','akusuhara@bitlabo.jp',NULL,'$2y$10$pBk37G7KSxLKP0Ep3z7DNOFvjDGQ4Afz0cHpg/j38/maAArK3huQ6',NULL,'2021-10-20 16:06:34','2021-10-20 16:06:34',0,NULL),
	(255,40,NULL,'IYL4587','40e470eb-af3d-46ff-bdaf-887aef65a00c','大阪たろう','akusuhara@bitlabo.jp',NULL,'$2y$10$MaaRxNSTTMeA3tpDkOXo1.BeCCNIQTYU7MuAcXFzqdBaohX.gqwL.',NULL,'2021-10-20 16:06:53','2021-10-20 16:06:53',0,NULL),
	(256,40,NULL,'ECR3615','dab0ac50-0099-404a-8be2-0efef193ec9e','大阪たろう','akusuhara@bitlabo.jp',NULL,'$2y$10$F.G.8zebsFckNbHMhr8FoO.j.Oo5KW8ZMm3U0//9rO61mEwEjqXcy',NULL,'2021-10-20 16:08:25','2021-10-20 16:43:23',1,'2021-10-20 16:43:23'),
	(257,40,NULL,'CAW2751','5838acdf-3a35-47ff-8522-8e138326a49c','大阪たろう','akusuhara@bitlabo.jp',NULL,'$2y$10$dBC3caiC7YICryybHSn0EOdIU6Sp7mA.IgvtXOa5efTHh1osWwksG',NULL,'2021-10-20 16:10:01','2021-10-20 16:10:01',0,NULL),
	(258,40,NULL,'BSY7210','0b02a667-93ae-48d6-8157-7105d051c86d','大阪たろう','akusuhara@bitlabo.jp',NULL,'$2y$10$fdVpAXf5LEMF/vI9dEpVduKwntMHLeAvGPz5D5FhCB38BvhbtVjoe',NULL,'2021-10-20 16:10:43','2021-10-20 16:10:43',0,NULL),
	(259,40,NULL,'NOL8567','34a27333-3414-481c-b098-76edb55c7817','大阪たろう','akusuhara@bitlabo.jp',NULL,'$2y$10$G3KMdPM80zyCXYZz0dPM2.iTXrWQsodaCk8I0cpDTfsjP.nYoVeOG',NULL,'2021-10-20 16:10:53','2021-10-20 16:10:53',0,NULL),
	(260,40,NULL,'XNW6912','cf196c6b-1c22-435b-928b-0e957aa80ba8','大阪たろう','akusuhara@bitlabo.jp',NULL,'$2y$10$KLFzQLHRWHYH4jNqx15RAOpjB06ljk5pEUWce16NdJ7qNtUUNFiO2',NULL,'2021-10-20 16:14:17','2021-10-20 16:14:17',0,NULL),
	(261,40,NULL,'APM4305','932b0efa-7a76-4458-87c5-713a01a56261','大阪たろう','akusuhara@bitlabo.jp',NULL,'$2y$10$UnR0Kf8OCeQnULqq5sANX.tWfGxwJA0OaTOys5cnl2/c7ynwkaTL6',NULL,'2021-10-20 16:15:51','2021-10-20 16:15:51',0,NULL),
	(262,40,NULL,'UHW1367','7bd8f9bc-fdc3-42d6-ae32-a3ca182b98dd','大阪たろう','akusuhara@bitlabo.jp',NULL,'$2y$10$Dkwm2.LEuKUa2Vf.UHrCyuMh5CG4Qn32caBXDPequSyuyDnbIlQXq',NULL,'2021-10-20 16:16:49','2021-10-20 16:16:49',0,NULL),
	(263,40,NULL,'HWO9876','224964ec-7bda-4c0c-b2d4-538cd78e1d18','大阪たろう','akusuhara@bitlabo.jp',NULL,'$2y$10$yI9GFTEO/8kGc7yra1hYterWYnKS5rMMlHYnR/jepWRJyPryHL.nW',NULL,'2021-10-20 16:17:55','2021-10-20 16:17:55',0,NULL),
	(264,40,NULL,'XRL1856','372ac427-e9b3-40c0-8737-bb6be2cf7d9f','大阪たろう','akusuhara@bitlabo.jp',NULL,'$2y$10$fQamFfelrBPfJ3Huqz6Z9.vJw4zBM8YiGhRjq4OI9lIDP43PFlzNm',NULL,'2021-10-20 16:21:06','2021-10-20 16:21:06',0,NULL),
	(265,40,NULL,'ARK0529','ea52ddaa-55a4-4420-a1f2-741deaf1e041','大阪たろう','akusuhara@bitlabo.jp',NULL,'$2y$10$QTDTzaoOHHpFCs.6b0PUYuK6duVwuLm6IikAfHnaPN2ydyxGkj5dO',NULL,'2021-10-20 16:23:27','2021-10-20 16:23:27',0,NULL),
	(266,40,NULL,'BDY5930','5e799d65-48bb-4012-97bd-5728b1e49254','大阪たろう','akusuhara@bitlabo.jp',NULL,'$2y$10$6Q0KAePy7pn7nTKedYi0tenR5jYdbt7fzL5weNGvZETmkTP1zDgue',NULL,'2021-10-20 19:21:41','2021-10-20 19:21:41',0,NULL),
	(267,40,NULL,'FHS4165','0e010827-6444-4e5f-ace3-654c4750e71f','大阪たろう','akusuhara@bitlabo.jp',NULL,'$2y$10$GhKM0cT0DfT3qfoIFPb4m.39IxWzaCrbQRJBxYVZRV18JOMDaYkre',NULL,'2022-01-24 22:00:38','2022-01-24 22:00:38',0,NULL),
	(268,40,NULL,'KHZ9875','b4743f48-4af9-4469-bb3d-83e0898663d6','名古屋たろう','akusuhara@bitlabo.jp',NULL,'$2y$10$BfwL/xQ/uU.iSqcRPC.XieoHmtDSP0SEI5FSs5hIFi4NQEo35YvPi',NULL,'2022-01-24 22:07:43','2022-01-24 22:07:43',0,NULL),
	(269,40,NULL,'FYQ7906','25b7d54b-ce9d-4b9b-a346-05bfae37780e','大阪たろう','akusuhara@bitlabo.jp',NULL,'$2y$10$cQXUbbecavkKKdFiesyT6uq0DsFw2qnGL.CQKKhEGtl5xWigKyTW2',NULL,'2022-02-19 14:23:39','2022-02-19 14:23:39',0,NULL),
	(270,30,NULL,'TKV8743','10a135da-353c-48df-8fae-a467f3c8eed7','浪速建設浪速建設浪速建設浪速建設浪速建設','test001@bitlabo.jp',NULL,'$2y$10$NFp1KMXUtOIqF8UeAnb.5.lLF1oLHzfwkKl6tuDp6XDi68C1bIqAS',NULL,'2022-03-01 16:22:04','2022-03-01 18:43:24',0,NULL),
	(272,30,NULL,'XKG7362','c08a993f-df47-4baf-9db6-6943d5b24190','大阪建設','test002@bitlabo.jp',NULL,'$2y$10$hf8Va9zw1gcq4tHFtDw9fODEqeGavxMsLW3oI68a2pvTGFyaOmGh6',NULL,'2022-03-01 16:25:29','2022-03-01 16:25:29',0,NULL),
	(273,30,NULL,'TIQ0456','e7fe8c01-bbca-4107-a64c-e9a5e2b64c42','テスト株式会社','test001@bitlabo.jp',NULL,'$2y$10$L5HFXNqOM1aFxnkMQV.9qOHwSaQW8SvJN6WGMZeG.t88OKfGsDBH2',NULL,'2022-07-25 10:41:07','2022-07-25 10:41:07',0,NULL),
	(274,30,NULL,'TWF3602','b5855871-55b0-4e07-b733-dc9011a6b172','テスト２株式会社','test002@bitlabo.jp',NULL,'$2y$10$ZTiBSk33DKY2gfETEiUsiuNk8HjQVokOphtU4dNDrMtifsx8AIKTy',NULL,'2022-07-25 10:45:42','2022-07-25 10:45:42',0,NULL),
	(275,30,NULL,'NQY9862','fdf18936-3bc5-4949-ac6a-fd49a2491df0','テスト２株式会社','test002@bitlabo.jp',NULL,'$2y$10$yhA/W73GYSdpPkLhWll2YOyK7Cl.FomYUOX2hyJj.ScGEuWJRildu',NULL,'2022-07-25 15:17:34','2022-07-25 15:17:34',0,NULL),
	(276,30,NULL,'WRM2154','e81b78d2-c598-43d7-9fc8-53624b89ac5c','テスト２株式会社','test002@bitlabo.jp',NULL,'$2y$10$MIX5snkXVUoEOJCW/wKpI.dGpxb1Wuzd0DGLSAfmnfQsECCcAktaW',NULL,'2022-07-25 15:18:01','2022-07-25 15:18:01',0,NULL),
	(277,30,NULL,'NYM0896','d25e1193-23af-4d1f-8737-1371869bb1f8','テスト２株式会社','test002@bitlabo.jp',NULL,'$2y$10$rDdEnGUXXkMCvNrgT02mH.t5E8p2NNwsFzmMR7n/LH4PTgBnG3J7W',NULL,'2022-07-25 15:19:49','2022-07-25 15:19:49',0,NULL),
	(278,30,NULL,'KFM3281','922c773d-8393-4e8f-8373-0b1db15a8220','テスト２株式会社','test002@bitlabo.jp',NULL,'$2y$10$YgxlMtAVp4LRyY5s733W9OxGJ.TY.ZH8jqaQm4KRwBY0x.rYWA6Ga',NULL,'2022-07-25 15:20:36','2022-07-25 15:20:36',0,NULL),
	(279,30,NULL,'WXO3805','847af78d-946d-4355-a9cf-d1b403f85f6a','テスト２株式会社','test002@bitlabo.jp',NULL,'$2y$10$HdZzKmhibrpZih4GL7cj0eR6C6gKNfd.FSEjYSHYsxrRuHuoxVCBq',NULL,'2022-07-25 15:26:29','2022-07-25 15:26:29',0,NULL),
	(285,40,3,'OBP4310','6d3e4677-a377-4b98-bf38-a860e3c26d4d','楠原淳範','akusuhara@bitlabo.jp',NULL,'$2y$10$I2CTxIY30vBSg0RpW8d49.j4Knbps2kL9ikSlnvIEylQwdiBKC8Oq',NULL,'2022-08-19 11:35:43','2022-08-19 11:35:43',0,NULL),
	(286,40,3,'FLO9416','1b40a97d-857c-4676-83ff-2e939a251570','楠原淳範','akusuhara@bitlabo.jp',NULL,'$2y$10$..r/ZyZBFqFCB31nol5RUe8hPxmvtd0EUwZKdpZRxh139olIYVU0G',NULL,'2022-08-19 11:36:59','2022-08-19 11:36:59',0,NULL),
	(287,40,3,'NER5218','8ecaa613-42d0-4960-9d19-f75100be6482','楠原淳範','akusuhara@bitlabo.jp',NULL,'$2y$10$YTMhHYXBFC.TsTmhHRPAi.jQmoU81MDRCbn7sRnRL4TKt.5y0uHhK',NULL,'2022-08-19 11:45:01','2022-08-19 11:45:01',0,NULL),
	(288,40,3,'DFI1352','bdebe63d-8768-4856-994d-7c8be905f678','楠原淳範','akusuhara@bitlabo.jp',NULL,'$2y$10$s/YXDmIM2pGEl8V1K/dUS.znzfT60THxcXbHeG3LM1hKRLmvJGBnW',NULL,'2022-08-19 11:46:55','2022-08-19 11:46:55',0,NULL),
	(289,40,3,'TVU6340','3d522af0-2684-4dea-8c43-3d8a75d6a5f5','楠原淳範','akusuhara@bitlabo.jp',NULL,'$2y$10$iPuhZGS14QtyCGJhiAJc2.P/KCrx8En4jMmFGCgaw3lOTfZg1p9Ne',NULL,'2022-08-19 11:49:20','2022-08-19 11:49:20',0,NULL),
	(290,40,1,'PYS0947','94f6c6a1-0aaa-40ff-a75d-4fafcd61a4ee','楠原淳範','akusuhara@bitlabo.jp',NULL,'$2y$10$.zZs3Pr6UNArVqDcv3jMGuEddzzrFkLWLWevvIiYHH/hL.lmD.h7W',NULL,'2022-08-19 13:21:06','2022-08-19 13:21:06',0,NULL);

/*!40000 ALTER TABLE `users` ENABLE KEYS */;
UNLOCK TABLES;


# テーブルのダンプ users_detail
# ------------------------------------------------------------

DROP TABLE IF EXISTS `users_detail`;

CREATE TABLE `users_detail` (
  `id` bigint(20) unsigned NOT NULL AUTO_INCREMENT COMMENT '担当者ID',
  `users_id` bigint(20) unsigned NOT NULL COMMENT 'ユーザーID',
  `contact` varchar(1024) DEFAULT NULL COMMENT '担当者コンタクト（電話・SNS等）',
  `created_at` datetime NOT NULL DEFAULT CURRENT_TIMESTAMP COMMENT '作成日時',
  `updated_at` datetime NOT NULL DEFAULT CURRENT_TIMESTAMP COMMENT '更新日時',
  `is_deleted` tinyint(1) NOT NULL DEFAULT '0' COMMENT '削除フラグ',
  `deleted_at` datetime DEFAULT NULL COMMENT '削除日時',
  PRIMARY KEY (`id`),
  KEY `users_id` (`users_id`),
  CONSTRAINT `users_detail_ibfk_1` FOREIGN KEY (`users_id`) REFERENCES `users` (`id`)
) ENGINE=InnoDB DEFAULT CHARSET=utf8 COMMENT='ユーザー詳細情報';



# テーブルのダンプ visit
# ------------------------------------------------------------

DROP TABLE IF EXISTS `visit`;

CREATE TABLE `visit` (
  `id` bigint(20) unsigned NOT NULL AUTO_INCREMENT COMMENT '訪問受付ID',
  `event_id` bigint(20) unsigned NOT NULL COMMENT 'イベントID',
  `exhibitors_id` bigint(20) unsigned NOT NULL COMMENT '出展企業ID',
  `entry_id` bigint(20) unsigned NOT NULL COMMENT 'エントリーID',
  `created_at` datetime NOT NULL DEFAULT CURRENT_TIMESTAMP COMMENT '作成日時',
  `updated_at` datetime NOT NULL DEFAULT CURRENT_TIMESTAMP COMMENT '更新日時',
  `is_deleted` tinyint(1) NOT NULL DEFAULT '0' COMMENT '削除フラグ',
  `deleted_at` datetime DEFAULT NULL COMMENT '削除日時',
  PRIMARY KEY (`id`),
  KEY `exhibitors_id` (`exhibitors_id`),
  KEY `entry_id` (`entry_id`),
  KEY `event_id` (`event_id`),
  CONSTRAINT `visit_ibfk_1` FOREIGN KEY (`exhibitors_id`) REFERENCES `exhibitors` (`id`),
  CONSTRAINT `visit_ibfk_2` FOREIGN KEY (`entry_id`) REFERENCES `entry` (`id`),
  CONSTRAINT `visit_ibfk_3` FOREIGN KEY (`event_id`) REFERENCES `events` (`id`)
) ENGINE=InnoDB DEFAULT CHARSET=utf8 COMMENT='企業訪問受付';

LOCK TABLES `visit` WRITE;
/*!40000 ALTER TABLE `visit` DISABLE KEYS */;

INSERT INTO `visit` (`id`, `event_id`, `exhibitors_id`, `entry_id`, `created_at`, `updated_at`, `is_deleted`, `deleted_at`)
VALUES
	(2,1,22,1,'2021-03-02 10:53:06','2021-03-02 10:53:06',0,NULL),
	(3,1,11,1,'2021-03-02 10:55:59','2021-03-02 10:55:59',0,NULL),
	(4,1,8,1,'2021-03-02 11:00:02','2021-03-02 11:00:02',0,NULL),
	(5,1,34,1,'2021-03-02 11:03:26','2021-03-02 11:03:26',0,NULL),
	(6,1,15,1,'2021-03-02 11:04:46','2021-03-02 11:04:46',0,NULL),
	(7,1,27,1,'2021-03-02 11:05:11','2021-03-02 11:05:11',0,NULL),
	(8,1,1,1,'2021-03-02 11:08:18','2021-03-02 11:08:18',0,NULL),
	(9,1,13,1,'2021-03-02 11:10:42','2021-03-02 11:10:42',0,NULL),
	(10,1,33,1,'2021-03-02 11:11:04','2021-03-02 11:11:04',0,NULL),
	(11,1,4,1,'2021-03-02 11:12:31','2021-03-02 11:12:31',0,NULL),
	(12,1,32,1,'2021-03-02 11:13:29','2021-03-02 11:13:29',0,NULL),
	(13,1,35,1,'2021-03-02 11:14:18','2021-03-02 11:14:18',0,NULL),
	(14,1,14,1,'2021-03-02 11:15:58','2021-03-02 11:15:58',0,NULL),
	(15,1,26,1,'2021-03-02 11:16:12','2021-03-02 11:16:12',0,NULL),
	(16,1,38,1,'2021-03-02 11:16:28','2021-03-02 11:16:28',0,NULL),
	(17,1,36,1,'2021-03-02 11:17:12','2021-03-02 11:17:12',0,NULL),
	(18,1,43,1,'2021-03-02 11:18:14','2021-03-02 11:18:14',0,NULL),
	(19,1,12,1,'2021-03-02 11:18:52','2021-03-02 11:18:52',0,NULL),
	(20,1,19,1,'2021-03-02 11:19:44','2021-03-02 11:19:44',0,NULL),
	(21,1,23,1,'2021-03-02 11:20:00','2021-03-02 11:20:00',0,NULL),
	(22,1,9,1,'2021-03-02 11:22:27','2021-03-02 11:22:27',0,NULL),
	(23,1,6,1,'2021-03-02 11:24:16','2021-03-02 11:24:16',0,NULL),
	(24,1,2,1,'2021-03-02 11:26:10','2021-03-02 11:26:10',0,NULL),
	(25,1,41,1,'2021-03-02 11:28:22','2021-03-02 11:28:22',0,NULL),
	(26,1,37,1,'2021-03-02 11:30:57','2021-03-02 11:30:57',0,NULL),
	(27,1,5,1,'2021-03-02 11:31:45','2021-03-02 11:31:45',0,NULL),
	(28,1,31,1,'2021-03-02 11:33:43','2021-03-02 11:33:43',0,NULL),
	(29,1,17,1,'2021-03-02 11:37:07','2021-03-02 11:37:07',0,NULL),
	(30,1,7,1,'2021-03-02 11:44:32','2021-03-02 11:44:32',0,NULL),
	(31,1,39,1,'2021-03-02 11:45:52','2021-03-02 11:45:52',0,NULL),
	(32,1,18,1,'2021-03-02 11:46:57','2021-03-02 11:46:57',0,NULL),
	(33,1,24,1,'2021-03-02 11:48:18','2021-03-02 11:48:18',0,NULL),
	(34,1,29,95,'2021-03-02 11:54:23','2021-03-02 11:54:23',0,NULL),
	(35,1,18,93,'2021-03-02 12:01:40','2021-03-02 12:01:40',0,NULL),
	(36,1,12,125,'2021-03-02 12:02:03','2021-03-02 12:02:03',0,NULL),
	(37,1,12,126,'2021-03-02 12:02:13','2021-03-02 12:02:13',0,NULL),
	(38,1,2,100,'2021-03-02 12:02:46','2021-03-02 12:02:46',0,NULL),
	(39,1,9,48,'2021-03-02 12:03:10','2021-03-02 12:03:10',0,NULL),
	(40,1,41,118,'2021-03-02 12:04:00','2021-03-02 12:04:00',0,NULL),
	(41,1,24,58,'2021-03-02 12:04:28','2021-03-02 12:04:28',0,NULL),
	(42,1,24,29,'2021-03-02 12:05:55','2021-03-02 12:05:55',0,NULL),
	(43,1,22,53,'2021-03-02 12:06:02','2021-03-02 12:06:02',0,NULL),
	(44,1,24,34,'2021-03-02 12:06:02','2021-03-02 12:06:02',0,NULL),
	(45,1,26,20,'2021-03-02 12:07:20','2021-03-02 12:07:20',0,NULL),
	(46,1,31,19,'2021-03-02 12:07:47','2021-03-02 12:07:47',0,NULL),
	(47,1,31,18,'2021-03-02 12:08:04','2021-03-02 12:08:04',0,NULL),
	(48,1,12,54,'2021-03-02 12:10:02','2021-03-02 12:10:02',0,NULL),
	(49,1,31,51,'2021-03-02 12:12:34','2021-03-02 12:12:34',0,NULL),
	(50,1,22,128,'2021-03-02 12:13:46','2021-03-02 12:13:46',0,NULL),
	(51,1,22,25,'2021-03-02 12:17:46','2021-03-02 12:17:46',0,NULL),
	(52,1,1,66,'2021-03-02 12:19:58','2021-03-02 12:19:58',0,NULL),
	(53,1,25,38,'2021-03-02 12:20:24','2021-03-02 12:20:24',0,NULL),
	(54,1,25,57,'2021-03-02 12:20:43','2021-03-02 12:20:43',0,NULL),
	(55,1,38,201,'2021-03-02 12:22:36','2021-03-02 12:22:36',0,NULL),
	(56,1,20,24,'2021-03-02 12:22:37','2021-03-02 12:22:37',0,NULL),
	(57,1,25,92,'2021-03-02 12:23:29','2021-03-02 12:23:29',0,NULL),
	(58,1,18,31,'2021-03-02 12:24:47','2021-03-02 12:24:47',0,NULL),
	(59,1,18,59,'2021-03-02 12:25:01','2021-03-02 12:25:01',0,NULL),
	(60,1,1,16,'2021-03-02 12:25:56','2021-03-02 12:25:56',0,NULL),
	(61,1,1,64,'2021-03-02 12:26:22','2021-03-02 12:26:22',0,NULL),
	(62,1,26,85,'2021-03-02 12:26:31','2021-03-02 12:26:31',0,NULL),
	(63,1,26,85,'2021-03-02 12:26:31','2021-03-02 12:26:31',0,NULL),
	(64,1,33,199,'2021-03-02 12:27:18','2021-03-02 12:27:18',0,NULL),
	(65,1,7,44,'2021-03-02 12:27:46','2021-03-02 12:27:46',0,NULL),
	(66,1,38,9,'2021-03-02 12:28:08','2021-03-02 12:28:08',0,NULL),
	(67,1,26,95,'2021-03-02 12:28:43','2021-03-02 12:28:43',0,NULL),
	(68,1,2,3,'2021-03-02 12:29:39','2021-03-02 12:29:39',0,NULL),
	(69,1,25,93,'2021-03-02 12:30:09','2021-03-02 12:30:09',0,NULL),
	(70,1,22,91,'2021-03-02 12:30:15','2021-03-02 12:30:15',0,NULL),
	(71,1,22,90,'2021-03-02 12:30:19','2021-03-02 12:30:19',0,NULL),
	(72,1,11,200,'2021-03-02 12:30:25','2021-03-02 12:30:25',0,NULL),
	(73,1,35,198,'2021-03-02 12:30:39','2021-03-02 12:30:39',0,NULL),
	(74,1,19,115,'2021-03-02 12:30:53','2021-03-02 12:30:53',0,NULL),
	(75,1,35,52,'2021-03-02 12:30:59','2021-03-02 12:30:59',0,NULL),
	(76,1,19,121,'2021-03-02 12:30:59','2021-03-02 12:30:59',0,NULL),
	(77,1,7,87,'2021-03-02 12:31:16','2021-03-02 12:31:16',0,NULL),
	(78,1,9,118,'2021-03-02 12:31:16','2021-03-02 12:31:16',0,NULL),
	(79,1,42,48,'2021-03-02 12:31:29','2021-03-02 12:31:29',0,NULL),
	(80,1,14,128,'2021-03-02 12:31:29','2021-03-02 12:31:29',0,NULL),
	(81,1,38,31,'2021-03-02 12:31:36','2021-03-02 12:31:36',0,NULL),
	(82,1,15,200,'2021-03-02 12:31:41','2021-03-02 12:31:41',0,NULL),
	(83,1,8,54,'2021-03-02 12:31:44','2021-03-02 12:31:44',0,NULL),
	(84,1,38,59,'2021-03-02 12:31:51','2021-03-02 12:31:51',0,NULL),
	(85,1,24,126,'2021-03-02 12:31:55','2021-03-02 12:31:55',0,NULL),
	(86,1,9,198,'2021-03-02 12:32:24','2021-03-02 12:32:24',0,NULL),
	(87,1,29,52,'2021-03-02 12:32:31','2021-03-02 12:32:31',0,NULL),
	(88,1,18,47,'2021-03-02 12:32:52','2021-03-02 12:32:52',0,NULL),
	(89,1,18,49,'2021-03-02 12:32:59','2021-03-02 12:32:59',0,NULL),
	(90,1,17,125,'2021-03-02 12:33:32','2021-03-02 12:33:32',0,NULL),
	(91,1,2,53,'2021-03-02 12:33:38','2021-03-02 12:33:38',0,NULL),
	(92,1,31,22,'2021-03-02 12:33:52','2021-03-02 12:33:52',0,NULL),
	(93,1,17,42,'2021-03-02 12:33:58','2021-03-02 12:33:58',0,NULL),
	(94,1,42,106,'2021-03-02 12:34:06','2021-03-02 12:34:06',0,NULL),
	(95,1,31,21,'2021-03-02 12:34:10','2021-03-02 12:34:10',0,NULL),
	(96,1,38,34,'2021-03-02 12:34:17','2021-03-02 12:34:17',0,NULL),
	(97,1,38,29,'2021-03-02 12:34:23','2021-03-02 12:34:23',0,NULL),
	(98,1,8,58,'2021-03-02 12:34:31','2021-03-02 12:34:31',0,NULL),
	(99,1,20,15,'2021-03-02 12:35:11','2021-03-02 12:35:11',0,NULL),
	(100,1,14,72,'2021-03-02 12:35:15','2021-03-02 12:35:15',0,NULL),
	(101,1,36,18,'2021-03-02 12:35:18','2021-03-02 12:35:18',0,NULL),
	(102,1,42,66,'2021-03-02 12:35:41','2021-03-02 12:35:41',0,NULL),
	(103,1,8,20,'2021-03-02 12:35:49','2021-03-02 12:35:49',0,NULL),
	(104,1,13,96,'2021-03-02 12:35:59','2021-03-02 12:35:59',0,NULL),
	(105,1,12,19,'2021-03-02 12:36:13','2021-03-02 12:36:13',0,NULL),
	(106,1,25,43,'2021-03-02 12:36:34','2021-03-02 12:36:34',0,NULL),
	(107,1,12,103,'2021-03-02 12:37:07','2021-03-02 12:37:07',0,NULL),
	(108,1,12,100,'2021-03-02 12:38:05','2021-03-02 12:38:05',0,NULL),
	(109,1,42,37,'2021-03-02 12:38:29','2021-03-02 12:38:29',0,NULL),
	(110,1,1,69,'2021-03-02 12:38:58','2021-03-02 12:38:58',0,NULL),
	(111,1,25,40,'2021-03-02 12:39:30','2021-03-02 12:39:30',0,NULL),
	(112,1,42,30,'2021-03-02 12:43:42','2021-03-02 12:43:42',0,NULL),
	(113,1,42,56,'2021-03-02 12:43:59','2021-03-02 12:43:59',0,NULL),
	(114,1,42,2,'2021-03-02 12:45:53','2021-03-02 12:45:53',0,NULL),
	(115,1,18,55,'2021-03-02 12:46:01','2021-03-02 12:46:01',0,NULL),
	(116,1,28,9,'2021-03-02 12:50:43','2021-03-02 12:50:43',0,NULL),
	(117,1,31,4,'2021-03-02 12:52:07','2021-03-02 12:52:07',0,NULL),
	(118,1,24,3,'2021-03-02 12:52:23','2021-03-02 12:52:23',0,NULL),
	(119,1,22,102,'2021-03-02 12:53:21','2021-03-02 12:53:21',0,NULL),
	(120,1,36,47,'2021-03-02 12:53:49','2021-03-02 12:53:49',0,NULL),
	(121,1,36,49,'2021-03-02 12:53:58','2021-03-02 12:53:58',0,NULL),
	(122,1,37,118,'2021-03-02 12:54:09','2021-03-02 12:54:09',0,NULL),
	(123,1,36,10,'2021-03-02 12:54:55','2021-03-02 12:54:55',0,NULL),
	(124,1,18,128,'2021-03-02 12:54:56','2021-03-02 12:54:56',0,NULL),
	(125,1,35,201,'2021-03-02 12:55:01','2021-03-02 12:55:01',0,NULL),
	(126,1,35,124,'2021-03-02 12:55:08','2021-03-02 12:55:08',0,NULL),
	(127,1,35,74,'2021-03-02 12:55:17','2021-03-02 12:55:17',0,NULL),
	(128,1,35,25,'2021-03-02 12:55:27','2021-03-02 12:55:27',0,NULL),
	(129,1,7,26,'2021-03-02 12:55:43','2021-03-02 12:55:43',0,NULL),
	(130,1,12,31,'2021-03-02 12:55:48','2021-03-02 12:55:48',0,NULL),
	(131,1,12,59,'2021-03-02 12:55:58','2021-03-02 12:55:58',0,NULL),
	(132,1,31,35,'2021-03-02 12:55:58','2021-03-02 12:55:58',0,NULL),
	(133,1,35,51,'2021-03-02 12:56:14','2021-03-02 12:56:14',0,NULL),
	(134,1,22,74,'2021-03-02 12:56:16','2021-03-02 12:56:16',0,NULL),
	(135,1,9,18,'2021-03-02 12:56:21','2021-03-02 12:56:21',0,NULL),
	(136,1,12,62,'2021-03-02 12:56:26','2021-03-02 12:56:26',0,NULL),
	(137,1,12,63,'2021-03-02 12:56:34','2021-03-02 12:56:34',0,NULL),
	(138,1,28,100,'2021-03-02 12:56:37','2021-03-02 12:56:37',0,NULL),
	(139,1,18,24,'2021-03-02 12:56:39','2021-03-02 12:56:39',0,NULL),
	(140,1,2,103,'2021-03-02 12:56:50','2021-03-02 12:56:50',0,NULL),
	(141,1,20,116,'2021-03-02 12:56:57','2021-03-02 12:56:57',0,NULL),
	(142,1,34,20,'2021-03-02 12:57:01','2021-03-02 12:57:01',0,NULL),
	(143,1,2,52,'2021-03-02 12:57:08','2021-03-02 12:57:08',0,NULL),
	(144,1,21,19,'2021-03-02 12:57:09','2021-03-02 12:57:09',0,NULL),
	(145,1,20,117,'2021-03-02 12:57:10','2021-03-02 12:57:10',0,NULL),
	(146,1,15,34,'2021-03-02 12:57:15','2021-03-02 12:57:15',0,NULL),
	(147,1,34,85,'2021-03-02 12:57:15','2021-03-02 12:57:15',0,NULL),
	(148,1,15,29,'2021-03-02 12:57:22','2021-03-02 12:57:22',0,NULL),
	(149,1,2,69,'2021-03-02 12:57:23','2021-03-02 12:57:23',0,NULL),
	(150,1,20,92,'2021-03-02 12:57:23','2021-03-02 12:57:23',0,NULL),
	(151,1,33,58,'2021-03-02 12:57:39','2021-03-02 12:57:39',0,NULL),
	(152,1,12,26,'2021-03-02 12:57:39','2021-03-02 12:57:39',0,NULL),
	(153,1,28,125,'2021-03-02 12:58:00','2021-03-02 12:58:00',0,NULL),
	(154,1,11,13,'2021-03-02 12:58:00','2021-03-02 12:58:00',0,NULL),
	(155,1,12,87,'2021-03-02 12:58:07','2021-03-02 12:58:07',0,NULL),
	(156,1,22,40,'2021-03-02 12:58:10','2021-03-02 12:58:10',0,NULL),
	(157,1,39,93,'2021-03-02 12:58:17','2021-03-02 12:58:17',0,NULL),
	(158,1,9,53,'2021-03-02 12:58:17','2021-03-02 12:58:17',0,NULL),
	(159,1,41,198,'2021-03-02 12:58:26','2021-03-02 12:58:26',0,NULL),
	(160,1,11,7,'2021-03-02 12:58:43','2021-03-02 12:58:43',0,NULL),
	(161,1,24,43,'2021-03-02 12:58:49','2021-03-02 12:58:49',0,NULL),
	(162,1,33,108,'2021-03-02 12:58:51','2021-03-02 12:58:51',0,NULL),
	(163,1,16,95,'2021-03-02 12:58:56','2021-03-02 12:58:56',0,NULL),
	(164,1,36,44,'2021-03-02 12:58:58','2021-03-02 12:58:58',0,NULL),
	(165,1,40,126,'2021-03-02 12:58:59','2021-03-02 12:58:59',0,NULL),
	(166,1,11,120,'2021-03-02 12:59:02','2021-03-02 12:59:02',0,NULL),
	(167,1,36,91,'2021-03-02 12:59:12','2021-03-02 12:59:12',0,NULL),
	(168,1,1,15,'2021-03-02 12:59:13','2021-03-02 12:59:13',0,NULL),
	(169,1,36,90,'2021-03-02 12:59:27','2021-03-02 12:59:27',0,NULL),
	(170,1,12,30,'2021-03-02 12:59:27','2021-03-02 12:59:27',0,NULL),
	(171,1,25,124,'2021-03-02 12:59:34','2021-03-02 12:59:34',0,NULL),
	(172,1,25,201,'2021-03-02 12:59:42','2021-03-02 12:59:42',0,NULL),
	(173,1,12,199,'2021-03-02 13:00:10','2021-03-02 13:00:10',0,NULL),
	(174,1,7,96,'2021-03-02 13:00:35','2021-03-02 13:00:35',0,NULL),
	(175,1,34,16,'2021-03-02 13:00:40','2021-03-02 13:00:40',0,NULL),
	(176,1,20,108,'2021-03-02 13:00:51','2021-03-02 13:00:51',0,NULL),
	(177,1,17,3,'2021-03-02 13:00:55','2021-03-02 13:00:55',0,NULL),
	(178,1,8,51,'2021-03-02 13:00:59','2021-03-02 13:00:59',0,NULL),
	(179,1,16,25,'2021-03-02 13:01:47','2021-03-02 13:01:47',0,NULL),
	(180,1,26,35,'2021-03-02 13:02:50','2021-03-02 13:02:50',0,NULL),
	(181,1,38,13,'2021-03-02 13:02:52','2021-03-02 13:02:52',0,NULL),
	(182,1,38,200,'2021-03-02 13:03:01','2021-03-02 13:03:01',0,NULL),
	(183,1,8,64,'2021-03-02 13:03:07','2021-03-02 13:03:07',0,NULL),
	(184,1,7,66,'2021-03-02 13:03:27','2021-03-02 13:03:27',0,NULL),
	(185,1,7,106,'2021-03-02 13:03:38','2021-03-02 13:03:38',0,NULL),
	(186,1,4,109,'2021-03-02 13:08:45','2021-03-02 13:08:45',0,NULL),
	(187,1,18,7,'2021-03-02 13:12:25','2021-03-02 13:12:25',0,NULL),
	(188,1,2,120,'2021-03-02 13:12:30','2021-03-02 13:12:30',0,NULL),
	(189,1,2,132,'2021-03-02 13:12:38','2021-03-02 13:12:38',0,NULL),
	(190,1,1,56,'2021-03-02 13:13:56','2021-03-02 13:13:56',0,NULL),
	(191,1,35,54,'2021-03-02 13:17:04','2021-03-02 13:17:04',0,NULL),
	(192,1,35,72,'2021-03-02 13:17:21','2021-03-02 13:17:21',0,NULL),
	(193,1,35,38,'2021-03-02 13:17:50','2021-03-02 13:17:50',0,NULL),
	(194,1,29,132,'2021-03-02 13:18:05','2021-03-02 13:18:05',0,NULL),
	(195,1,35,21,'2021-03-02 13:18:12','2021-03-02 13:18:12',0,NULL),
	(196,1,29,120,'2021-03-02 13:18:12','2021-03-02 13:18:12',0,NULL),
	(197,1,42,202,'2021-03-02 13:18:38','2021-03-02 13:18:38',0,NULL),
	(198,1,25,128,'2021-03-02 13:18:43','2021-03-02 13:18:43',0,NULL),
	(199,1,35,22,'2021-03-02 13:18:44','2021-03-02 13:18:44',0,NULL),
	(200,1,42,24,'2021-03-02 13:18:54','2021-03-02 13:18:54',0,NULL),
	(201,1,14,115,'2021-03-02 13:19:09','2021-03-02 13:19:09',0,NULL),
	(202,1,35,57,'2021-03-02 13:19:11','2021-03-02 13:19:11',0,NULL),
	(203,1,14,121,'2021-03-02 13:19:15','2021-03-02 13:19:15',0,NULL),
	(204,1,35,37,'2021-03-02 13:19:24','2021-03-02 13:19:24',0,NULL),
	(205,1,15,18,'2021-03-02 13:20:30','2021-03-02 13:20:30',0,NULL),
	(206,1,14,38,'2021-03-02 13:20:46','2021-03-02 13:20:46',0,NULL),
	(207,1,14,57,'2021-03-02 13:20:52','2021-03-02 13:20:52',0,NULL),
	(208,1,25,52,'2021-03-02 13:21:00','2021-03-02 13:21:00',0,NULL),
	(209,1,42,87,'2021-03-02 13:21:11','2021-03-02 13:21:11',0,NULL),
	(210,1,1,74,'2021-03-02 13:21:24','2021-03-02 13:21:24',0,NULL),
	(211,1,22,31,'2021-03-02 13:21:26','2021-03-02 13:21:26',0,NULL),
	(212,1,11,48,'2021-03-02 13:21:30','2021-03-02 13:21:30',0,NULL),
	(213,1,1,40,'2021-03-02 13:21:31','2021-03-02 13:21:31',0,NULL),
	(214,1,22,59,'2021-03-02 13:21:32','2021-03-02 13:21:32',0,NULL),
	(215,1,42,21,'2021-03-02 13:21:36','2021-03-02 13:21:36',0,NULL),
	(216,1,1,7,'2021-03-02 13:21:37','2021-03-02 13:21:37',0,NULL),
	(217,1,24,62,'2021-03-02 13:21:47','2021-03-02 13:21:47',0,NULL),
	(218,1,42,15,'2021-03-02 13:21:48','2021-03-02 13:21:48',0,NULL),
	(219,1,20,26,'2021-03-02 13:21:50','2021-03-02 13:21:50',0,NULL),
	(220,1,42,22,'2021-03-02 13:21:55','2021-03-02 13:21:55',0,NULL),
	(221,1,24,63,'2021-03-02 13:21:56','2021-03-02 13:21:56',0,NULL),
	(222,1,12,72,'2021-03-02 13:21:57','2021-03-02 13:21:57',0,NULL),
	(223,1,20,10,'2021-03-02 13:22:03','2021-03-02 13:22:03',0,NULL),
	(224,1,12,69,'2021-03-02 13:22:04','2021-03-02 13:22:04',0,NULL),
	(225,1,9,116,'2021-03-02 13:22:05','2021-03-02 13:22:05',0,NULL),
	(226,1,29,35,'2021-03-02 13:22:10','2021-03-02 13:22:10',0,NULL),
	(227,1,20,53,'2021-03-02 13:22:14','2021-03-02 13:22:14',0,NULL),
	(228,1,31,44,'2021-03-02 13:22:15','2021-03-02 13:22:15',0,NULL),
	(229,1,9,117,'2021-03-02 13:22:16','2021-03-02 13:22:16',0,NULL),
	(230,1,6,100,'2021-03-02 13:22:18','2021-03-02 13:22:18',0,NULL),
	(231,1,9,108,'2021-03-02 13:22:23','2021-03-02 13:22:23',0,NULL),
	(232,1,36,102,'2021-03-02 13:22:36','2021-03-02 13:22:36',0,NULL),
	(233,1,9,9,'2021-03-02 13:22:40','2021-03-02 13:22:40',0,NULL),
	(234,1,28,20,'2021-03-02 13:23:06','2021-03-02 13:23:06',0,NULL),
	(235,1,42,198,'2021-03-02 13:23:08','2021-03-02 13:23:08',0,NULL),
	(236,1,14,19,'2021-03-02 13:23:40','2021-03-02 13:23:40',0,NULL),
	(237,1,10,55,'2021-03-02 13:23:42','2021-03-02 13:23:42',0,NULL),
	(238,1,2,199,'2021-03-02 13:23:43','2021-03-02 13:23:43',0,NULL),
	(239,1,34,51,'2021-03-02 13:23:51','2021-03-02 13:23:51',0,NULL),
	(240,1,12,64,'2021-03-02 13:23:54','2021-03-02 13:23:54',0,NULL),
	(241,1,12,48,'2021-03-02 13:24:01','2021-03-02 13:24:01',0,NULL),
	(242,1,22,124,'2021-03-02 13:24:18','2021-03-02 13:24:18',0,NULL),
	(243,1,22,201,'2021-03-02 13:24:23','2021-03-02 13:24:23',0,NULL),
	(244,1,7,118,'2021-03-02 13:24:26','2021-03-02 13:24:26',0,NULL),
	(245,1,15,126,'2021-03-02 13:24:36','2021-03-02 13:24:36',0,NULL),
	(246,1,41,58,'2021-03-02 13:24:44','2021-03-02 13:24:44',0,NULL),
	(247,1,42,91,'2021-03-02 13:25:24','2021-03-02 13:25:24',0,NULL),
	(248,1,42,90,'2021-03-02 13:25:31','2021-03-02 13:25:31',0,NULL),
	(249,1,31,37,'2021-03-02 13:25:58','2021-03-02 13:25:58',0,NULL),
	(250,1,31,99,'2021-03-02 13:26:15','2021-03-02 13:26:15',0,NULL),
	(251,1,12,109,'2021-03-02 13:26:18','2021-03-02 13:26:18',0,NULL),
	(252,1,37,47,'2021-03-02 13:27:13','2021-03-02 13:27:13',0,NULL),
	(253,1,37,49,'2021-03-02 13:27:21','2021-03-02 13:27:21',0,NULL),
	(254,1,38,103,'2021-03-02 13:27:24','2021-03-02 13:27:24',0,NULL),
	(255,1,7,25,'2021-03-02 13:27:55','2021-03-02 13:27:55',0,NULL),
	(256,1,10,17,'2021-03-02 13:28:22','2021-03-02 13:28:22',0,NULL),
	(257,1,12,13,'2021-03-02 13:28:54','2021-03-02 13:28:54',0,NULL),
	(258,1,21,2,'2021-03-02 13:28:55','2021-03-02 13:28:55',0,NULL),
	(259,1,26,125,'2021-03-02 13:29:31','2021-03-02 13:29:31',0,NULL),
	(260,1,12,2,'2021-03-02 13:30:08','2021-03-02 13:30:08',0,NULL),
	(261,1,18,12,'2021-03-02 13:33:05','2021-03-02 13:33:05',0,NULL),
	(262,1,32,85,'2021-03-02 13:40:59','2021-03-02 13:40:59',0,NULL),
	(263,1,13,200,'2021-03-02 13:41:00','2021-03-02 13:41:00',0,NULL),
	(264,1,28,95,'2021-03-02 13:42:18','2021-03-02 13:42:18',0,NULL),
	(265,1,18,200,'2021-03-02 13:42:45','2021-03-02 13:42:45',0,NULL),
	(266,1,11,106,'2021-03-02 13:43:22','2021-03-02 13:43:22',0,NULL),
	(267,1,11,29,'2021-03-02 13:43:32','2021-03-02 13:43:32',0,NULL),
	(268,1,35,121,'2021-03-02 13:43:32','2021-03-02 13:43:32',0,NULL),
	(269,1,35,115,'2021-03-02 13:43:39','2021-03-02 13:43:39',0,NULL),
	(270,1,9,120,'2021-03-02 13:43:51','2021-03-02 13:43:51',0,NULL),
	(271,1,35,130,'2021-03-02 13:43:58','2021-03-02 13:43:58',0,NULL),
	(272,1,9,132,'2021-03-02 13:44:01','2021-03-02 13:44:01',0,NULL),
	(273,1,35,92,'2021-03-02 13:44:20','2021-03-02 13:44:20',0,NULL),
	(274,1,18,86,'2021-03-02 13:44:21','2021-03-02 13:44:21',0,NULL),
	(275,1,11,34,'2021-03-02 13:44:46','2021-03-02 13:44:46',0,NULL),
	(276,1,24,40,'2021-03-02 13:45:26','2021-03-02 13:45:26',0,NULL),
	(277,1,13,17,'2021-03-02 13:45:45','2021-03-02 13:45:45',0,NULL),
	(278,1,21,116,'2021-03-02 13:46:07','2021-03-02 13:46:07',0,NULL),
	(279,1,34,7,'2021-03-02 13:46:11','2021-03-02 13:46:11',0,NULL),
	(280,1,21,117,'2021-03-02 13:46:21','2021-03-02 13:46:21',0,NULL),
	(281,1,7,128,'2021-03-02 13:46:22','2021-03-02 13:46:22',0,NULL),
	(282,1,2,36,'2021-03-02 13:46:26','2021-03-02 13:46:26',0,NULL),
	(283,1,24,92,'2021-03-02 13:46:32','2021-03-02 13:46:32',0,NULL),
	(284,1,9,121,'2021-03-02 13:46:37','2021-03-02 13:46:37',0,NULL),
	(285,1,27,200,'2021-03-02 13:46:40','2021-03-02 13:46:40',0,NULL),
	(286,1,24,106,'2021-03-02 13:46:40','2021-03-02 13:46:40',0,NULL),
	(287,1,14,35,'2021-03-02 13:46:41','2021-03-02 13:46:41',0,NULL),
	(288,1,21,69,'2021-03-02 13:46:41','2021-03-02 13:46:41',0,NULL),
	(289,1,18,79,'2021-03-02 13:46:43','2021-03-02 13:46:43',0,NULL),
	(290,1,9,115,'2021-03-02 13:46:43','2021-03-02 13:46:43',0,NULL),
	(291,1,14,45,'2021-03-02 13:46:45','2021-03-02 13:46:45',0,NULL),
	(292,1,13,109,'2021-03-02 13:47:07','2021-03-02 13:47:07',0,NULL),
	(293,1,6,20,'2021-03-02 13:47:10','2021-03-02 13:47:10',0,NULL),
	(294,1,8,19,'2021-03-02 13:47:25','2021-03-02 13:47:25',0,NULL),
	(295,1,12,81,'2021-03-02 13:47:27','2021-03-02 13:47:27',0,NULL),
	(296,1,6,42,'2021-03-02 13:47:36','2021-03-02 13:47:36',0,NULL),
	(297,1,39,74,'2021-03-02 13:47:42','2021-03-02 13:47:42',0,NULL),
	(298,1,11,23,'2021-03-02 13:47:45','2021-03-02 13:47:45',0,NULL),
	(299,1,1,95,'2021-03-02 13:47:52','2021-03-02 13:47:52',0,NULL),
	(300,1,36,108,'2021-03-02 13:47:56','2021-03-02 13:47:56',0,NULL),
	(301,1,4,48,'2021-03-02 13:48:03','2021-03-02 13:48:03',0,NULL),
	(302,1,25,12,'2021-03-02 13:48:04','2021-03-02 13:48:04',0,NULL),
	(303,1,33,100,'2021-03-02 13:48:06','2021-03-02 13:48:06',0,NULL),
	(304,1,8,10,'2021-03-02 13:48:27','2021-03-02 13:48:27',0,NULL),
	(305,1,24,64,'2021-03-02 13:48:29','2021-03-02 13:48:29',0,NULL),
	(306,1,9,30,'2021-03-02 13:48:32','2021-03-02 13:48:32',0,NULL),
	(307,1,33,66,'2021-03-02 13:48:33','2021-03-02 13:48:33',0,NULL),
	(308,1,29,58,'2021-03-02 13:48:36','2021-03-02 13:48:36',0,NULL),
	(309,1,2,34,'2021-03-02 13:48:44','2021-03-02 13:48:44',0,NULL),
	(310,1,14,26,'2021-03-02 13:48:51','2021-03-02 13:48:51',0,NULL),
	(311,1,2,29,'2021-03-02 13:48:51','2021-03-02 13:48:51',0,NULL),
	(312,1,18,38,'2021-03-02 13:49:05','2021-03-02 13:49:05',0,NULL),
	(313,1,18,57,'2021-03-02 13:49:10','2021-03-02 13:49:10',0,NULL),
	(314,1,24,102,'2021-03-02 13:49:15','2021-03-02 13:49:15',0,NULL),
	(315,1,2,15,'2021-03-02 13:49:16','2021-03-02 13:49:16',0,NULL),
	(316,1,25,199,'2021-03-02 13:49:16','2021-03-02 13:49:16',0,NULL),
	(317,1,36,24,'2021-03-02 13:49:28','2021-03-02 13:49:28',0,NULL),
	(318,1,2,13,'2021-03-02 13:49:32','2021-03-02 13:49:32',0,NULL),
	(319,1,2,118,'2021-03-02 13:49:48','2021-03-02 13:49:48',0,NULL),
	(320,1,33,91,'2021-03-02 13:49:52','2021-03-02 13:49:52',0,NULL),
	(321,1,32,51,'2021-03-02 13:49:54','2021-03-02 13:49:54',0,NULL),
	(322,1,33,90,'2021-03-02 13:50:01','2021-03-02 13:50:01',0,NULL),
	(323,1,7,62,'2021-03-02 13:50:06','2021-03-02 13:50:06',0,NULL),
	(324,1,7,63,'2021-03-02 13:50:11','2021-03-02 13:50:11',0,NULL),
	(325,1,11,198,'2021-03-02 13:50:12','2021-03-02 13:50:12',0,NULL),
	(326,1,34,23,'2021-03-02 13:50:14','2021-03-02 13:50:14',0,NULL),
	(327,1,7,53,'2021-03-02 13:50:16','2021-03-02 13:50:16',0,NULL),
	(328,1,22,99,'2021-03-02 13:50:52','2021-03-02 13:50:52',0,NULL),
	(329,1,22,130,'2021-03-02 13:50:56','2021-03-02 13:50:56',0,NULL),
	(330,1,34,25,'2021-03-02 13:53:38','2021-03-02 13:53:38',0,NULL),
	(331,1,19,55,'2021-03-02 13:54:06','2021-03-02 13:54:06',0,NULL),
	(332,1,1,18,'2021-03-02 13:54:18','2021-03-02 13:54:18',0,NULL),
	(333,1,26,4,'2021-03-02 14:03:20','2021-03-02 14:03:20',0,NULL),
	(334,1,9,47,'2021-03-02 14:07:23','2021-03-02 14:07:23',0,NULL),
	(335,1,9,49,'2021-03-02 14:07:29','2021-03-02 14:07:29',0,NULL),
	(336,1,35,86,'2021-03-02 14:07:54','2021-03-02 14:07:54',0,NULL),
	(337,1,4,51,'2021-03-02 14:08:23','2021-03-02 14:08:23',0,NULL),
	(338,1,35,85,'2021-03-02 14:08:32','2021-03-02 14:08:32',0,NULL),
	(339,1,36,201,'2021-03-02 14:09:28','2021-03-02 14:09:28',0,NULL),
	(340,1,36,21,'2021-03-02 14:09:42','2021-03-02 14:09:42',0,NULL),
	(341,1,36,22,'2021-03-02 14:09:52','2021-03-02 14:09:52',0,NULL),
	(342,1,25,58,'2021-03-02 14:10:05','2021-03-02 14:10:05',0,NULL),
	(343,1,1,2,'2021-03-02 14:10:14','2021-03-02 14:10:14',0,NULL),
	(344,1,1,96,'2021-03-02 14:10:23','2021-03-02 14:10:23',0,NULL),
	(345,1,32,79,'2021-03-02 14:11:00','2021-03-02 14:11:00',0,NULL),
	(346,1,11,31,'2021-03-02 14:11:02','2021-03-02 14:11:02',0,NULL),
	(347,1,24,86,'2021-03-02 14:11:04','2021-03-02 14:11:04',0,NULL),
	(348,1,11,59,'2021-03-02 14:11:04','2021-03-02 14:11:04',0,NULL),
	(349,1,22,199,'2021-03-02 14:11:09','2021-03-02 14:11:09',0,NULL),
	(350,1,20,18,'2021-03-02 14:11:18','2021-03-02 14:11:18',0,NULL),
	(351,1,24,12,'2021-03-02 14:11:33','2021-03-02 14:11:33',0,NULL),
	(352,1,38,81,'2021-03-02 14:11:50','2021-03-02 14:11:50',0,NULL),
	(353,1,27,59,'2021-03-02 14:12:05','2021-03-02 14:12:05',0,NULL),
	(354,1,33,17,'2021-03-02 14:12:21','2021-03-02 14:12:21',0,NULL),
	(355,1,27,31,'2021-03-02 14:12:31','2021-03-02 14:12:31',0,NULL),
	(356,1,9,19,'2021-03-02 14:12:33','2021-03-02 14:12:33',0,NULL),
	(357,1,39,37,'2021-03-02 14:12:37','2021-03-02 14:12:37',0,NULL),
	(358,1,33,109,'2021-03-02 14:12:38','2021-03-02 14:12:38',0,NULL),
	(359,1,24,36,'2021-03-02 14:12:41','2021-03-02 14:12:41',0,NULL),
	(360,1,38,87,'2021-03-02 14:12:44','2021-03-02 14:12:44',0,NULL),
	(361,1,15,121,'2021-03-02 14:12:50','2021-03-02 14:12:50',0,NULL),
	(362,1,4,200,'2021-03-02 14:12:53','2021-03-02 14:12:53',0,NULL),
	(363,1,37,23,'2021-03-02 14:12:55','2021-03-02 14:12:55',0,NULL),
	(364,1,15,115,'2021-03-02 14:12:58','2021-03-02 14:12:58',0,NULL),
	(365,1,16,117,'2021-03-02 14:13:03','2021-03-02 14:13:03',0,NULL),
	(366,1,16,116,'2021-03-02 14:13:14','2021-03-02 14:13:14',0,NULL),
	(367,1,34,108,'2021-03-02 14:13:37','2021-03-02 14:13:37',0,NULL),
	(368,1,28,42,'2021-03-02 14:13:38','2021-03-02 14:13:38',0,NULL),
	(369,1,12,91,'2021-03-02 14:13:41','2021-03-02 14:13:41',0,NULL),
	(370,1,24,128,'2021-03-02 14:13:45','2021-03-02 14:13:45',0,NULL),
	(371,1,12,90,'2021-03-02 14:13:49','2021-03-02 14:13:49',0,NULL),
	(372,1,25,4,'2021-03-02 14:13:49','2021-03-02 14:13:49',0,NULL),
	(373,1,12,25,'2021-03-02 14:13:58','2021-03-02 14:13:58',0,NULL),
	(374,1,23,52,'2021-03-02 14:14:01','2021-03-02 14:14:01',0,NULL),
	(375,1,33,69,'2021-03-02 14:14:06','2021-03-02 14:14:06',0,NULL),
	(376,1,33,7,'2021-03-02 14:14:07','2021-03-02 14:14:07',0,NULL),
	(377,1,23,202,'2021-03-02 14:14:20','2021-03-02 14:14:20',0,NULL),
	(378,1,22,13,'2021-03-02 14:14:24','2021-03-02 14:14:24',0,NULL),
	(379,1,34,77,'2021-03-02 14:14:29','2021-03-02 14:14:29',0,NULL),
	(380,1,25,102,'2021-03-02 14:14:33','2021-03-02 14:14:33',0,NULL),
	(381,1,7,52,'2021-03-02 14:15:00','2021-03-02 14:15:00',0,NULL),
	(382,1,24,124,'2021-03-02 14:15:31','2021-03-02 14:15:31',0,NULL),
	(383,1,4,40,'2021-03-02 14:15:36','2021-03-02 14:15:36',0,NULL),
	(384,1,24,201,'2021-03-02 14:15:38','2021-03-02 14:15:38',0,NULL),
	(385,1,11,53,'2021-03-02 14:15:43','2021-03-02 14:15:43',0,NULL),
	(386,1,28,74,'2021-03-02 14:15:52','2021-03-02 14:15:52',0,NULL),
	(387,1,1,48,'2021-03-02 14:16:36','2021-03-02 14:16:36',0,NULL),
	(388,1,20,55,'2021-03-02 14:17:23','2021-03-02 14:17:23',0,NULL),
	(389,1,5,34,'2021-03-02 14:27:43','2021-03-02 14:27:43',0,NULL),
	(390,1,5,29,'2021-03-02 14:27:49','2021-03-02 14:27:49',0,NULL),
	(391,1,18,132,'2021-03-02 14:28:58','2021-03-02 14:28:58',0,NULL),
	(392,1,18,120,'2021-03-02 14:29:44','2021-03-02 14:29:44',0,NULL),
	(393,1,2,63,'2021-03-02 14:31:44','2021-03-02 14:31:44',0,NULL),
	(394,1,2,62,'2021-03-02 14:32:18','2021-03-02 14:32:18',0,NULL),
	(395,1,2,130,'2021-03-02 14:32:28','2021-03-02 14:32:28',0,NULL),
	(396,1,35,45,'2021-03-02 14:32:28','2021-03-02 14:32:28',0,NULL),
	(397,1,2,99,'2021-03-02 14:33:01','2021-03-02 14:33:01',0,NULL),
	(398,1,35,118,'2021-03-02 14:33:07','2021-03-02 14:33:07',0,NULL),
	(399,1,2,106,'2021-03-02 14:33:41','2021-03-02 14:33:41',0,NULL),
	(400,1,35,10,'2021-03-02 14:33:56','2021-03-02 14:33:56',0,NULL),
	(401,1,41,132,'2021-03-02 14:34:49','2021-03-02 14:34:49',0,NULL),
	(402,1,42,95,'2021-03-02 14:34:51','2021-03-02 14:34:51',0,NULL),
	(403,1,12,99,'2021-03-02 14:34:56','2021-03-02 14:34:56',0,NULL),
	(404,1,41,120,'2021-03-02 14:35:02','2021-03-02 14:35:02',0,NULL),
	(405,1,12,130,'2021-03-02 14:35:03','2021-03-02 14:35:03',0,NULL),
	(406,1,42,26,'2021-03-02 14:35:13','2021-03-02 14:35:13',0,NULL),
	(407,1,6,51,'2021-03-02 14:35:17','2021-03-02 14:35:17',0,NULL),
	(408,1,12,40,'2021-03-02 14:35:26','2021-03-02 14:35:26',0,NULL),
	(409,1,42,20,'2021-03-02 14:35:27','2021-03-02 14:35:27',0,NULL),
	(410,1,23,19,'2021-03-02 14:35:28','2021-03-02 14:35:28',0,NULL),
	(411,1,1,45,'2021-03-02 14:35:37','2021-03-02 14:35:37',0,NULL),
	(412,1,42,38,'2021-03-02 14:35:37','2021-03-02 14:35:37',0,NULL),
	(413,1,42,57,'2021-03-02 14:35:42','2021-03-02 14:35:42',0,NULL),
	(414,1,42,35,'2021-03-02 14:35:50','2021-03-02 14:35:50',0,NULL),
	(415,1,42,64,'2021-03-02 14:35:57','2021-03-02 14:35:57',0,NULL),
	(416,1,12,86,'2021-03-02 14:36:01','2021-03-02 14:36:01',0,NULL),
	(417,1,37,85,'2021-03-02 14:36:19','2021-03-02 14:36:19',0,NULL),
	(418,1,9,74,'2021-03-02 14:36:33','2021-03-02 14:36:33',0,NULL),
	(419,1,1,36,'2021-03-02 14:36:39','2021-03-02 14:36:39',0,NULL),
	(420,1,9,95,'2021-03-02 14:36:41','2021-03-02 14:36:41',0,NULL),
	(421,1,23,47,'2021-03-02 14:36:45','2021-03-02 14:36:45',0,NULL),
	(422,1,23,49,'2021-03-02 14:36:55','2021-03-02 14:36:55',0,NULL),
	(423,1,5,4,'2021-03-02 14:37:01','2021-03-02 14:37:01',0,NULL),
	(424,1,23,30,'2021-03-02 14:37:05','2021-03-02 14:37:05',0,NULL),
	(425,1,41,15,'2021-03-02 14:37:11','2021-03-02 14:37:11',0,NULL),
	(426,1,7,69,'2021-03-02 14:37:13','2021-03-02 14:37:13',0,NULL),
	(427,1,26,13,'2021-03-02 14:37:14','2021-03-02 14:37:14',0,NULL),
	(428,1,25,118,'2021-03-02 14:37:23','2021-03-02 14:37:23',0,NULL),
	(429,1,33,96,'2021-03-02 14:37:28','2021-03-02 14:37:28',0,NULL),
	(430,1,25,7,'2021-03-02 14:37:32','2021-03-02 14:37:32',0,NULL),
	(431,1,33,26,'2021-03-02 14:37:35','2021-03-02 14:37:35',0,NULL),
	(432,1,1,52,'2021-03-02 14:37:48','2021-03-02 14:37:48',0,NULL),
	(433,1,9,55,'2021-03-02 14:37:59','2021-03-02 14:37:59',0,NULL),
	(434,1,18,199,'2021-03-02 14:38:12','2021-03-02 14:38:12',0,NULL),
	(435,1,27,56,'2021-03-02 14:38:12','2021-03-02 14:38:12',0,NULL),
	(436,1,34,201,'2021-03-02 14:38:20','2021-03-02 14:38:20',0,NULL),
	(437,1,2,66,'2021-03-02 14:38:22','2021-03-02 14:38:22',0,NULL),
	(438,1,41,79,'2021-03-02 14:38:24','2021-03-02 14:38:24',0,NULL),
	(439,1,19,37,'2021-03-02 14:38:31','2021-03-02 14:38:31',0,NULL),
	(440,1,34,124,'2021-03-02 14:38:38','2021-03-02 14:38:38',0,NULL),
	(441,1,33,64,'2021-03-02 14:39:12','2021-03-02 14:39:12',0,NULL),
	(442,1,37,25,'2021-03-02 14:39:19','2021-03-02 14:39:19',0,NULL),
	(443,1,10,198,'2021-03-02 14:39:31','2021-03-02 14:39:31',0,NULL),
	(444,1,7,48,'2021-03-02 14:39:33','2021-03-02 14:39:33',0,NULL),
	(445,1,10,87,'2021-03-02 14:39:37','2021-03-02 14:39:37',0,NULL),
	(446,1,14,109,'2021-03-02 14:39:53','2021-03-02 14:39:53',0,NULL),
	(447,1,5,23,'2021-03-02 14:39:56','2021-03-02 14:39:56',0,NULL),
	(448,1,28,117,'2021-03-02 14:40:24','2021-03-02 14:40:24',0,NULL),
	(449,1,32,202,'2021-03-02 14:40:31','2021-03-02 14:40:31',0,NULL),
	(450,1,28,116,'2021-03-02 14:40:39','2021-03-02 14:40:39',0,NULL),
	(451,1,16,22,'2021-03-02 14:40:44','2021-03-02 14:40:44',0,NULL),
	(452,1,16,21,'2021-03-02 14:40:51','2021-03-02 14:40:51',0,NULL),
	(453,1,22,108,'2021-03-02 14:42:19','2021-03-02 14:42:19',0,NULL),
	(454,1,35,106,'2021-03-02 14:56:41','2021-03-02 14:56:41',0,NULL),
	(455,1,35,128,'2021-03-02 14:56:54','2021-03-02 14:56:54',0,NULL),
	(456,1,10,57,'2021-03-02 14:57:00','2021-03-02 14:57:00',0,NULL),
	(457,1,10,38,'2021-03-02 14:57:04','2021-03-02 14:57:04',0,NULL),
	(458,1,24,198,'2021-03-02 14:58:45','2021-03-02 14:58:45',0,NULL),
	(459,1,24,59,'2021-03-02 14:58:55','2021-03-02 14:58:55',0,NULL),
	(460,1,10,12,'2021-03-02 14:58:58','2021-03-02 14:58:58',0,NULL),
	(461,1,24,31,'2021-03-02 14:59:08','2021-03-02 14:59:08',0,NULL),
	(462,1,20,95,'2021-03-02 14:59:12','2021-03-02 14:59:12',0,NULL),
	(463,1,24,87,'2021-03-02 14:59:23','2021-03-02 14:59:23',0,NULL),
	(464,1,37,63,'2021-03-02 14:59:25','2021-03-02 14:59:25',0,NULL),
	(465,1,10,91,'2021-03-02 14:59:29','2021-03-02 14:59:29',0,NULL),
	(466,1,1,102,'2021-03-02 14:59:33','2021-03-02 14:59:33',0,NULL),
	(467,1,42,18,'2021-03-02 14:59:48','2021-03-02 14:59:48',0,NULL),
	(468,1,10,90,'2021-03-02 15:00:01','2021-03-02 15:00:01',0,NULL),
	(469,1,37,62,'2021-03-02 15:00:06','2021-03-02 15:00:06',0,NULL),
	(470,1,31,58,'2021-03-02 15:00:25','2021-03-02 15:00:25',0,NULL),
	(471,1,28,51,'2021-03-02 15:00:41','2021-03-02 15:00:41',0,NULL),
	(472,1,37,10,'2021-03-02 15:00:56','2021-03-02 15:00:56',0,NULL),
	(473,1,32,2,'2021-03-02 15:00:58','2021-03-02 15:00:58',0,NULL),
	(474,1,29,23,'2021-03-02 15:01:06','2021-03-02 15:01:06',0,NULL),
	(475,1,27,4,'2021-03-02 15:01:08','2021-03-02 15:01:08',0,NULL),
	(476,1,40,53,'2021-03-02 15:01:10','2021-03-02 15:01:10',0,NULL),
	(477,1,40,35,'2021-03-02 15:01:19','2021-03-02 15:01:19',0,NULL),
	(478,1,22,34,'2021-03-02 15:02:01','2021-03-02 15:02:01',0,NULL),
	(479,1,16,79,'2021-03-02 15:02:02','2021-03-02 15:02:02',0,NULL),
	(480,1,22,29,'2021-03-02 15:02:07','2021-03-02 15:02:07',0,NULL),
	(481,1,11,77,'2021-03-02 15:02:31','2021-03-02 15:02:31',0,NULL),
	(482,1,18,117,'2021-03-02 15:02:34','2021-03-02 15:02:34',0,NULL),
	(483,1,18,116,'2021-03-02 15:02:43','2021-03-02 15:02:43',0,NULL),
	(484,1,2,200,'2021-03-02 15:02:51','2021-03-02 15:02:51',0,NULL),
	(485,1,33,118,'2021-03-02 15:03:05','2021-03-02 15:03:05',0,NULL),
	(486,1,29,124,'2021-03-02 15:03:14','2021-03-02 15:03:14',0,NULL),
	(487,1,38,74,'2021-03-02 15:03:15','2021-03-02 15:03:15',0,NULL),
	(488,1,17,36,'2021-03-02 15:03:15','2021-03-02 15:03:15',0,NULL),
	(489,1,29,201,'2021-03-02 15:03:20','2021-03-02 15:03:20',0,NULL),
	(490,1,34,55,'2021-03-02 15:03:32','2021-03-02 15:03:32',0,NULL),
	(491,1,37,106,'2021-03-02 15:03:41','2021-03-02 15:03:41',0,NULL),
	(492,1,28,19,'2021-03-02 15:03:50','2021-03-02 15:03:50',0,NULL),
	(493,1,42,12,'2021-03-02 15:03:58','2021-03-02 15:03:58',0,NULL),
	(494,1,42,58,'2021-03-02 15:04:08','2021-03-02 15:04:08',0,NULL),
	(495,1,34,132,'2021-03-02 15:04:19','2021-03-02 15:04:19',0,NULL),
	(496,1,27,35,'2021-03-02 15:04:25','2021-03-02 15:04:25',0,NULL),
	(497,1,21,53,'2021-03-02 15:04:30','2021-03-02 15:04:30',0,NULL),
	(498,1,9,199,'2021-03-02 15:04:42','2021-03-02 15:04:42',0,NULL),
	(499,1,9,85,'2021-03-02 15:04:49','2021-03-02 15:04:49',0,NULL),
	(500,1,14,77,'2021-03-02 15:05:07','2021-03-02 15:05:07',0,NULL),
	(501,1,13,40,'2021-03-02 15:05:13','2021-03-02 15:05:13',0,NULL),
	(502,1,42,102,'2021-03-02 15:05:17','2021-03-02 15:05:17',0,NULL),
	(503,1,9,26,'2021-03-02 15:05:20','2021-03-02 15:05:20',0,NULL),
	(504,1,29,130,'2021-03-02 15:05:51','2021-03-02 15:05:51',0,NULL),
	(505,1,29,99,'2021-03-02 15:05:58','2021-03-02 15:05:58',0,NULL),
	(506,1,39,42,'2021-03-02 15:05:59','2021-03-02 15:05:59',0,NULL),
	(507,1,34,120,'2021-03-02 15:06:22','2021-03-02 15:06:22',0,NULL),
	(508,1,4,96,'2021-03-02 15:07:21','2021-03-02 15:07:21',0,NULL),
	(509,1,12,36,'2021-03-02 15:22:12','2021-03-02 15:22:12',0,NULL),
	(510,1,35,109,'2021-03-02 15:22:15','2021-03-02 15:22:15',0,NULL),
	(511,1,35,7,'2021-03-02 15:22:26','2021-03-02 15:22:26',0,NULL),
	(512,1,23,91,'2021-03-02 15:22:37','2021-03-02 15:22:37',0,NULL),
	(513,1,12,200,'2021-03-02 15:22:58','2021-03-02 15:22:58',0,NULL),
	(514,1,23,86,'2021-03-02 15:23:01','2021-03-02 15:23:01',0,NULL),
	(515,1,23,90,'2021-03-02 15:23:29','2021-03-02 15:23:29',0,NULL),
	(516,1,10,52,'2021-03-02 15:23:32','2021-03-02 15:23:32',0,NULL),
	(517,1,26,203,'2021-03-02 15:23:46','2021-03-02 15:23:46',0,NULL),
	(518,1,10,128,'2021-03-02 15:24:03','2021-03-02 15:24:03',0,NULL),
	(519,1,12,85,'2021-03-02 15:24:17','2021-03-02 15:24:17',0,NULL),
	(520,1,32,45,'2021-03-02 15:24:34','2021-03-02 15:24:34',0,NULL),
	(521,1,42,13,'2021-03-02 15:25:06','2021-03-02 15:25:06',0,NULL),
	(522,1,1,23,'2021-03-02 15:25:43','2021-03-02 15:25:43',0,NULL),
	(523,1,36,116,'2021-03-02 15:25:50','2021-03-02 15:25:50',0,NULL),
	(524,1,38,102,'2021-03-02 15:25:53','2021-03-02 15:25:53',0,NULL),
	(525,1,21,66,'2021-03-02 15:25:55','2021-03-02 15:25:55',0,NULL),
	(526,1,2,128,'2021-03-02 15:25:56','2021-03-02 15:25:56',0,NULL),
	(527,1,18,26,'2021-03-02 15:26:02','2021-03-02 15:26:02',0,NULL),
	(528,1,36,117,'2021-03-02 15:26:08','2021-03-02 15:26:08',0,NULL),
	(529,1,27,42,'2021-03-02 15:26:08','2021-03-02 15:26:08',0,NULL),
	(530,1,9,90,'2021-03-02 15:26:10','2021-03-02 15:26:10',0,NULL),
	(531,1,9,91,'2021-03-02 15:26:19','2021-03-02 15:26:19',0,NULL),
	(532,1,11,45,'2021-03-02 15:26:23','2021-03-02 15:26:23',0,NULL),
	(533,1,36,15,'2021-03-02 15:26:26','2021-03-02 15:26:26',0,NULL),
	(534,1,29,74,'2021-03-02 15:26:33','2021-03-02 15:26:33',0,NULL),
	(535,1,29,37,'2021-03-02 15:26:40','2021-03-02 15:26:40',0,NULL),
	(536,1,4,56,'2021-03-02 15:26:41','2021-03-02 15:26:41',0,NULL),
	(537,1,25,108,'2021-03-02 15:26:45','2021-03-02 15:26:45',0,NULL),
	(538,1,6,58,'2021-03-02 15:26:48','2021-03-02 15:26:48',0,NULL),
	(539,1,40,20,'2021-03-02 15:26:53','2021-03-02 15:26:53',0,NULL),
	(540,1,24,7,'2021-03-02 15:26:56','2021-03-02 15:26:56',0,NULL),
	(541,1,40,18,'2021-03-02 15:27:00','2021-03-02 15:27:00',0,NULL),
	(542,1,33,24,'2021-03-02 15:27:06','2021-03-02 15:27:06',0,NULL),
	(543,1,40,4,'2021-03-02 15:27:13','2021-03-02 15:27:13',0,NULL),
	(544,1,7,86,'2021-03-02 15:27:15','2021-03-02 15:27:15',0,NULL),
	(545,1,31,106,'2021-03-02 15:27:30','2021-03-02 15:27:30',0,NULL),
	(546,1,9,79,'2021-03-02 15:27:38','2021-03-02 15:27:38',0,NULL),
	(547,1,29,13,'2021-03-02 15:27:56','2021-03-02 15:27:56',0,NULL),
	(548,1,24,21,'2021-03-02 15:27:57','2021-03-02 15:27:57',0,NULL),
	(549,1,24,22,'2021-03-02 15:28:09','2021-03-02 15:28:09',0,NULL),
	(550,1,36,55,'2021-03-02 15:28:17','2021-03-02 15:28:17',0,NULL),
	(551,1,39,52,'2021-03-02 15:28:46','2021-03-02 15:28:46',0,NULL),
	(552,1,17,96,'2021-03-02 15:28:57','2021-03-02 15:28:57',0,NULL),
	(553,1,23,79,'2021-03-02 15:29:03','2021-03-02 15:29:03',0,NULL),
	(554,1,34,118,'2021-03-02 15:29:28','2021-03-02 15:29:28',0,NULL),
	(555,1,39,51,'2021-03-02 15:29:32','2021-03-02 15:29:32',0,NULL),
	(556,1,19,95,'2021-03-02 15:30:00','2021-03-02 15:30:00',0,NULL),
	(557,1,1,35,'2021-03-02 15:30:37','2021-03-02 15:30:37',0,NULL),
	(558,1,32,19,'2021-03-02 15:30:39','2021-03-02 15:30:39',0,NULL),
	(559,1,1,203,'2021-03-02 15:31:59','2021-03-02 15:31:59',0,NULL),
	(560,1,15,130,'2021-03-02 15:33:21','2021-03-02 15:33:21',0,NULL),
	(561,1,15,99,'2021-03-02 15:33:32','2021-03-02 15:33:32',0,NULL),
	(562,1,37,26,'2021-03-02 15:44:27','2021-03-02 15:44:27',0,NULL),
	(563,1,21,201,'2021-03-02 15:46:26','2021-03-02 15:46:26',0,NULL),
	(564,1,21,124,'2021-03-02 15:46:32','2021-03-02 15:46:32',0,NULL),
	(565,1,35,87,'2021-03-02 15:47:49','2021-03-02 15:47:49',0,NULL),
	(566,1,35,77,'2021-03-02 15:48:09','2021-03-02 15:48:09',0,NULL),
	(567,1,41,96,'2021-03-02 15:49:54','2021-03-02 15:49:54',0,NULL),
	(568,1,10,64,'2021-03-02 15:50:19','2021-03-02 15:50:19',0,NULL),
	(569,1,27,2,'2021-03-02 15:50:58','2021-03-02 15:50:58',0,NULL),
	(570,1,19,74,'2021-03-02 15:51:02','2021-03-02 15:51:02',0,NULL),
	(571,1,10,109,'2021-03-02 15:51:26','2021-03-02 15:51:26',0,NULL),
	(572,1,25,36,'2021-03-02 15:51:36','2021-03-02 15:51:36',0,NULL),
	(573,1,8,79,'2021-03-02 15:52:08','2021-03-02 15:52:08',0,NULL),
	(574,1,5,19,'2021-03-02 15:52:41','2021-03-02 15:52:41',0,NULL),
	(575,1,37,64,'2021-03-02 15:53:28','2021-03-02 15:53:28',0,NULL),
	(576,1,22,117,'2021-03-02 15:53:29','2021-03-02 15:53:29',0,NULL),
	(577,1,42,201,'2021-03-02 15:53:32','2021-03-02 15:53:32',0,NULL),
	(578,1,22,116,'2021-03-02 15:53:38','2021-03-02 15:53:38',0,NULL),
	(579,1,36,4,'2021-03-02 15:53:39','2021-03-02 15:53:39',0,NULL),
	(580,1,19,109,'2021-03-02 15:53:39','2021-03-02 15:53:39',0,NULL),
	(581,1,23,55,'2021-03-02 15:53:52','2021-03-02 15:53:52',0,NULL),
	(582,1,42,7,'2021-03-02 15:54:39','2021-03-02 15:54:39',0,NULL),
	(583,1,8,118,'2021-03-02 15:54:46','2021-03-02 15:54:46',0,NULL),
	(584,1,13,45,'2021-03-02 15:55:01','2021-03-02 15:55:01',0,NULL),
	(585,1,5,13,'2021-03-02 15:55:13','2021-03-02 15:55:13',0,NULL),
	(586,1,15,45,'2021-03-02 15:55:45','2021-03-02 15:55:45',0,NULL),
	(587,1,18,124,'2021-03-02 15:55:52','2021-03-02 15:55:52',0,NULL),
	(588,1,22,106,'2021-03-02 15:57:02','2021-03-02 15:57:02',0,NULL),
	(589,1,2,2,'2021-03-02 16:02:33','2021-03-02 16:02:33',0,NULL),
	(590,1,5,42,'2021-03-02 16:11:49','2021-03-02 16:11:49',0,NULL),
	(591,1,35,95,'2021-03-02 16:12:34','2021-03-02 16:12:34',0,NULL),
	(592,1,35,23,'2021-03-02 16:14:00','2021-03-02 16:14:00',0,NULL),
	(593,1,35,203,'2021-03-02 16:14:09','2021-03-02 16:14:09',0,NULL),
	(594,1,11,130,'2021-03-02 16:14:52','2021-03-02 16:14:52',0,NULL),
	(595,1,47,99,'2021-03-02 16:15:44','2021-03-02 16:15:44',0,NULL),
	(596,2,48,23,'2021-03-02 16:16:01','2021-03-02 16:16:01',0,NULL),
	(597,2,47,208,'2022-03-02 22:57:25','2022-03-02 22:57:25',0,NULL);

/*!40000 ALTER TABLE `visit` ENABLE KEYS */;
UNLOCK TABLES;



/*!40111 SET SQL_NOTES=@OLD_SQL_NOTES */;
/*!40101 SET SQL_MODE=@OLD_SQL_MODE */;
/*!40014 SET FOREIGN_KEY_CHECKS=@OLD_FOREIGN_KEY_CHECKS */;
/*!40101 SET CHARACTER_SET_CLIENT=@OLD_CHARACTER_SET_CLIENT */;
/*!40101 SET CHARACTER_SET_RESULTS=@OLD_CHARACTER_SET_RESULTS */;
/*!40101 SET COLLATION_CONNECTION=@OLD_COLLATION_CONNECTION */;
